Lead_ID,Lead_Source,Industry,Company_Size,Budget,Interaction_Count,Response_Time,Location,Engagement_Score,Previous_Contact_History,Conversion_Probability_True,Conversion_Status,Lead_Value_Score,Interaction_Velocity,Engagement_Per_Interaction,High_Intent_Lead
LEAD0001,Email,Finance,Small,28200.0,2,1.3,Europe,36,0,0.1422,1,10152.0,0.8695652173913044,12.0,0
LEAD0002,Referral,Finance,Small,6100.0,5,22.0,Asia-Pacific,96,1,0.9614,1,5856.0,0.21739130434782608,16.0,0
LEAD0003,Cold Call,Education,Small,10500.0,3,8.2,Europe,61,0,0.0891,0,6405.0,0.32608695652173914,15.25,0
LEAD0004,Email,Finance,Medium,23800.0,5,33.7,North America,62,0,0.4716,0,14756.0,0.1440922190201729,10.333333333333334,0
LEAD0005,Website,Education,Small,15200.0,7,7.5,North America,74,2,0.7441,1,11248.0,0.8235294117647058,9.25,0
LEAD0006,Website,Tech,Large,28800.0,7,31.4,North America,45,0,0.4742,0,12960.0,0.2160493827160494,5.625,0
LEAD0007,Website,Retail,Small,67000.0,8,3.4,North America,79,1,0.9327,1,52930.0,1.8181818181818181,8.777777777777779,0
LEAD0008,LinkedIn,Education,Medium,4500.0,7,11.6,Europe,25,0,0.2137,1,1125.0,0.5555555555555556,3.125,0
LEAD0009,Cold Call,Tech,Medium,26700.0,3,48.0,Europe,43,1,0.0376,0,11481.0,0.061224489795918366,10.75,0
LEAD0010,Cold Call,Finance,Medium,7200.0,7,5.8,North America,39,0,0.2444,1,2808.0,1.0294117647058825,4.875,0
LEAD0011,Website,Tech,Large,12700.0,6,0.1,North America,17,1,0.7299,1,2159.0,5.454545454545454,2.4285714285714284,0
LEAD0012,Referral,Retail,Medium,2700.0,4,0.9,North America,44,0,0.7724,1,1188.0,2.1052631578947367,8.8,0
LEAD0013,LinkedIn,Healthcare,Large,4900.0,7,23.6,Middle East,54,2,0.6546,1,2646.0,0.2845528455284553,6.75,0
LEAD0014,Website,Healthcare,Small,9700.0,7,8.2,Europe,33,0,0.4202,1,3201.0,0.7608695652173914,4.125,0
LEAD0015,Website,Tech,Medium,10400.0,12,9.3,South America,30,0,0.5019,1,3120.0,1.1650485436893203,2.3076923076923075,0
LEAD0016,Website,Tech,Small,48000.0,6,19.4,Asia-Pacific,56,1,0.6114,1,26880.0,0.29411764705882354,8.0,0
LEAD0017,Website,Tech,Small,29100.0,8,20.1,Europe,53,1,0.5992,0,15423.0,0.3791469194312796,5.888888888888889,0
LEAD0018,Email,Finance,Small,73600.0,6,7.9,Asia-Pacific,50,2,0.7361,0,36800.0,0.6741573033707865,7.142857142857143,0
LEAD0019,Email,Healthcare,Small,20300.0,5,23.5,North America,30,0,0.092,0,6090.0,0.20408163265306123,5.0,0
LEAD0020,Website,Education,Small,7500.0,2,7.7,Asia-Pacific,47,0,0.1613,0,3525.0,0.2298850574712644,15.666666666666666,0
LEAD0021,Cold Call,Retail,Small,9900.0,8,13.6,North America,42,1,0.1658,0,4158.0,0.547945205479452,4.666666666666667,0
LEAD0022,Website,Finance,Small,9700.0,6,0.5,Asia-Pacific,57,2,0.8922,1,5529.0,4.0,8.142857142857142,0
LEAD0023,Website,Manufacturing,Large,9900.0,5,1.9,North America,44,1,0.6061,0,4356.0,1.7241379310344829,7.333333333333333,0
LEAD0024,Email,Retail,Small,24400.0,7,23.0,Asia-Pacific,54,1,0.6008,1,13176.0,0.2916666666666667,6.75,0
LEAD0025,Email,Manufacturing,Medium,17100.0,2,4.6,North America,29,1,0.1108,0,4959.0,0.35714285714285715,9.666666666666666,0
LEAD0026,LinkedIn,Healthcare,Small,11700.0,4,5.0,South America,27,2,0.2551,1,3159.0,0.6666666666666666,5.4,0
LEAD0027,Website,Tech,Large,5200.0,6,13.2,North America,66,2,0.7782,1,3432.0,0.4225352112676057,9.428571428571429,0
LEAD0028,Email,Tech,Large,2400.0,9,10.9,Asia-Pacific,70,2,0.7222,1,1680.0,0.7563025210084033,7.0,0
LEAD0029,Email,Retail,Medium,6900.0,6,1.1,Europe,47,0,0.4181,0,3243.0,2.857142857142857,6.714285714285714,0
LEAD0030,Website,Tech,Medium,4300.0,3,17.5,North America,56,0,0.4223,1,2408.0,0.16216216216216217,14.0,0
LEAD0031,Cold Call,Finance,Small,32800.0,12,11.6,Europe,46,0,0.1292,0,15088.0,0.9523809523809524,3.5384615384615383,0
LEAD0032,Website,Healthcare,Large,4400.0,9,23.3,Middle East,77,2,0.8482,1,3388.0,0.37037037037037035,7.7,0
LEAD0033,Website,Healthcare,Large,27800.0,4,9.3,North America,51,1,0.8335,1,14178.0,0.3883495145631068,10.2,0
LEAD0034,Referral,Healthcare,Large,11700.0,8,6.5,South America,45,1,0.8589,1,5265.0,1.0666666666666667,5.0,0
LEAD0035,Referral,Tech,Medium,3500.0,6,5.7,Europe,74,0,0.8442,0,2590.0,0.8955223880597015,10.571428571428571,0
LEAD0036,LinkedIn,Finance,Small,35500.0,4,0.2,Asia-Pacific,40,0,0.5166,0,14200.0,3.3333333333333335,8.0,0
LEAD0037,Website,Healthcare,Large,19300.0,11,0.6,North America,58,1,0.9027,1,11194.0,6.875,4.833333333333333,0
LEAD0038,Website,Manufacturing,Small,7400.0,7,1.8,Europe,34,0,0.5049,0,2516.0,2.5,4.25,0
LEAD0039,Cold Call,Retail,Medium,47000.0,8,31.9,South America,68,1,0.3184,0,31960.0,0.24316109422492402,7.555555555555555,0
LEAD0040,Email,Manufacturing,Small,2900.0,3,25.6,Europe,71,1,0.207,0,2059.0,0.11278195488721804,17.75,0
LEAD0041,Website,Retail,Large,6500.0,5,8.4,Europe,29,0,0.243,0,1885.0,0.5319148936170213,4.833333333333333,0
LEAD0042,Email,Healthcare,Small,29900.0,9,2.5,North America,26,2,0.4363,1,7774.0,2.5714285714285716,2.6,0
LEAD0043,Website,Tech,Small,26700.0,7,2.0,North America,61,0,0.7594,1,16287.0,2.3333333333333335,7.625,0
LEAD0044,LinkedIn,Retail,Medium,8800.0,5,3.7,Europe,94,2,0.8974,1,8272.0,1.0638297872340425,15.666666666666666,0
LEAD0045,Website,Healthcare,Medium,3300.0,8,28.8,Asia-Pacific,73,1,0.7175,0,2409.0,0.2684563758389262,8.11111111111111,0
LEAD0046,Cold Call,Healthcare,Medium,41000.0,6,8.9,Europe,51,0,0.1249,0,20910.0,0.6060606060606061,7.285714285714286,0
LEAD0047,Website,Finance,Small,9500.0,6,19.7,North America,38,1,0.4113,1,3610.0,0.2898550724637681,5.428571428571429,0
LEAD0048,Email,Healthcare,Small,6400.0,5,8.6,Europe,31,1,0.2465,0,1984.0,0.5208333333333334,5.166666666666667,0
LEAD0049,Email,Finance,Medium,16500.0,8,11.4,North America,69,1,0.6881,1,11385.0,0.6451612903225806,7.666666666666667,0
LEAD0050,Website,Healthcare,Large,50200.0,8,11.4,Europe,73,1,0.918,1,36646.0,0.6451612903225806,8.11111111111111,0
LEAD0051,Referral,Tech,Medium,2900.0,6,0.5,South America,42,1,0.905,1,1218.0,4.0,6.0,0
LEAD0052,LinkedIn,Education,Small,31000.0,3,7.2,Asia-Pacific,50,2,0.2321,0,15500.0,0.3658536585365854,12.5,0
LEAD0053,Referral,Tech,Large,19000.0,6,24.0,North America,56,0,0.7625,0,10640.0,0.24,8.0,0
LEAD0054,LinkedIn,Tech,Small,13100.0,2,8.2,South America,91,0,0.6106,1,11921.0,0.2173913043478261,30.333333333333332,0
LEAD0055,Email,Finance,Medium,29300.0,4,7.0,Europe,56,0,0.3147,0,16408.0,0.5,11.2,0
LEAD0056,LinkedIn,Retail,Small,69500.0,12,9.1,Asia-Pacific,35,2,0.407,1,24325.0,1.188118811881188,2.6923076923076925,0
LEAD0057,Website,Finance,Small,7200.0,5,5.9,North America,32,1,0.3523,0,2304.0,0.7246376811594203,5.333333333333333,0
LEAD0058,Website,Tech,Medium,5100.0,7,8.8,Asia-Pacific,37,0,0.4321,0,1887.0,0.7142857142857142,4.625,0
LEAD0059,Website,Healthcare,Medium,50800.0,6,1.8,North America,80,0,0.8466,1,40640.0,2.142857142857143,11.428571428571429,1
LEAD0060,Website,Finance,Small,24100.0,12,41.4,Europe,65,1,0.6213,1,15665.0,0.2830188679245283,5.0,0
LEAD0061,Email,Manufacturing,Small,13500.0,6,0.5,North America,48,1,0.7109,1,6480.0,4.0,6.857142857142857,0
LEAD0062,Website,Manufacturing,Small,19000.0,8,8.0,North America,1,1,0.1279,0,190.0,0.8888888888888888,0.1111111111111111,0
LEAD0063,LinkedIn,Healthcare,Medium,29400.0,7,2.9,North America,38,2,0.4154,1,11172.0,1.794871794871795,4.75,0
LEAD0064,Email,Finance,Small,31700.0,7,0.8,North America,62,1,0.8441,1,19654.0,3.888888888888889,7.75,0
LEAD0065,Website,Retail,Small,52500.0,8,12.8,North America,62,0,0.59,1,32550.0,0.5797101449275363,6.888888888888889,0
LEAD0066,Email,Tech,Medium,13100.0,7,48.0,Asia-Pacific,62,1,0.3916,1,8122.0,0.14285714285714285,7.75,0
LEAD0067,Website,Finance,Medium,8900.0,6,16.7,North America,28,1,0.4203,1,2492.0,0.33898305084745767,4.0,0
LEAD0068,LinkedIn,Finance,Medium,22400.0,3,3.6,Europe,59,1,0.6236,1,13216.0,0.6521739130434783,14.75,0
LEAD0069,Website,Manufacturing,Medium,12700.0,4,8.3,North America,35,1,0.5551,0,4445.0,0.4301075268817204,7.0,0
LEAD0070,Referral,Tech,Large,20100.0,3,0.7,Middle East,55,1,0.8987,1,11055.0,1.7647058823529411,13.75,0
LEAD0071,LinkedIn,Healthcare,Large,12900.0,5,9.2,Middle East,40,0,0.4613,0,5160.0,0.4901960784313726,6.666666666666667,0
LEAD0072,Website,Retail,Medium,5300.0,7,1.4,North America,76,2,0.7573,1,4028.0,2.916666666666667,9.5,1
LEAD0073,Website,Finance,Medium,14700.0,3,19.1,Europe,62,0,0.4999,0,9114.0,0.14925373134328357,15.5,0
LEAD0074,LinkedIn,Tech,Small,25500.0,7,0.8,North America,52,1,0.7688,0,13260.0,3.888888888888889,6.5,0
LEAD0075,Cold Call,Manufacturing,Large,34100.0,7,0.2,Middle East,83,0,0.9529,1,28303.0,5.833333333333334,10.375,1
LEAD0076,Cold Call,Healthcare,Small,15600.0,8,23.8,Europe,48,0,0.2093,0,7488.0,0.3225806451612903,5.333333333333333,0
LEAD0077,LinkedIn,Healthcare,Small,5600.0,6,34.4,North America,27,2,0.1666,0,1512.0,0.16949152542372883,3.857142857142857,0
LEAD0078,Website,Tech,Small,12700.0,3,1.2,North America,76,0,0.7188,0,9652.0,1.3636363636363635,19.0,1
LEAD0079,Email,Finance,Small,32900.0,3,4.0,North America,60,0,0.3628,0,19740.0,0.6,15.0,0
LEAD0080,Website,Finance,Large,12600.0,8,16.3,North America,49,0,0.7343,1,6174.0,0.4624277456647399,5.444444444444445,0
LEAD0081,LinkedIn,Tech,Medium,25800.0,4,9.4,Asia-Pacific,42,1,0.7824,1,10836.0,0.3846153846153846,8.4,0
LEAD0082,Cold Call,Tech,Medium,16200.0,9,35.9,Europe,65,1,0.324,0,10530.0,0.24390243902439027,6.5,0
LEAD0083,Website,Education,Medium,7500.0,4,6.0,North America,71,0,0.3777,1,5325.0,0.5714285714285714,14.2,0
LEAD0084,Website,Tech,Small,33800.0,4,0.1,North America,40,1,0.6671,1,13520.0,3.6363636363636362,8.0,0
LEAD0085,Website,Tech,Small,3800.0,7,0.3,North America,66,2,0.9161,1,2508.0,5.384615384615384,8.25,0
LEAD0086,Website,Healthcare,Medium,16900.0,7,10.1,North America,60,0,0.5976,1,10140.0,0.6306306306306306,7.5,0
LEAD0087,Cold Call,Retail,Medium,6700.0,5,16.8,Asia-Pacific,38,1,0.3589,1,2546.0,0.28089887640449435,6.333333333333333,0
LEAD0088,Cold Call,Tech,Small,3400.0,6,18.9,North America,55,1,0.3121,1,1870.0,0.30150753768844224,7.857142857142857,0
LEAD0089,LinkedIn,Healthcare,Medium,16000.0,8,29.2,Europe,44,0,0.3032,0,7040.0,0.26490066225165565,4.888888888888889,0
LEAD0090,Email,Tech,Small,15800.0,6,3.2,North America,80,1,0.7771,1,12640.0,1.4285714285714286,11.428571428571429,0
LEAD0091,Website,Tech,Small,26500.0,6,16.2,North America,42,0,0.3938,0,11130.0,0.3488372093023256,6.0,0
LEAD0092,Cold Call,Tech,Small,29300.0,6,21.2,Europe,85,1,0.3841,0,24905.0,0.2702702702702703,12.142857142857142,0
LEAD0093,LinkedIn,Education,Small,28000.0,5,21.8,Europe,58,0,0.4486,1,16240.0,0.21929824561403508,9.666666666666666,0
LEAD0094,Email,Tech,Medium,12500.0,7,6.5,Europe,20,1,0.3038,1,2500.0,0.9333333333333333,2.5,0
LEAD0095,LinkedIn,Tech,Medium,22000.0,3,11.9,Europe,12,0,0.0602,0,2640.0,0.23255813953488372,3.0,0
LEAD0096,Email,Finance,Small,19200.0,5,9.7,Europe,51,2,0.2739,0,9792.0,0.4672897196261683,8.5,0
LEAD0097,Email,Education,Medium,12900.0,6,11.0,North America,82,1,0.595,1,10578.0,0.5,11.714285714285714,0
LEAD0098,Email,Tech,Medium,20200.0,8,4.1,Europe,80,1,0.8994,1,16160.0,1.5686274509803924,8.88888888888889,0
LEAD0099,Website,Finance,Small,60800.0,4,13.9,Asia-Pacific,58,2,0.7622,1,35264.0,0.2684563758389262,11.6,0
LEAD0100,Website,Tech,Small,6300.0,10,15.0,North America,40,0,0.4842,1,2520.0,0.625,3.6363636363636362,0
LEAD0101,Website,Finance,Large,49200.0,3,2.7,Europe,47,2,0.7885,1,23124.0,0.8108108108108107,11.75,0
LEAD0102,Cold Call,Healthcare,Medium,3100.0,4,7.1,North America,59,1,0.1775,1,1829.0,0.4938271604938272,11.8,0
LEAD0103,Website,Healthcare,Large,9400.0,7,6.7,North America,77,0,0.7934,0,7238.0,0.9090909090909091,9.625,0
LEAD0104,Email,Finance,Small,8800.0,6,16.7,Europe,66,0,0.5225,0,5808.0,0.33898305084745767,9.428571428571429,0
LEAD0105,LinkedIn,Finance,Medium,21700.0,8,13.3,South America,74,1,0.8975,1,16058.0,0.5594405594405594,8.222222222222221,0
LEAD0106,Website,Tech,Small,4800.0,3,7.9,South America,68,1,0.5558,1,3264.0,0.33707865168539325,17.0,0
LEAD0107,Email,Finance,Small,44800.0,9,12.8,North America,74,1,0.82,1,33152.0,0.6521739130434783,7.4,0
LEAD0108,LinkedIn,Tech,Medium,37300.0,8,3.8,Europe,10,2,0.6665,1,3730.0,1.6666666666666667,1.1111111111111112,0
LEAD0109,Website,Retail,Small,23100.0,3,3.3,Europe,37,2,0.3984,1,8547.0,0.6976744186046512,9.25,0
LEAD0110,Website,Manufacturing,Small,14300.0,7,3.4,North America,33,0,0.2958,1,4719.0,1.5909090909090908,4.125,0
LEAD0111,Website,Manufacturing,Small,56000.0,4,0.5,Asia-Pacific,31,0,0.5386,0,17360.0,2.6666666666666665,6.2,0
LEAD0112,Website,Education,Small,37500.0,5,14.2,Asia-Pacific,55,2,0.3513,0,20625.0,0.32894736842105265,9.166666666666666,0
LEAD0113,LinkedIn,Healthcare,Medium,15800.0,6,48.0,South America,26,1,0.2969,1,4108.0,0.12244897959183673,3.7142857142857144,0
LEAD0114,LinkedIn,Retail,Small,26200.0,5,4.5,North America,36,1,0.4787,1,9432.0,0.9090909090909091,6.0,0
LEAD0115,Cold Call,Tech,Small,18700.0,7,32.0,North America,53,0,0.0758,0,9911.0,0.21212121212121213,6.625,0
LEAD0116,LinkedIn,Healthcare,Small,19700.0,6,11.3,Asia-Pacific,23,1,0.2291,0,4531.0,0.4878048780487805,3.2857142857142856,0
LEAD0117,LinkedIn,Finance,Small,10000.0,7,3.2,Asia-Pacific,45,1,0.4086,1,4500.0,1.6666666666666665,5.625,0
LEAD0118,Website,Finance,Medium,14400.0,4,0.2,South America,68,0,0.8908,1,9792.0,3.3333333333333335,13.6,0
LEAD0119,LinkedIn,Retail,Small,3600.0,5,15.5,North America,30,1,0.1708,0,1080.0,0.30303030303030304,5.0,0
LEAD0120,Email,Tech,Medium,10800.0,4,14.4,Europe,71,0,0.4995,1,7668.0,0.2597402597402597,14.2,0
LEAD0121,LinkedIn,Finance,Small,25800.0,5,3.2,Europe,39,1,0.5826,1,10062.0,1.1904761904761905,6.5,0
LEAD0122,LinkedIn,Manufacturing,Small,63200.0,5,5.0,North America,60,0,0.7285,1,37920.0,0.8333333333333334,10.0,0
LEAD0123,Website,Tech,Large,68000.0,6,27.5,Europe,33,0,0.4578,0,22440.0,0.21052631578947367,4.714285714285714,0
LEAD0124,Website,Finance,Medium,18200.0,5,2.2,Europe,64,1,0.8482,1,11648.0,1.5625,10.666666666666666,0
LEAD0125,Website,Manufacturing,Small,20700.0,7,21.8,North America,49,0,0.4218,1,10143.0,0.30701754385964913,6.125,0
LEAD0126,Email,Healthcare,Medium,6100.0,6,2.3,North America,64,0,0.816,1,3904.0,1.8181818181818183,9.142857142857142,0
LEAD0127,LinkedIn,Healthcare,Small,25800.0,8,8.0,Europe,44,0,0.6133,1,11352.0,0.8888888888888888,4.888888888888889,0
LEAD0128,LinkedIn,Tech,Medium,3500.0,6,8.4,Europe,66,1,0.6765,0,2310.0,0.6382978723404255,9.428571428571429,0
LEAD0129,Website,Finance,Medium,8700.0,6,7.8,South America,72,0,0.7775,1,6264.0,0.6818181818181818,10.285714285714286,0
LEAD0130,Email,Education,Medium,24100.0,7,4.2,North America,57,0,0.2898,1,13737.0,1.346153846153846,7.125,0
LEAD0131,Email,Healthcare,Large,9400.0,4,3.6,North America,45,2,0.6389,1,4230.0,0.8695652173913044,9.0,0
LEAD0132,Website,Healthcare,Small,3000.0,8,16.0,Middle East,50,0,0.5756,0,1500.0,0.47058823529411764,5.555555555555555,0
LEAD0133,Website,Tech,Medium,37700.0,7,4.0,South America,30,0,0.692,1,11310.0,1.4,3.75,0
LEAD0134,Website,Tech,Small,9400.0,8,11.4,North America,59,0,0.5942,1,5546.0,0.6451612903225806,6.555555555555555,0
LEAD0135,Referral,Manufacturing,Small,3300.0,8,22.6,Asia-Pacific,67,2,0.901,1,2211.0,0.3389830508474576,7.444444444444445,0
LEAD0136,Website,Finance,Small,3600.0,6,21.9,North America,86,1,0.8175,1,3096.0,0.26200873362445415,12.285714285714286,0
LEAD0137,Email,Healthcare,Small,7800.0,6,2.3,North America,81,0,0.7083,1,6318.0,1.8181818181818183,11.571428571428571,0
LEAD0138,Cold Call,Tech,Medium,5900.0,6,12.9,North America,35,1,0.3515,0,2065.0,0.4316546762589928,5.0,0
LEAD0139,Email,Retail,Medium,31800.0,8,11.2,North America,59,1,0.6269,1,18762.0,0.6557377049180328,6.555555555555555,0
LEAD0140,Referral,Manufacturing,Medium,9800.0,4,4.1,Asia-Pacific,52,2,0.6895,1,5096.0,0.7843137254901962,10.4,0
LEAD0141,Referral,Healthcare,Small,34700.0,7,6.1,Asia-Pacific,79,1,0.8903,1,27413.0,0.9859154929577465,9.875,0
LEAD0142,Website,Tech,Small,5800.0,7,4.1,Middle East,41,0,0.4482,1,2378.0,1.3725490196078431,5.125,0
LEAD0143,Email,Healthcare,Large,15600.0,4,9.3,Asia-Pacific,73,1,0.6622,1,11388.0,0.3883495145631068,14.6,0
LEAD0144,Website,Retail,Small,25300.0,9,19.6,Europe,35,0,0.4886,1,8855.0,0.4368932038834951,3.5,0
LEAD0145,Website,Finance,Medium,23100.0,8,25.3,Asia-Pacific,53,1,0.5253,1,12243.0,0.3041825095057034,5.888888888888889,0
LEAD0146,Website,Education,Medium,20400.0,4,15.5,Middle East,37,1,0.411,0,7548.0,0.24242424242424243,7.4,0
LEAD0147,Cold Call,Healthcare,Medium,53800.0,5,8.0,Asia-Pacific,16,1,0.2683,0,8608.0,0.5555555555555556,2.6666666666666665,0
LEAD0148,Email,Education,Medium,7200.0,3,38.2,Asia-Pacific,37,0,0.0278,0,2664.0,0.07653061224489795,9.25,0
LEAD0149,Website,Healthcare,Large,15600.0,5,10.1,Middle East,50,0,0.3866,1,7800.0,0.45045045045045046,8.333333333333334,0
LEAD0150,Website,Tech,Small,45100.0,4,7.9,North America,84,0,0.8963,1,37884.0,0.449438202247191,16.8,0
LEAD0151,LinkedIn,Finance,Large,3600.0,6,23.4,Asia-Pacific,33,3,0.2854,0,1188.0,0.24590163934426232,4.714285714285714,0
LEAD0152,Website,Tech,Small,3200.0,7,2.5,South America,43,0,0.432,0,1376.0,2.0,5.375,0
LEAD0153,Website,Manufacturing,Small,7300.0,7,2.2,Middle East,26,1,0.4833,1,1898.0,2.1875,3.25,0
LEAD0154,Email,Retail,Small,22000.0,5,18.4,North America,78,0,0.6426,0,17160.0,0.2577319587628866,13.0,0
LEAD0155,Referral,Retail,Medium,8000.0,5,24.6,Europe,46,0,0.2503,0,3680.0,0.1953125,7.666666666666667,0
LEAD0156,Website,Finance,Small,6200.0,6,1.0,Asia-Pacific,48,0,0.6688,1,2976.0,3.0,6.857142857142857,0
LEAD0157,Cold Call,Tech,Small,14300.0,9,17.4,North America,48,1,0.4099,0,6864.0,0.48913043478260876,4.8,0
LEAD0158,LinkedIn,Retail,Small,21000.0,6,6.7,Europe,16,1,0.3663,0,3360.0,0.7792207792207793,2.2857142857142856,0
LEAD0159,Website,Finance,Large,7700.0,9,14.7,North America,26,1,0.403,0,2002.0,0.5732484076433121,2.6,0
LEAD0160,Cold Call,Tech,Medium,9200.0,3,1.8,North America,36,1,0.2273,0,3312.0,1.0714285714285714,9.0,0
LEAD0161,Email,Healthcare,Medium,21000.0,8,43.4,Europe,67,0,0.4332,0,14070.0,0.1801801801801802,7.444444444444445,0
LEAD0162,Cold Call,Tech,Medium,60300.0,12,25.7,Europe,5,1,0.1092,0,3015.0,0.449438202247191,0.38461538461538464,0
LEAD0163,Cold Call,Finance,Small,24500.0,5,6.3,Europe,66,1,0.2885,0,16170.0,0.684931506849315,11.0,0
LEAD0164,Email,Finance,Small,32500.0,7,27.0,Europe,62,1,0.3662,0,20150.0,0.25,7.75,0
LEAD0165,Website,Tech,Large,11100.0,4,27.1,North America,19,1,0.2937,0,2109.0,0.14234875444839856,3.8,0
LEAD0166,LinkedIn,Manufacturing,Small,8400.0,4,7.5,North America,49,0,0.445,1,4116.0,0.47058823529411764,9.8,0
LEAD0167,Website,Tech,Small,14100.0,2,35.3,North America,78,2,0.5016,0,10998.0,0.05509641873278237,26.0,0
LEAD0168,Website,Tech,Small,34900.0,4,45.3,North America,34,3,0.26,0,11866.0,0.08639308855291578,6.8,0
LEAD0169,Website,Tech,Small,14200.0,7,3.0,Europe,44,1,0.626,1,6248.0,1.75,5.5,0
LEAD0170,Email,Retail,Small,39500.0,4,0.9,Asia-Pacific,100,1,0.9736,1,39500.0,2.1052631578947367,20.0,1
LEAD0171,Cold Call,Finance,Medium,91800.0,3,4.9,North America,62,1,0.2911,0,56916.0,0.5084745762711864,15.5,0
LEAD0172,Website,Healthcare,Small,3500.0,7,8.2,North America,50,0,0.3483,1,1750.0,0.7608695652173914,6.25,0
LEAD0173,Email,Tech,Medium,2900.0,5,1.3,Asia-Pacific,45,0,0.5367,0,1305.0,2.173913043478261,7.5,0
LEAD0174,Website,Tech,Small,5200.0,4,1.9,North America,62,3,0.8273,1,3224.0,1.3793103448275863,12.4,0
LEAD0175,Cold Call,Finance,Small,11700.0,7,42.9,Middle East,69,1,0.1478,0,8073.0,0.15945330296127563,8.625,0
LEAD0176,Website,Education,Small,4800.0,3,16.1,Asia-Pacific,12,1,0.0625,0,576.0,0.17543859649122806,3.0,0
LEAD0177,Cold Call,Education,Medium,42900.0,4,25.0,North America,10,2,0.017,0,4290.0,0.15384615384615385,2.0,0
LEAD0178,Email,Tech,Small,2500.0,11,42.6,North America,35,2,0.1467,0,875.0,0.25229357798165136,2.9166666666666665,0
LEAD0179,Referral,Healthcare,Medium,9600.0,8,5.8,Europe,52,1,0.802,0,4992.0,1.1764705882352942,5.777777777777778,0
LEAD0180,Website,Manufacturing,Medium,6100.0,5,14.1,North America,57,0,0.5265,1,3477.0,0.33112582781456956,9.5,0
LEAD0181,Website,Finance,Medium,55600.0,2,2.5,North America,21,0,0.2247,0,11676.0,0.5714285714285714,7.0,0
LEAD0182,Website,Education,Small,24100.0,4,9.7,North America,51,2,0.4558,0,12291.0,0.3738317757009346,10.2,0
LEAD0183,LinkedIn,Tech,Small,50600.0,8,2.9,Asia-Pacific,54,2,0.6702,1,27324.0,2.0512820512820515,6.0,0
LEAD0184,LinkedIn,Manufacturing,Small,73700.0,8,2.2,Europe,38,1,0.6576,0,28006.0,2.5,4.222222222222222,0
LEAD0185,Website,Retail,Medium,15700.0,4,1.3,North America,44,0,0.4907,1,6908.0,1.7391304347826089,8.8,0
LEAD0186,Cold Call,Manufacturing,Small,7300.0,8,10.5,Asia-Pacific,40,1,0.3877,0,2920.0,0.6956521739130435,4.444444444444445,0
LEAD0187,LinkedIn,Retail,Medium,6300.0,3,36.0,Europe,64,0,0.1638,0,4032.0,0.08108108108108109,16.0,0
LEAD0188,Email,Finance,Large,7000.0,6,1.7,Europe,55,0,0.6206,1,3850.0,2.222222222222222,7.857142857142857,0
LEAD0189,Email,Manufacturing,Small,26700.0,3,8.5,North America,32,2,0.1339,0,8544.0,0.3157894736842105,8.0,0
LEAD0190,Website,Tech,Small,2800.0,5,14.0,Europe,74,0,0.778,1,2072.0,0.3333333333333333,12.333333333333334,0
LEAD0191,Website,Finance,Medium,3100.0,6,8.3,Middle East,28,1,0.251,1,868.0,0.6451612903225806,4.0,0
LEAD0192,LinkedIn,Retail,Small,20700.0,4,29.2,North America,21,0,0.1135,0,4347.0,0.13245033112582782,4.2,0
LEAD0193,LinkedIn,Retail,Small,22500.0,5,2.3,North America,50,1,0.7302,1,11250.0,1.5151515151515151,8.333333333333334,0
LEAD0194,Cold Call,Manufacturing,Large,23900.0,6,0.4,North America,50,1,0.6467,1,11950.0,4.285714285714286,7.142857142857143,0
LEAD0195,Website,Tech,Small,11300.0,3,5.9,North America,56,0,0.322,1,6328.0,0.43478260869565216,14.0,0
LEAD0196,Website,Retail,Large,34800.0,6,9.8,North America,31,1,0.4492,1,10788.0,0.5555555555555555,4.428571428571429,0
LEAD0197,Cold Call,Retail,Medium,17300.0,7,3.6,Asia-Pacific,73,0,0.5225,0,12629.0,1.5217391304347827,9.125,0
LEAD0198,LinkedIn,Tech,Medium,4200.0,3,2.3,South America,89,1,0.807,1,3738.0,0.9090909090909092,22.25,0
LEAD0199,LinkedIn,Finance,Small,33900.0,6,19.7,North America,55,1,0.5475,1,18645.0,0.2898550724637681,7.857142857142857,0
LEAD0200,LinkedIn,Tech,Small,63200.0,6,2.6,Europe,61,0,0.822,0,38552.0,1.6666666666666665,8.714285714285714,0
LEAD0201,Cold Call,Finance,Medium,3200.0,8,7.1,Europe,13,0,0.0521,0,416.0,0.9876543209876544,1.4444444444444444,0
LEAD0202,Website,Manufacturing,Small,11900.0,9,37.2,Europe,46,0,0.3954,0,5474.0,0.23560209424083767,4.6,0
LEAD0203,Website,Healthcare,Small,15400.0,8,11.5,Europe,41,0,0.6183,0,6314.0,0.64,4.555555555555555,0
LEAD0204,LinkedIn,Retail,Small,5200.0,5,8.4,North America,38,1,0.3414,0,1976.0,0.5319148936170213,6.333333333333333,0
LEAD0205,Cold Call,Manufacturing,Small,42500.0,8,5.5,Europe,42,1,0.1297,1,17850.0,1.2307692307692308,4.666666666666667,0
LEAD0206,Website,Finance,Small,8700.0,7,8.9,Europe,44,0,0.4579,1,3828.0,0.7070707070707071,5.5,0
LEAD0207,Website,Education,Medium,32600.0,8,16.0,Asia-Pacific,26,2,0.3602,0,8476.0,0.47058823529411764,2.888888888888889,0
LEAD0208,Cold Call,Finance,Small,24200.0,6,20.8,Asia-Pacific,45,1,0.1804,0,10890.0,0.27522935779816515,6.428571428571429,0
LEAD0209,Website,Education,Small,20200.0,6,12.7,North America,34,1,0.3464,0,6868.0,0.43795620437956206,4.857142857142857,0
LEAD0210,Website,Tech,Medium,6300.0,6,18.8,North America,71,1,0.8673,1,4473.0,0.30303030303030304,10.142857142857142,0
LEAD0211,Email,Manufacturing,Large,7000.0,8,1.2,South America,62,2,0.6661,1,4340.0,3.6363636363636362,6.888888888888889,0
LEAD0212,Cold Call,Tech,Small,3000.0,6,0.3,Europe,62,2,0.5907,1,1860.0,4.615384615384615,8.857142857142858,0
LEAD0213,Cold Call,Finance,Small,7500.0,3,16.0,South America,75,1,0.4052,0,5625.0,0.17647058823529413,18.75,0
LEAD0214,Website,Retail,Medium,10500.0,5,3.7,North America,38,1,0.501,0,3990.0,1.0638297872340425,6.333333333333333,0
LEAD0215,Cold Call,Finance,Large,37800.0,8,25.3,Europe,60,1,0.4039,0,22680.0,0.3041825095057034,6.666666666666667,0
LEAD0216,Website,Healthcare,Medium,11100.0,8,9.3,Europe,76,0,0.786,1,8436.0,0.7766990291262136,8.444444444444445,0
LEAD0217,Website,Finance,Medium,30100.0,7,7.9,South America,37,0,0.5394,1,11137.0,0.7865168539325842,4.625,0
LEAD0218,Cold Call,Retail,Small,13600.0,4,17.9,North America,14,0,0.0234,0,1904.0,0.21164021164021166,2.8,0
LEAD0219,Cold Call,Tech,Medium,32700.0,2,16.3,North America,41,0,0.0478,0,13407.0,0.11560693641618497,13.666666666666666,0
LEAD0220,LinkedIn,Tech,Small,76800.0,5,14.7,Europe,74,1,0.853,1,56832.0,0.3184713375796179,12.333333333333334,0
LEAD0221,Cold Call,Tech,Medium,7500.0,10,14.2,South America,36,2,0.2926,0,2700.0,0.6578947368421053,3.272727272727273,0
LEAD0222,Email,Finance,Medium,41700.0,6,8.8,Middle East,46,1,0.3715,0,19182.0,0.6122448979591836,6.571428571428571,0
LEAD0223,Website,Tech,Large,21400.0,5,31.4,Middle East,39,2,0.4579,0,8346.0,0.154320987654321,6.5,0
LEAD0224,Email,Finance,Small,36000.0,5,26.7,Middle East,51,0,0.1425,0,18360.0,0.18050541516245489,8.5,0
LEAD0225,Website,Finance,Small,23100.0,8,4.9,North America,34,2,0.6202,0,7854.0,1.3559322033898304,3.7777777777777777,0
LEAD0226,Website,Tech,Medium,13000.0,5,19.7,North America,25,0,0.3637,1,3250.0,0.24154589371980678,4.166666666666667,0
LEAD0227,Referral,Healthcare,Medium,7200.0,7,26.7,North America,46,2,0.5328,1,3312.0,0.2527075812274368,5.75,0
LEAD0228,Email,Education,Medium,3500.0,3,11.7,North America,50,1,0.122,1,1750.0,0.2362204724409449,12.5,0
LEAD0229,LinkedIn,Tech,Small,17300.0,8,9.8,Asia-Pacific,77,3,0.8082,1,13321.0,0.7407407407407407,8.555555555555555,0
LEAD0230,Cold Call,Healthcare,Small,94800.0,4,13.5,South America,56,1,0.2436,0,53088.0,0.27586206896551724,11.2,0
LEAD0231,LinkedIn,Retail,Medium,28800.0,4,2.2,North America,32,0,0.6193,1,9216.0,1.25,6.4,0
LEAD0232,Email,Finance,Small,9900.0,7,1.2,Europe,40,0,0.4979,1,3960.0,3.1818181818181817,5.0,0
LEAD0233,Email,Retail,Large,37100.0,5,20.7,South America,69,2,0.6851,0,25599.0,0.2304147465437788,11.5,0
LEAD0234,Email,Finance,Small,31300.0,8,10.3,Europe,47,1,0.4767,1,14711.0,0.7079646017699115,5.222222222222222,0
LEAD0235,Website,Healthcare,Medium,8600.0,7,1.7,North America,33,2,0.4771,0,2838.0,2.5925925925925926,4.125,0
LEAD0236,Cold Call,Tech,Medium,2300.0,9,6.6,Europe,57,0,0.3148,1,1311.0,1.1842105263157896,5.7,0
LEAD0237,Website,Retail,Medium,4500.0,4,4.3,North America,39,0,0.4041,1,1755.0,0.7547169811320755,7.8,0
LEAD0238,Website,Retail,Small,44000.0,6,25.1,Europe,65,0,0.5766,0,28600.0,0.22988505747126436,9.285714285714286,0
LEAD0239,Cold Call,Tech,Medium,38200.0,7,8.6,Europe,62,1,0.3845,1,23684.0,0.7291666666666667,7.75,0
LEAD0240,Website,Finance,Small,9000.0,4,10.4,North America,32,0,0.1576,0,2880.0,0.3508771929824561,6.4,0
LEAD0241,Referral,Manufacturing,Medium,8700.0,5,3.3,Middle East,91,1,0.954,1,7917.0,1.1627906976744187,15.166666666666666,0
LEAD0242,Referral,Finance,Small,33500.0,9,19.4,Europe,53,0,0.8456,1,17755.0,0.44117647058823534,5.3,0
LEAD0243,LinkedIn,Healthcare,Small,57500.0,5,32.0,Europe,2,1,0.082,0,1150.0,0.15151515151515152,0.3333333333333333,0
LEAD0244,Email,Manufacturing,Small,32200.0,5,19.0,Middle East,63,1,0.6317,0,20286.0,0.25,10.5,0
LEAD0245,Website,Retail,Small,20600.0,5,8.2,North America,3,0,0.1076,0,618.0,0.5434782608695653,0.5,0
LEAD0246,LinkedIn,Healthcare,Large,7600.0,5,21.7,North America,76,0,0.8687,1,5776.0,0.22026431718061676,12.666666666666666,0
LEAD0247,Email,Retail,Small,16900.0,9,2.6,Asia-Pacific,56,1,0.5094,0,9464.0,2.5,5.6,0
LEAD0248,Referral,Education,Medium,7300.0,8,1.5,North America,52,2,0.716,1,3796.0,3.2,5.777777777777778,0
LEAD0249,Referral,Finance,Large,35000.0,8,7.0,Asia-Pacific,53,0,0.935,1,18550.0,1.0,5.888888888888889,0
LEAD0250,LinkedIn,Finance,Small,11800.0,6,2.5,North America,65,1,0.709,1,7670.0,1.7142857142857142,9.285714285714286,0
LEAD0251,Website,Finance,Medium,37900.0,8,3.7,North America,44,2,0.8353,1,16676.0,1.702127659574468,4.888888888888889,0
LEAD0252,Email,Manufacturing,Small,11600.0,5,10.7,Europe,53,1,0.3956,0,6148.0,0.4273504273504274,8.833333333333334,0
LEAD0253,LinkedIn,Retail,Small,36800.0,8,6.3,North America,56,2,0.6864,0,20608.0,1.095890410958904,6.222222222222222,0
LEAD0254,Website,Tech,Small,10100.0,3,24.2,Asia-Pacific,1,2,0.0266,0,101.0,0.11904761904761905,0.25,0
LEAD0255,Website,Education,Large,13600.0,3,3.2,Europe,65,2,0.5486,0,8840.0,0.7142857142857143,16.25,0
LEAD0256,Email,Finance,Small,21100.0,6,48.0,South America,69,1,0.3308,0,14559.0,0.12244897959183673,9.857142857142858,0
LEAD0257,Referral,Tech,Medium,3500.0,6,5.4,Asia-Pacific,62,1,0.8899,1,2170.0,0.9375,8.857142857142858,0
LEAD0258,Cold Call,Healthcare,Medium,61200.0,9,8.8,North America,61,0,0.5552,0,37332.0,0.9183673469387754,6.1,0
LEAD0259,Email,Finance,Large,19000.0,7,1.8,Asia-Pacific,85,0,0.8663,1,16150.0,2.5,10.625,1
LEAD0260,Website,Education,Small,16200.0,6,10.5,Europe,52,0,0.3242,1,8424.0,0.5217391304347826,7.428571428571429,0
LEAD0261,Cold Call,Tech,Medium,38600.0,9,39.1,Asia-Pacific,53,0,0.3059,1,20458.0,0.22443890274314213,5.3,0
LEAD0262,Referral,Education,Medium,42200.0,6,16.7,Asia-Pacific,40,0,0.451,0,16880.0,0.33898305084745767,5.714285714285714,0
LEAD0263,Website,Healthcare,Medium,16800.0,8,3.5,Europe,15,0,0.6764,1,2520.0,1.7777777777777777,1.6666666666666667,0
LEAD0264,Email,Tech,Large,54400.0,5,7.1,Europe,62,0,0.7105,1,33728.0,0.617283950617284,10.333333333333334,0
LEAD0265,LinkedIn,Manufacturing,Medium,3300.0,8,6.7,Europe,42,0,0.3979,0,1386.0,1.0389610389610389,4.666666666666667,0
LEAD0266,Cold Call,Healthcare,Small,4400.0,7,1.3,North America,15,0,0.1044,0,660.0,3.0434782608695654,1.875,0
LEAD0267,Cold Call,Tech,Small,20200.0,6,26.1,North America,52,0,0.1552,0,10504.0,0.22140221402214022,7.428571428571429,0
LEAD0268,Cold Call,Finance,Small,10700.0,4,5.9,Europe,51,1,0.2549,0,5457.0,0.5797101449275363,10.2,0
LEAD0269,Email,Education,Small,14500.0,6,8.3,North America,49,1,0.1537,0,7105.0,0.6451612903225806,7.0,0
LEAD0270,Website,Finance,Small,10000.0,6,4.2,North America,56,2,0.6445,1,5600.0,1.1538461538461537,8.0,0
LEAD0271,LinkedIn,Tech,Small,12400.0,5,2.1,North America,22,1,0.5726,0,2728.0,1.6129032258064515,3.6666666666666665,0
LEAD0272,LinkedIn,Tech,Small,36600.0,2,28.0,Europe,73,0,0.2527,1,26718.0,0.06896551724137931,24.333333333333332,0
LEAD0273,LinkedIn,Tech,Large,20000.0,7,0.6,North America,62,1,0.9479,1,12400.0,4.375,7.75,0
LEAD0274,LinkedIn,Retail,Small,120600.0,7,6.2,Asia-Pacific,78,1,0.8461,1,94068.0,0.9722222222222222,9.75,0
LEAD0275,Email,Finance,Large,32900.0,8,15.8,North America,42,1,0.6432,1,13818.0,0.47619047619047616,4.666666666666667,0
LEAD0276,Email,Tech,Small,8400.0,9,4.5,Europe,62,1,0.6448,1,5208.0,1.6363636363636365,6.2,0
LEAD0277,LinkedIn,Tech,Medium,8100.0,8,7.2,Europe,16,0,0.3375,0,1296.0,0.9756097560975611,1.7777777777777777,0
LEAD0278,Cold Call,Finance,Medium,10200.0,2,10.1,Asia-Pacific,37,1,0.0989,0,3774.0,0.1801801801801802,12.333333333333334,0
LEAD0279,Cold Call,Manufacturing,Small,39100.0,6,48.0,North America,26,1,0.119,1,10166.0,0.12244897959183673,3.7142857142857144,0
LEAD0280,LinkedIn,Finance,Small,2600.0,5,17.1,Middle East,58,1,0.6203,0,1508.0,0.2762430939226519,9.666666666666666,0
LEAD0281,LinkedIn,Manufacturing,Small,7200.0,9,41.1,Middle East,31,0,0.2012,0,2232.0,0.21377672209026127,3.1,0
LEAD0282,Website,Finance,Small,49100.0,4,14.3,Asia-Pacific,45,0,0.592,1,22095.0,0.26143790849673204,9.0,0
LEAD0283,Email,Tech,Large,22400.0,2,3.9,South America,53,1,0.6221,1,11872.0,0.4081632653061224,17.666666666666668,0
LEAD0284,Website,Education,Medium,7100.0,3,4.2,Europe,45,2,0.1066,0,3195.0,0.5769230769230769,11.25,0
LEAD0285,Email,Finance,Small,6900.0,4,20.8,Europe,27,0,0.1398,0,1863.0,0.18348623853211007,5.4,0
LEAD0286,Website,Retail,Small,41700.0,8,6.8,Asia-Pacific,86,1,0.8556,1,35862.0,1.0256410256410258,9.555555555555555,0
LEAD0287,Email,Manufacturing,Small,46800.0,5,5.6,Asia-Pacific,56,0,0.4196,0,26208.0,0.7575757575757576,9.333333333333334,0
LEAD0288,Email,Tech,Small,7900.0,8,34.9,South America,86,0,0.542,1,6794.0,0.22284122562674097,9.555555555555555,0
LEAD0289,Website,Tech,Medium,12900.0,12,0.3,Asia-Pacific,33,0,0.8176,1,4257.0,9.23076923076923,2.5384615384615383,0
LEAD0290,Email,Retail,Small,38000.0,4,9.0,Middle East,46,1,0.3213,0,17480.0,0.4,9.2,0
LEAD0291,Website,Tech,Medium,31500.0,8,18.0,North America,55,1,0.8987,1,17325.0,0.42105263157894735,6.111111111111111,0
LEAD0292,Website,Tech,Small,35600.0,6,16.1,Asia-Pacific,84,1,0.9304,1,29904.0,0.3508771929824561,12.0,0
LEAD0293,LinkedIn,Tech,Small,16600.0,10,5.6,Asia-Pacific,86,1,0.7936,0,14276.0,1.5151515151515151,7.818181818181818,0
LEAD0294,Email,Tech,Medium,50500.0,6,9.3,Asia-Pacific,45,0,0.4742,1,22725.0,0.5825242718446602,6.428571428571429,0
LEAD0295,Website,Retail,Small,9900.0,8,0.2,North America,39,0,0.6389,0,3861.0,6.666666666666667,4.333333333333333,0
LEAD0296,Email,Tech,Large,5400.0,5,9.3,Asia-Pacific,53,1,0.5978,0,2862.0,0.48543689320388345,8.833333333333334,0
LEAD0297,LinkedIn,Finance,Large,26700.0,4,10.8,South America,77,0,0.85,1,20559.0,0.3389830508474576,15.4,0
LEAD0298,Website,Healthcare,Small,17500.0,6,25.0,North America,56,0,0.2372,0,9800.0,0.23076923076923078,8.0,0
LEAD0299,Cold Call,Finance,Small,40600.0,5,2.9,Europe,60,1,0.4074,0,24360.0,1.2820512820512822,10.0,0
LEAD0300,Website,Tech,Medium,3700.0,9,21.0,North America,77,2,0.8242,1,2849.0,0.4090909090909091,7.7,0
LEAD0301,Website,Retail,Large,39100.0,5,15.3,Middle East,74,0,0.7629,1,28934.0,0.3067484662576687,12.333333333333334,0
LEAD0302,Email,Tech,Medium,8900.0,4,13.3,Europe,75,1,0.6824,1,6675.0,0.2797202797202797,15.0,0
LEAD0303,Email,Retail,Small,23300.0,6,6.1,North America,67,0,0.5512,1,15611.0,0.8450704225352114,9.571428571428571,0
LEAD0304,Cold Call,Education,Large,2800.0,3,5.6,North America,82,0,0.2191,1,2296.0,0.4545454545454546,20.5,0
LEAD0305,Cold Call,Finance,Small,20800.0,7,14.7,Asia-Pacific,31,1,0.0949,0,6448.0,0.445859872611465,3.875,0
LEAD0306,Referral,Healthcare,Medium,27300.0,7,48.0,North America,100,1,0.9371,0,27300.0,0.14285714285714285,12.5,0
LEAD0307,Email,Finance,Large,11200.0,4,6.3,Europe,76,0,0.4535,0,8512.0,0.547945205479452,15.2,0
LEAD0308,Website,Finance,Small,6900.0,5,30.2,Middle East,52,2,0.5973,1,3588.0,0.16025641025641027,8.666666666666666,0
LEAD0309,LinkedIn,Education,Large,17400.0,6,10.7,South America,77,1,0.7866,1,13398.0,0.5128205128205129,11.0,0
LEAD0310,Website,Education,Small,37800.0,8,24.4,North America,48,1,0.5044,1,18144.0,0.31496062992125984,5.333333333333333,0
LEAD0311,Email,Finance,Large,9800.0,7,3.0,Middle East,64,0,0.7995,1,6272.0,1.75,8.0,0
LEAD0312,Website,Healthcare,Small,7800.0,4,17.3,Asia-Pacific,67,0,0.5964,0,5226.0,0.2185792349726776,13.4,0
LEAD0313,Website,Manufacturing,Large,8500.0,7,21.7,North America,72,1,0.5866,1,6120.0,0.30837004405286345,9.0,0
LEAD0314,Referral,Manufacturing,Small,61600.0,4,21.5,North America,46,0,0.6046,1,28336.0,0.17777777777777778,9.2,0
LEAD0315,LinkedIn,Healthcare,Medium,10900.0,7,18.5,North America,73,0,0.7338,1,7957.0,0.358974358974359,9.125,0
LEAD0316,Cold Call,Finance,Medium,2100.0,3,4.5,Asia-Pacific,46,1,0.0925,0,966.0,0.5454545454545454,11.5,0
LEAD0317,Email,Tech,Small,32400.0,4,9.0,North America,70,0,0.6883,0,22680.0,0.4,14.0,0
LEAD0318,Website,Manufacturing,Small,26000.0,5,4.4,North America,55,0,0.4963,1,14300.0,0.9259259259259258,9.166666666666666,0
LEAD0319,Website,Tech,Medium,4800.0,12,5.1,Asia-Pacific,19,1,0.6181,1,912.0,1.9672131147540985,1.4615384615384615,0
LEAD0320,Website,Healthcare,Small,85900.0,6,4.4,Europe,40,1,0.4053,1,34360.0,1.111111111111111,5.714285714285714,0
LEAD0321,Email,Tech,Medium,20700.0,5,4.1,Asia-Pacific,72,1,0.7789,1,14904.0,0.9803921568627452,12.0,0
LEAD0322,Cold Call,Tech,Small,15900.0,4,14.3,Asia-Pacific,49,2,0.1747,0,7791.0,0.26143790849673204,9.8,0
LEAD0323,Cold Call,Finance,Large,11600.0,3,12.7,North America,79,3,0.4918,1,9164.0,0.21897810218978103,19.75,0
LEAD0324,Website,Manufacturing,Small,47800.0,8,2.8,South America,31,2,0.5481,0,14818.0,2.1052631578947367,3.4444444444444446,0
LEAD0325,Referral,Tech,Small,7600.0,5,14.2,North America,69,1,0.7487,1,5244.0,0.32894736842105265,11.5,0
LEAD0326,Cold Call,Healthcare,Small,8700.0,2,4.2,Europe,54,1,0.0566,0,4698.0,0.3846153846153846,18.0,0
LEAD0327,Email,Tech,Small,4600.0,1,2.8,Europe,50,0,0.2014,0,2300.0,0.2631578947368421,25.0,0
LEAD0328,Cold Call,Tech,Small,30500.0,7,16.6,North America,31,1,0.2699,0,9455.0,0.3977272727272727,3.875,0
LEAD0329,Email,Finance,Small,20100.0,6,5.5,Middle East,59,1,0.5951,0,11859.0,0.9230769230769231,8.428571428571429,0
LEAD0330,Website,Healthcare,Large,20800.0,6,10.2,Europe,35,0,0.5246,1,7280.0,0.5357142857142857,5.0,0
LEAD0331,Email,Tech,Medium,6900.0,10,2.8,North America,42,0,0.576,1,2898.0,2.6315789473684212,3.8181818181818183,0
LEAD0332,LinkedIn,Finance,Medium,23100.0,2,11.5,Middle East,52,1,0.2766,0,12012.0,0.16,17.333333333333332,0
LEAD0333,Website,Tech,Small,31000.0,3,2.9,Europe,48,2,0.4054,0,14880.0,0.7692307692307693,12.0,0
LEAD0334,Website,Finance,Medium,10900.0,6,2.3,Asia-Pacific,76,0,0.8357,1,8284.0,1.8181818181818183,10.857142857142858,0
LEAD0335,Website,Manufacturing,Small,34300.0,5,6.0,Europe,3,0,0.0883,0,1029.0,0.7142857142857143,0.5,0
LEAD0336,Website,Manufacturing,Medium,10600.0,6,18.8,Asia-Pacific,51,1,0.5186,1,5406.0,0.30303030303030304,7.285714285714286,0
LEAD0337,LinkedIn,Finance,Small,30400.0,9,2.4,North America,48,0,0.5878,1,14592.0,2.6470588235294117,4.8,0
LEAD0338,Cold Call,Healthcare,Small,2700.0,8,1.6,North America,55,1,0.4367,1,1485.0,3.0769230769230766,6.111111111111111,0
LEAD0339,Email,Manufacturing,Small,18000.0,6,0.5,Europe,44,1,0.5235,1,7920.0,4.0,6.285714285714286,0
LEAD0340,Website,Tech,Large,71800.0,7,6.6,North America,75,0,0.9146,1,53850.0,0.9210526315789475,9.375,0
LEAD0341,Email,Education,Small,81500.0,5,4.1,Asia-Pacific,50,1,0.4973,0,40750.0,0.9803921568627452,8.333333333333334,0
LEAD0342,Email,Manufacturing,Medium,8600.0,5,4.2,North America,58,0,0.4836,1,4988.0,0.9615384615384615,9.666666666666666,0
LEAD0343,Website,Tech,Small,13600.0,6,48.0,North America,73,1,0.6818,1,9928.0,0.12244897959183673,10.428571428571429,0
LEAD0344,Email,Tech,Medium,3300.0,6,2.7,North America,56,0,0.418,0,1848.0,1.6216216216216215,8.0,0
LEAD0345,Email,Manufacturing,Large,43300.0,4,7.5,Asia-Pacific,30,0,0.5263,0,12990.0,0.47058823529411764,6.0,0
LEAD0346,Cold Call,Healthcare,Small,18800.0,7,48.0,Asia-Pacific,46,0,0.0754,0,8648.0,0.14285714285714285,5.75,0
LEAD0347,Cold Call,Tech,Small,11700.0,9,0.5,North America,53,1,0.726,1,6201.0,6.0,5.3,0
LEAD0348,Website,Tech,Large,4400.0,4,14.4,Europe,22,1,0.4956,1,968.0,0.2597402597402597,4.4,0
LEAD0349,Email,Finance,Medium,60700.0,7,5.7,North America,41,2,0.3554,0,24887.0,1.044776119402985,5.125,0
LEAD0350,Cold Call,Retail,Small,17100.0,4,28.5,Europe,54,1,0.1035,0,9234.0,0.13559322033898305,10.8,0
LEAD0351,Email,Retail,Medium,8700.0,9,29.3,North America,95,1,0.7982,1,8265.0,0.297029702970297,9.5,0
LEAD0352,LinkedIn,Manufacturing,Medium,10600.0,4,6.0,Europe,62,0,0.3928,1,6572.0,0.5714285714285714,12.4,0
LEAD0353,Cold Call,Tech,Small,8300.0,12,3.1,Europe,58,1,0.5418,0,4814.0,2.9268292682926833,4.461538461538462,0
LEAD0354,Website,Healthcare,Medium,20400.0,9,6.8,South America,89,0,0.7551,0,18156.0,1.153846153846154,8.9,0
LEAD0355,Website,Healthcare,Small,55200.0,11,40.4,North America,67,2,0.6903,0,36984.0,0.26570048309178745,5.583333333333333,0
LEAD0356,Cold Call,Finance,Small,40900.0,8,4.1,Asia-Pacific,70,1,0.6971,1,28630.0,1.5686274509803924,7.777777777777778,0
LEAD0357,Website,Tech,Medium,14300.0,10,47.9,Europe,47,2,0.5649,0,6721.0,0.20449897750511248,4.2727272727272725,0
LEAD0358,Email,Manufacturing,Small,37000.0,8,20.6,South America,30,1,0.1883,0,11100.0,0.37037037037037035,3.3333333333333335,0
LEAD0359,Referral,Education,Small,13000.0,9,3.8,North America,60,0,0.8201,1,7800.0,1.875,6.0,0
LEAD0360,Email,Finance,Medium,7800.0,9,18.9,North America,91,0,0.8634,1,7098.0,0.45226130653266333,9.1,0
LEAD0361,Email,Healthcare,Large,84000.0,5,0.7,South America,85,1,0.9595,1,71400.0,2.9411764705882355,14.166666666666666,1
LEAD0362,Cold Call,Tech,Large,9200.0,6,9.6,North America,68,0,0.5072,0,6256.0,0.5660377358490566,9.714285714285714,0
LEAD0363,Email,Healthcare,Large,9800.0,7,5.4,North America,41,0,0.3383,1,4018.0,1.09375,5.125,0
LEAD0364,Email,Retail,Large,93500.0,6,6.8,North America,24,0,0.2016,0,22440.0,0.7692307692307693,3.4285714285714284,0
LEAD0365,Referral,Healthcare,Small,4900.0,3,7.8,Asia-Pacific,39,0,0.3021,0,1911.0,0.3409090909090909,9.75,0
LEAD0366,Email,Manufacturing,Small,30600.0,6,8.5,North America,59,0,0.4025,0,18054.0,0.631578947368421,8.428571428571429,0
LEAD0367,Referral,Healthcare,Medium,56900.0,4,12.9,South America,46,1,0.8781,1,26174.0,0.28776978417266186,9.2,0
LEAD0368,LinkedIn,Finance,Small,16300.0,8,14.4,Europe,75,1,0.7762,1,12225.0,0.5194805194805194,8.333333333333334,0
LEAD0369,Website,Retail,Medium,2100.0,2,44.7,North America,25,0,0.0484,0,525.0,0.0437636761487965,8.333333333333334,0
LEAD0370,Website,Tech,Medium,11400.0,2,17.4,Europe,52,1,0.4152,0,5928.0,0.10869565217391305,17.333333333333332,0
LEAD0371,Website,Finance,Small,4400.0,4,14.1,North America,40,0,0.5746,1,1760.0,0.26490066225165565,8.0,0
LEAD0372,Website,Finance,Large,12800.0,3,6.1,Europe,75,1,0.6163,1,9600.0,0.4225352112676057,18.75,0
LEAD0373,Website,Finance,Medium,33200.0,6,1.6,Asia-Pacific,66,1,0.8636,1,21912.0,2.3076923076923075,9.428571428571429,0
LEAD0374,Cold Call,Retail,Small,13600.0,1,0.8,Europe,38,0,0.0804,0,5168.0,0.5555555555555556,19.0,0
LEAD0375,Website,Finance,Large,13300.0,5,7.9,North America,72,0,0.8739,1,9576.0,0.5617977528089887,12.0,0
LEAD0376,Website,Retail,Small,18300.0,5,13.3,Asia-Pacific,23,1,0.4049,0,4209.0,0.34965034965034963,3.8333333333333335,0
LEAD0377,LinkedIn,Healthcare,Small,19400.0,4,12.7,Asia-Pacific,19,0,0.1608,0,3686.0,0.29197080291970806,3.8,0
LEAD0378,Website,Finance,Medium,40800.0,3,36.8,Asia-Pacific,37,2,0.2845,0,15096.0,0.07936507936507937,9.25,0
LEAD0379,LinkedIn,Education,Medium,9400.0,6,5.9,Asia-Pacific,15,2,0.1989,0,1410.0,0.8695652173913043,2.142857142857143,0
LEAD0380,Website,Tech,Medium,36500.0,6,12.0,North America,53,1,0.7826,1,19345.0,0.46153846153846156,7.571428571428571,0
LEAD0381,Website,Tech,Medium,18700.0,4,26.4,South America,53,0,0.3432,0,9911.0,0.14598540145985403,10.6,0
LEAD0382,Cold Call,Healthcare,Medium,9100.0,3,6.3,North America,47,0,0.0876,0,4277.0,0.4109589041095891,11.75,0
LEAD0383,Cold Call,Tech,Small,9000.0,7,7.9,North America,66,0,0.4961,1,5940.0,0.7865168539325842,8.25,0
LEAD0384,LinkedIn,Tech,Large,11000.0,3,30.9,Asia-Pacific,41,0,0.2576,0,4510.0,0.09404388714733543,10.25,0
LEAD0385,Cold Call,Healthcare,Large,21500.0,8,9.7,Middle East,29,4,0.2452,0,6235.0,0.7476635514018692,3.2222222222222223,0
LEAD0386,LinkedIn,Healthcare,Small,7200.0,6,19.4,Asia-Pacific,39,0,0.3778,1,2808.0,0.29411764705882354,5.571428571428571,0
LEAD0387,Website,Finance,Small,52600.0,11,33.0,North America,31,0,0.5358,0,16306.0,0.3235294117647059,2.5833333333333335,0
LEAD0388,Website,Manufacturing,Large,19100.0,3,10.3,North America,43,2,0.4393,0,8213.0,0.2654867256637168,10.75,0
LEAD0389,LinkedIn,Healthcare,Large,52500.0,7,1.5,Europe,67,0,0.8161,1,35175.0,2.8,8.375,0
LEAD0390,LinkedIn,Education,Large,3000.0,7,20.8,South America,20,1,0.3223,0,600.0,0.3211009174311926,2.5,0
LEAD0391,Referral,Tech,Large,10400.0,7,20.5,North America,48,3,0.8407,1,4992.0,0.32558139534883723,6.0,0
LEAD0392,Email,Healthcare,Medium,2500.0,5,1.6,Asia-Pacific,74,0,0.752,1,1850.0,1.923076923076923,12.333333333333334,0
LEAD0393,Email,Education,Medium,8400.0,7,9.6,North America,76,1,0.6302,0,6384.0,0.6603773584905661,9.5,0
LEAD0394,LinkedIn,Healthcare,Medium,41600.0,7,8.1,Asia-Pacific,41,0,0.3749,1,17056.0,0.7692307692307693,5.125,0
LEAD0395,Website,Retail,Small,2700.0,3,22.6,South America,99,1,0.6988,0,2673.0,0.1271186440677966,24.75,0
LEAD0396,Referral,Finance,Medium,13500.0,4,4.0,Europe,34,0,0.8274,0,4590.0,0.8,6.8,0
LEAD0397,LinkedIn,Tech,Medium,4500.0,4,6.8,North America,50,1,0.6488,1,2250.0,0.5128205128205129,10.0,0
LEAD0398,Email,Finance,Medium,12800.0,7,11.2,Asia-Pacific,32,0,0.2909,0,4096.0,0.5737704918032788,4.0,0
LEAD0399,LinkedIn,Finance,Medium,38500.0,3,8.8,Europe,64,0,0.4192,0,24640.0,0.3061224489795918,16.0,0
LEAD0400,LinkedIn,Education,Small,21500.0,6,37.3,Asia-Pacific,100,1,0.5514,1,21500.0,0.1566579634464752,14.285714285714286,0
LEAD0401,Website,Tech,Small,28700.0,4,38.9,Europe,92,0,0.743,0,26404.0,0.10025062656641605,18.4,0
LEAD0402,LinkedIn,Manufacturing,Small,10600.0,9,1.1,North America,72,1,0.8765,1,7632.0,4.285714285714286,7.2,0
LEAD0403,Email,Manufacturing,Small,59800.0,4,4.3,Asia-Pacific,43,1,0.1721,0,25714.0,0.7547169811320755,8.6,0
LEAD0404,LinkedIn,Tech,Small,26700.0,8,0.2,North America,52,1,0.8688,0,13884.0,6.666666666666667,5.777777777777778,0
LEAD0405,Website,Finance,Large,13000.0,3,6.6,Middle East,77,0,0.6231,1,10010.0,0.39473684210526316,19.25,0
LEAD0406,LinkedIn,Education,Small,13100.0,5,13.1,North America,70,2,0.4888,1,9170.0,0.3546099290780142,11.666666666666666,0
LEAD0407,Email,Manufacturing,Small,52200.0,4,7.7,Asia-Pacific,57,1,0.5694,0,29754.0,0.4597701149425288,11.4,0
LEAD0408,Website,Finance,Medium,19200.0,7,0.9,North America,58,0,0.9028,1,11136.0,3.68421052631579,7.25,0
LEAD0409,LinkedIn,Finance,Medium,26500.0,6,2.7,North America,76,1,0.9524,1,20140.0,1.6216216216216215,10.857142857142858,0
LEAD0410,Website,Healthcare,Small,12800.0,3,2.4,North America,81,1,0.7389,1,10368.0,0.8823529411764706,20.25,0
LEAD0411,Website,Retail,Medium,7100.0,13,8.7,Asia-Pacific,25,0,0.4729,0,1775.0,1.3402061855670104,1.7857142857142858,0
LEAD0412,Referral,Tech,Medium,27700.0,2,13.7,Europe,60,0,0.5935,0,16620.0,0.1360544217687075,20.0,0
LEAD0413,Referral,Retail,Small,20700.0,5,4.7,South America,67,2,0.819,0,13869.0,0.8771929824561403,11.166666666666666,0
LEAD0414,Email,Tech,Small,15900.0,7,1.8,North America,44,0,0.529,1,6996.0,2.5,5.5,0
LEAD0415,Cold Call,Tech,Large,21600.0,5,19.3,Asia-Pacific,81,1,0.6338,1,17496.0,0.24630541871921183,13.5,0
LEAD0416,Email,Finance,Medium,6700.0,8,23.6,Asia-Pacific,49,0,0.4471,0,3283.0,0.3252032520325203,5.444444444444445,0
LEAD0417,Website,Finance,Medium,33600.0,6,4.0,North America,81,1,0.9525,1,27216.0,1.2,11.571428571428571,0
LEAD0418,Website,Finance,Small,61200.0,5,6.7,Europe,48,0,0.513,0,29376.0,0.6493506493506493,8.0,0
LEAD0419,Cold Call,Finance,Small,46300.0,8,1.1,Europe,60,0,0.431,0,27780.0,3.8095238095238093,6.666666666666667,0
LEAD0420,LinkedIn,Finance,Medium,9800.0,8,3.2,North America,60,1,0.8178,1,5880.0,1.9047619047619047,6.666666666666667,0
LEAD0421,LinkedIn,Tech,Small,12400.0,3,17.6,North America,88,1,0.6235,0,10912.0,0.16129032258064516,22.0,0
LEAD0422,LinkedIn,Finance,Small,35000.0,6,5.6,Asia-Pacific,70,1,0.7777,1,24500.0,0.9090909090909092,10.0,0
LEAD0423,Website,Manufacturing,Medium,20100.0,4,11.2,North America,46,0,0.4465,0,9246.0,0.3278688524590164,9.2,0
LEAD0424,Email,Finance,Small,17900.0,5,35.2,Asia-Pacific,50,0,0.0772,0,8950.0,0.13812154696132595,8.333333333333334,0
LEAD0425,Website,Finance,Medium,54200.0,6,15.5,Middle East,49,0,0.6851,1,26558.0,0.36363636363636365,7.0,0
LEAD0426,Email,Healthcare,Medium,17400.0,8,7.3,Europe,55,1,0.702,1,9570.0,0.9638554216867469,6.111111111111111,0
LEAD0427,Email,Manufacturing,Small,16500.0,7,5.6,Europe,36,1,0.1704,0,5940.0,1.0606060606060606,4.5,0
LEAD0428,LinkedIn,Tech,Medium,2900.0,4,2.6,North America,53,1,0.6142,0,1537.0,1.1111111111111112,10.6,0
LEAD0429,Email,Retail,Small,3400.0,7,17.0,South America,82,1,0.7447,1,2788.0,0.3888888888888889,10.25,0
LEAD0430,Website,Retail,Medium,2100.0,4,1.5,North America,81,0,0.8147,1,1701.0,1.6,16.2,1
LEAD0431,Website,Healthcare,Small,50900.0,5,0.9,Europe,24,1,0.7113,1,12216.0,2.6315789473684212,4.0,0
LEAD0432,LinkedIn,Tech,Small,12500.0,6,1.4,Middle East,21,0,0.2566,0,2625.0,2.5,3.0,0
LEAD0433,Cold Call,Retail,Medium,14600.0,5,3.4,Europe,43,0,0.3319,1,6278.0,1.1363636363636362,7.166666666666667,0
LEAD0434,Website,Tech,Small,39300.0,6,11.9,Asia-Pacific,19,0,0.1828,0,7467.0,0.46511627906976744,2.7142857142857144,0
LEAD0435,Website,Healthcare,Large,20800.0,5,23.8,Europe,30,1,0.559,0,6240.0,0.20161290322580644,5.0,0
LEAD0436,Cold Call,Retail,Small,20800.0,10,48.0,North America,62,0,0.2121,0,12896.0,0.20408163265306123,5.636363636363637,0
LEAD0437,Website,Tech,Small,9000.0,7,15.9,Asia-Pacific,54,0,0.2958,0,4860.0,0.4142011834319527,6.75,0
LEAD0438,LinkedIn,Education,Medium,37900.0,2,2.0,North America,21,0,0.1541,0,7959.0,0.6666666666666666,7.0,0
LEAD0439,Cold Call,Tech,Small,5600.0,6,4.0,Asia-Pacific,78,0,0.4665,1,4368.0,1.2,11.142857142857142,0
LEAD0440,Website,Education,Small,3100.0,8,1.8,North America,47,1,0.7188,0,1457.0,2.857142857142857,5.222222222222222,0
LEAD0441,Website,Finance,Medium,6300.0,3,1.6,South America,45,1,0.4989,1,2835.0,1.1538461538461537,11.25,0
LEAD0442,Referral,Tech,Medium,8200.0,5,10.2,North America,75,1,0.9148,0,6150.0,0.44642857142857145,12.5,0
LEAD0443,Email,Tech,Large,8600.0,5,28.6,Europe,63,1,0.6786,0,5418.0,0.16891891891891891,10.5,0
LEAD0444,Email,Manufacturing,Large,24200.0,3,13.9,Europe,54,0,0.1275,0,13068.0,0.20134228187919462,13.5,0
LEAD0445,LinkedIn,Tech,Small,6900.0,5,19.5,Europe,45,1,0.6621,0,3105.0,0.24390243902439024,7.5,0
LEAD0446,Referral,Tech,Medium,24600.0,7,8.6,North America,66,2,0.9593,1,16236.0,0.7291666666666667,8.25,0
LEAD0447,Referral,Finance,Small,3900.0,4,7.8,Europe,46,0,0.555,1,1794.0,0.45454545454545453,9.2,0
LEAD0448,LinkedIn,Healthcare,Medium,5200.0,5,33.4,North America,50,0,0.379,0,2600.0,0.14534883720930233,8.333333333333334,0
LEAD0449,Email,Healthcare,Small,16200.0,3,15.5,Europe,31,0,0.0921,0,5022.0,0.18181818181818182,7.75,0
LEAD0450,Website,Tech,Large,53000.0,7,7.5,North America,78,1,0.7616,1,41340.0,0.8235294117647058,9.75,0
LEAD0451,LinkedIn,Tech,Medium,41300.0,4,5.0,Europe,86,1,0.8866,1,35518.0,0.6666666666666666,17.2,0
LEAD0452,Email,Tech,Large,71300.0,5,1.3,North America,59,3,0.7412,1,42067.0,2.173913043478261,9.833333333333334,0
LEAD0453,Email,Tech,Medium,23000.0,5,20.7,Middle East,45,1,0.344,0,10350.0,0.2304147465437788,7.5,0
LEAD0454,LinkedIn,Finance,Large,24500.0,5,2.3,Europe,74,0,0.8649,1,18130.0,1.5151515151515151,12.333333333333334,0
LEAD0455,Website,Retail,Medium,21600.0,5,8.8,North America,67,1,0.7351,1,14472.0,0.5102040816326531,11.166666666666666,0
LEAD0456,Email,Tech,Small,21500.0,7,12.3,Europe,46,3,0.5474,0,9890.0,0.5263157894736842,5.75,0
LEAD0457,Website,Finance,Small,5200.0,5,16.5,South America,78,1,0.698,1,4056.0,0.2857142857142857,13.0,0
LEAD0458,Email,Finance,Small,17700.0,8,1.1,North America,47,0,0.5179,1,8319.0,3.8095238095238093,5.222222222222222,0
LEAD0459,Website,Manufacturing,Small,11800.0,5,0.2,Asia-Pacific,29,0,0.6511,1,3422.0,4.166666666666667,4.833333333333333,0
LEAD0460,Website,Manufacturing,Medium,13700.0,4,14.8,Europe,54,0,0.5255,0,7398.0,0.2531645569620253,10.8,0
LEAD0461,Website,Education,Medium,16800.0,3,7.4,North America,77,2,0.5023,1,12936.0,0.35714285714285715,19.25,0
LEAD0462,Cold Call,Tech,Medium,4700.0,5,2.5,Asia-Pacific,57,1,0.5998,1,2679.0,1.4285714285714286,9.5,0
LEAD0463,Cold Call,Tech,Large,10900.0,4,48.0,North America,32,1,0.155,0,3488.0,0.08163265306122448,6.4,0
LEAD0464,Email,Finance,Large,3300.0,2,18.9,North America,47,0,0.1904,1,1551.0,0.10050251256281408,15.666666666666666,0
LEAD0465,Referral,Tech,Small,79900.0,5,10.5,Asia-Pacific,79,2,0.9572,0,63121.0,0.43478260869565216,13.166666666666666,0
LEAD0466,Email,Healthcare,Small,4500.0,6,14.6,Europe,60,0,0.2441,0,2700.0,0.38461538461538464,8.571428571428571,0
LEAD0467,Website,Retail,Small,8000.0,6,2.1,South America,55,0,0.5422,0,4400.0,1.9354838709677418,7.857142857142857,0
LEAD0468,LinkedIn,Education,Small,46400.0,5,39.4,Europe,52,0,0.4294,0,24128.0,0.12376237623762376,8.666666666666666,0
LEAD0469,Website,Education,Medium,15200.0,4,48.0,Asia-Pacific,77,0,0.2328,0,11704.0,0.08163265306122448,15.4,0
LEAD0470,Referral,Finance,Medium,4900.0,4,12.6,Asia-Pacific,75,2,0.8801,1,3675.0,0.29411764705882354,15.0,0
LEAD0471,Website,Retail,Medium,11700.0,7,13.3,North America,27,0,0.1892,0,3159.0,0.4895104895104895,3.375,0
LEAD0472,Referral,Finance,Large,4500.0,2,14.7,Asia-Pacific,74,0,0.7637,1,3330.0,0.12738853503184713,24.666666666666668,0
LEAD0473,Website,Tech,Medium,6500.0,6,13.3,Europe,65,2,0.8049,1,4225.0,0.4195804195804196,9.285714285714286,0
LEAD0474,LinkedIn,Retail,Small,3100.0,5,7.0,North America,87,1,0.8241,1,2697.0,0.625,14.5,0
LEAD0475,Email,Tech,Medium,13500.0,7,9.4,Europe,54,0,0.4249,1,7290.0,0.673076923076923,6.75,0
LEAD0476,Referral,Finance,Small,34900.0,7,4.1,North America,78,0,0.8378,1,27222.0,1.3725490196078431,9.75,0
LEAD0477,Website,Finance,Small,19600.0,9,7.2,Asia-Pacific,64,1,0.6442,0,12544.0,1.0975609756097562,6.4,0
LEAD0478,Email,Retail,Small,20600.0,5,7.0,Europe,33,1,0.2381,0,6798.0,0.625,5.5,0
LEAD0479,Referral,Retail,Small,6500.0,2,4.2,Middle East,75,0,0.8026,1,4875.0,0.3846153846153846,25.0,0
LEAD0480,Email,Finance,Small,10400.0,8,18.6,North America,71,0,0.5504,0,7384.0,0.4081632653061224,7.888888888888889,0
LEAD0481,Cold Call,Education,Small,39300.0,10,6.4,Europe,42,1,0.1987,0,16506.0,1.3513513513513513,3.8181818181818183,0
LEAD0482,Cold Call,Tech,Medium,3800.0,3,9.7,North America,61,1,0.1905,1,2318.0,0.28037383177570097,15.25,0
LEAD0483,Email,Finance,Medium,41000.0,6,2.1,Europe,97,1,0.9245,1,39770.0,1.9354838709677418,13.857142857142858,0
LEAD0484,Cold Call,Retail,Small,15200.0,7,7.8,Asia-Pacific,45,1,0.2856,0,6840.0,0.7954545454545454,5.625,0
LEAD0485,Email,Retail,Small,38300.0,3,17.3,Asia-Pacific,70,1,0.4869,1,26810.0,0.16393442622950818,17.5,0
LEAD0486,LinkedIn,Manufacturing,Medium,9700.0,11,7.2,Asia-Pacific,33,1,0.5506,1,3201.0,1.3414634146341464,2.75,0
LEAD0487,Website,Tech,Small,10300.0,6,9.9,South America,44,1,0.6148,0,4532.0,0.5504587155963303,6.285714285714286,0
LEAD0488,Website,Retail,Large,29900.0,3,14.6,North America,71,1,0.5725,1,21229.0,0.19230769230769232,17.75,0
LEAD0489,Referral,Healthcare,Medium,32700.0,6,6.0,North America,60,2,0.8114,1,19620.0,0.8571428571428571,8.571428571428571,0
LEAD0490,LinkedIn,Manufacturing,Small,7200.0,8,5.3,Asia-Pacific,51,1,0.4621,0,3672.0,1.2698412698412698,5.666666666666667,0
LEAD0491,Email,Tech,Small,74100.0,6,1.2,Europe,89,1,0.9133,1,65949.0,2.727272727272727,12.714285714285714,1
LEAD0492,Cold Call,Retail,Small,3800.0,6,10.6,North America,37,1,0.0941,0,1406.0,0.5172413793103449,5.285714285714286,0
LEAD0493,Website,Healthcare,Small,3400.0,4,14.8,Europe,52,0,0.4797,0,1768.0,0.2531645569620253,10.4,0
LEAD0494,Website,Tech,Small,20100.0,8,10.5,Europe,65,1,0.8085,1,13065.0,0.6956521739130435,7.222222222222222,0
LEAD0495,Email,Finance,Medium,27700.0,3,4.1,North America,38,2,0.1207,0,10526.0,0.5882352941176471,9.5,0
LEAD0496,Email,Finance,Small,66800.0,12,3.8,Asia-Pacific,65,0,0.853,1,43420.0,2.5,5.0,0
LEAD0497,Email,Healthcare,Medium,12400.0,7,2.2,Europe,76,1,0.7969,1,9424.0,2.1875,9.5,0
LEAD0498,Website,Education,Medium,2500.0,6,0.7,North America,53,0,0.7601,1,1325.0,3.5294117647058822,7.571428571428571,0
LEAD0499,Referral,Healthcare,Small,20500.0,7,6.8,North America,41,1,0.5995,1,8405.0,0.8974358974358975,5.125,0
LEAD0500,Referral,Healthcare,Small,8800.0,5,2.2,South America,49,1,0.7705,1,4312.0,1.5625,8.166666666666666,0
LEAD0501,Cold Call,Healthcare,Small,13300.0,5,14.2,Middle East,1,1,0.0264,0,133.0,0.32894736842105265,0.16666666666666666,0
LEAD0502,Email,Tech,Small,15400.0,6,39.3,Asia-Pacific,75,0,0.279,0,11550.0,0.14888337468982632,10.714285714285714,0
LEAD0503,Website,Tech,Medium,3300.0,6,1.0,North America,60,1,0.8012,0,1980.0,3.0,8.571428571428571,0
LEAD0504,LinkedIn,Finance,Small,15300.0,2,26.9,Middle East,51,0,0.1425,0,7803.0,0.07168458781362008,17.0,0
LEAD0505,Cold Call,Finance,Medium,13100.0,8,13.0,Asia-Pacific,22,1,0.1223,0,2882.0,0.5714285714285714,2.4444444444444446,0
LEAD0506,Website,Tech,Small,26900.0,10,23.7,Asia-Pacific,77,1,0.8887,1,20713.0,0.4048582995951417,7.0,0
LEAD0507,LinkedIn,Healthcare,Small,22800.0,7,2.1,Asia-Pacific,46,1,0.6454,0,10488.0,2.258064516129032,5.75,0
LEAD0508,LinkedIn,Finance,Medium,6100.0,7,28.5,North America,66,0,0.5548,1,4026.0,0.23728813559322035,8.25,0
LEAD0509,Referral,Tech,Medium,6600.0,4,38.1,Europe,55,1,0.62,0,3630.0,0.10230179028132992,11.0,0
LEAD0510,Cold Call,Finance,Small,7800.0,7,28.6,North America,23,1,0.0707,0,1794.0,0.23648648648648649,2.875,0
LEAD0511,Cold Call,Tech,Small,5900.0,9,18.6,North America,80,1,0.4927,0,4720.0,0.4591836734693877,8.0,0
LEAD0512,Email,Manufacturing,Medium,23400.0,9,1.2,Asia-Pacific,77,0,0.602,0,18018.0,4.090909090909091,7.7,1
LEAD0513,Referral,Education,Small,105800.0,9,3.1,South America,70,0,0.9318,1,74060.0,2.1951219512195124,7.0,0
LEAD0514,LinkedIn,Retail,Small,23100.0,7,29.4,Asia-Pacific,61,2,0.3234,1,14091.0,0.23026315789473686,7.625,0
LEAD0515,Website,Tech,Medium,20700.0,5,3.2,Europe,31,1,0.7877,1,6417.0,1.1904761904761905,5.166666666666667,0
LEAD0516,Website,Retail,Small,12600.0,4,5.2,North America,72,1,0.7361,1,9072.0,0.6451612903225806,14.4,0
LEAD0517,Email,Education,Medium,9500.0,6,0.7,North America,99,2,0.9297,1,9405.0,3.5294117647058822,14.142857142857142,1
LEAD0518,LinkedIn,Retail,Medium,50400.0,6,12.0,North America,57,0,0.6039,1,28728.0,0.46153846153846156,8.142857142857142,0
LEAD0519,Referral,Tech,Medium,71500.0,4,10.0,Europe,58,1,0.8763,1,41470.0,0.36363636363636365,11.6,0
LEAD0520,Website,Healthcare,Medium,15700.0,5,39.3,Europe,33,1,0.4816,0,5181.0,0.12406947890818859,5.5,0
LEAD0521,Email,Education,Medium,8900.0,7,26.8,North America,14,3,0.0504,0,1246.0,0.2517985611510791,1.75,0
LEAD0522,Email,Healthcare,Medium,31400.0,5,8.6,Middle East,48,0,0.4619,0,15072.0,0.5208333333333334,8.0,0
LEAD0523,Referral,Healthcare,Large,4800.0,7,11.4,North America,85,0,0.8979,1,4080.0,0.564516129032258,10.625,0
LEAD0524,LinkedIn,Finance,Small,31000.0,4,6.5,Asia-Pacific,82,0,0.7498,0,25420.0,0.5333333333333333,16.4,0
LEAD0525,LinkedIn,Healthcare,Small,36200.0,4,1.8,Europe,54,0,0.5117,1,19548.0,1.4285714285714286,10.8,0
LEAD0526,Email,Tech,Medium,4700.0,5,24.4,North America,64,1,0.463,0,3008.0,0.1968503937007874,10.666666666666666,0
LEAD0527,Email,Healthcare,Medium,77300.0,6,9.7,Asia-Pacific,31,0,0.2983,1,23963.0,0.5607476635514019,4.428571428571429,0
LEAD0528,Website,Tech,Small,86700.0,4,6.7,Asia-Pacific,57,0,0.6947,0,49419.0,0.5194805194805194,11.4,0
LEAD0529,Website,Finance,Large,57200.0,10,1.0,Europe,45,2,0.9361,1,25740.0,5.0,4.090909090909091,0
LEAD0530,LinkedIn,Tech,Small,15700.0,4,13.2,Europe,56,2,0.599,1,8792.0,0.28169014084507044,11.2,0
LEAD0531,LinkedIn,Healthcare,Medium,7600.0,5,6.2,North America,50,0,0.6879,1,3800.0,0.6944444444444444,8.333333333333334,0
LEAD0532,Referral,Tech,Medium,19400.0,6,3.6,Asia-Pacific,49,1,0.9035,1,9506.0,1.3043478260869565,7.0,0
LEAD0533,Referral,Retail,Large,12900.0,2,25.2,South America,75,2,0.6967,1,9675.0,0.07633587786259542,25.0,0
LEAD0534,Email,Retail,Small,6600.0,3,2.5,North America,94,1,0.6614,1,6204.0,0.8571428571428571,23.5,0
LEAD0535,LinkedIn,Tech,Medium,13000.0,6,8.8,North America,52,0,0.5712,1,6760.0,0.6122448979591836,7.428571428571429,0
LEAD0536,Referral,Tech,Small,23800.0,7,19.2,South America,83,0,0.8968,1,19754.0,0.34653465346534656,10.375,0
LEAD0537,LinkedIn,Tech,Small,3500.0,4,22.8,North America,30,0,0.1934,0,1050.0,0.1680672268907563,6.0,0
LEAD0538,Website,Education,Small,10100.0,6,20.6,Asia-Pacific,53,1,0.5449,0,5353.0,0.27777777777777773,7.571428571428571,0
LEAD0539,Email,Healthcare,Medium,2400.0,6,27.3,Europe,29,0,0.092,0,696.0,0.21201413427561838,4.142857142857143,0
LEAD0540,Website,Finance,Small,29700.0,7,1.9,Europe,49,1,0.809,0,14553.0,2.413793103448276,6.125,0
LEAD0541,Referral,Tech,Small,22500.0,2,34.0,Europe,69,1,0.3819,0,15525.0,0.05714285714285714,23.0,0
LEAD0542,Cold Call,Healthcare,Medium,3300.0,7,0.2,North America,77,0,0.8165,0,2541.0,5.833333333333334,9.625,1
LEAD0543,Website,Education,Medium,68900.0,6,3.6,North America,39,0,0.6611,1,26871.0,1.3043478260869565,5.571428571428571,0
LEAD0544,Cold Call,Education,Medium,2500.0,8,1.2,Asia-Pacific,64,0,0.4173,0,1600.0,3.6363636363636362,7.111111111111111,0
LEAD0545,Cold Call,Healthcare,Large,19800.0,3,35.0,Asia-Pacific,80,2,0.2504,0,15840.0,0.08333333333333333,20.0,0
LEAD0546,Email,Tech,Small,32000.0,3,6.7,Asia-Pacific,77,1,0.5598,1,24640.0,0.38961038961038963,19.25,0
LEAD0547,Website,Tech,Large,33000.0,4,4.6,Europe,60,0,0.6605,1,19800.0,0.7142857142857143,12.0,0
LEAD0548,Cold Call,Tech,Large,2700.0,3,2.3,North America,43,0,0.1518,0,1161.0,0.9090909090909092,10.75,0
LEAD0549,Email,Tech,Small,49400.0,5,2.1,North America,41,1,0.5762,0,20254.0,1.6129032258064515,6.833333333333333,0
LEAD0550,LinkedIn,Tech,Small,52100.0,4,11.5,Asia-Pacific,38,0,0.1989,1,19798.0,0.32,7.6,0
LEAD0551,Email,Tech,Small,18500.0,6,0.7,Europe,54,1,0.7847,0,9990.0,3.5294117647058822,7.714285714285714,0
LEAD0552,LinkedIn,Finance,Small,15200.0,6,10.9,North America,39,1,0.2678,1,5928.0,0.5042016806722689,5.571428571428571,0
LEAD0553,Email,Manufacturing,Medium,2900.0,6,18.0,North America,69,1,0.6797,0,2001.0,0.3157894736842105,9.857142857142858,0
LEAD0554,Email,Healthcare,Medium,18500.0,8,11.1,North America,60,0,0.7367,1,11100.0,0.6611570247933884,6.666666666666667,0
LEAD0555,LinkedIn,Education,Medium,12500.0,5,21.1,North America,59,2,0.7208,1,7375.0,0.2262443438914027,9.833333333333334,0
LEAD0556,Email,Retail,Medium,31600.0,5,3.8,Asia-Pacific,18,0,0.2305,0,5688.0,1.0416666666666667,3.0,0
LEAD0557,Website,Tech,Small,12300.0,4,1.1,South America,56,0,0.667,1,6888.0,1.9047619047619047,11.2,0
LEAD0558,Website,Retail,Large,25000.0,7,15.4,South America,46,0,0.3385,0,11500.0,0.426829268292683,5.75,0
LEAD0559,LinkedIn,Tech,Small,4100.0,5,21.2,South America,98,3,0.8948,1,4018.0,0.22522522522522523,16.333333333333332,0
LEAD0560,Cold Call,Healthcare,Large,4900.0,6,8.5,South America,29,0,0.0646,0,1421.0,0.631578947368421,4.142857142857143,0
LEAD0561,Cold Call,Finance,Small,5000.0,6,20.7,Europe,51,2,0.1232,0,2550.0,0.2764976958525346,7.285714285714286,0
LEAD0562,Website,Manufacturing,Large,2900.0,8,7.4,North America,63,0,0.6875,0,1827.0,0.9523809523809523,7.0,0
LEAD0563,Website,Tech,Small,17600.0,4,2.8,Asia-Pacific,36,0,0.4039,0,6336.0,1.0526315789473684,7.2,0
LEAD0564,Website,Tech,Small,33600.0,8,7.8,North America,94,1,0.9009,1,31584.0,0.9090909090909091,10.444444444444445,0
LEAD0565,Email,Manufacturing,Small,20900.0,4,3.0,North America,94,2,0.8732,1,19646.0,1.0,18.8,0
LEAD0566,Email,Tech,Medium,19100.0,7,7.8,North America,38,1,0.5123,0,7258.0,0.7954545454545454,4.75,0
LEAD0567,Email,Retail,Large,24800.0,7,2.0,Europe,43,0,0.5964,1,10664.0,2.3333333333333335,5.375,0
LEAD0568,Email,Retail,Small,10300.0,4,2.6,North America,98,2,0.884,1,10094.0,1.1111111111111112,19.6,0
LEAD0569,LinkedIn,Education,Large,11000.0,6,25.8,North America,83,0,0.7156,0,9130.0,0.22388059701492538,11.857142857142858,0
LEAD0570,Website,Manufacturing,Medium,9500.0,5,1.6,Europe,48,0,0.643,0,4560.0,1.923076923076923,8.0,0
LEAD0571,Email,Manufacturing,Medium,26900.0,8,3.1,South America,64,1,0.7799,0,17216.0,1.9512195121951221,7.111111111111111,0
LEAD0572,LinkedIn,Tech,Medium,5500.0,7,48.0,Europe,27,0,0.1192,1,1485.0,0.14285714285714285,3.375,0
LEAD0573,Email,Education,Small,2300.0,5,10.4,South America,99,1,0.7452,1,2277.0,0.43859649122807015,16.5,0
LEAD0574,Cold Call,Healthcare,Small,20100.0,4,10.7,North America,56,1,0.1956,0,11256.0,0.3418803418803419,11.2,0
LEAD0575,LinkedIn,Healthcare,Large,59100.0,5,22.5,North America,67,3,0.841,1,39597.0,0.2127659574468085,11.166666666666666,0
LEAD0576,Referral,Tech,Large,20800.0,4,9.0,Europe,36,1,0.7585,1,7488.0,0.4,7.2,0
LEAD0577,Website,Retail,Large,32500.0,11,3.1,Europe,32,0,0.5933,0,10400.0,2.682926829268293,2.6666666666666665,0
LEAD0578,LinkedIn,Manufacturing,Large,24300.0,5,6.7,Asia-Pacific,64,1,0.6681,1,15552.0,0.6493506493506493,10.666666666666666,0
LEAD0579,Email,Manufacturing,Small,15800.0,2,17.0,Asia-Pacific,93,0,0.5631,1,14694.0,0.1111111111111111,31.0,0
LEAD0580,Website,Finance,Medium,27300.0,4,24.8,Asia-Pacific,44,1,0.3472,1,12012.0,0.15503875968992248,8.8,0
LEAD0581,Email,Tech,Small,36800.0,5,3.9,Middle East,35,0,0.3707,0,12880.0,1.0204081632653061,5.833333333333333,0
LEAD0582,Referral,Finance,Large,7100.0,5,3.7,North America,61,0,0.8947,1,4331.0,1.0638297872340425,10.166666666666666,0
LEAD0583,Email,Education,Small,10200.0,5,4.9,North America,88,1,0.754,0,8976.0,0.847457627118644,14.666666666666666,0
LEAD0584,Website,Retail,Medium,7100.0,6,11.0,Europe,42,1,0.6531,1,2982.0,0.5,6.0,0
LEAD0585,Cold Call,Finance,Medium,14000.0,6,4.0,North America,50,0,0.4719,1,7000.0,1.2,7.142857142857143,0
LEAD0586,Website,Tech,Small,45300.0,8,26.9,North America,72,1,0.7198,1,32616.0,0.28673835125448033,8.0,0
LEAD0587,Website,Finance,Small,10500.0,6,45.9,North America,74,2,0.6439,0,7770.0,0.1279317697228145,10.571428571428571,0
LEAD0588,Website,Finance,Large,11400.0,12,13.7,North America,49,0,0.5971,1,5586.0,0.8163265306122449,3.769230769230769,0
LEAD0589,Website,Manufacturing,Medium,41400.0,5,42.3,North America,77,1,0.7391,1,31878.0,0.11547344110854504,12.833333333333334,0
LEAD0590,Website,Healthcare,Small,16500.0,4,4.2,North America,66,0,0.4271,0,10890.0,0.7692307692307692,13.2,0
LEAD0591,Website,Finance,Medium,17300.0,5,20.4,Asia-Pacific,55,1,0.7153,0,9515.0,0.23364485981308414,9.166666666666666,0
LEAD0592,Cold Call,Healthcare,Medium,41400.0,1,13.7,Europe,73,1,0.3126,0,30222.0,0.06802721088435375,36.5,0
LEAD0593,Website,Tech,Small,15500.0,7,3.8,Asia-Pacific,70,0,0.8381,1,10850.0,1.4583333333333335,8.75,0
LEAD0594,Website,Manufacturing,Small,24900.0,8,4.7,Asia-Pacific,34,0,0.3853,0,8466.0,1.4035087719298245,3.7777777777777777,0
LEAD0595,LinkedIn,Finance,Large,3800.0,2,8.1,North America,85,1,0.7645,0,3230.0,0.21978021978021978,28.333333333333332,0
LEAD0596,Email,Finance,Medium,5900.0,6,18.9,North America,62,2,0.4912,0,3658.0,0.30150753768844224,8.857142857142858,0
LEAD0597,Cold Call,Finance,Medium,12400.0,7,24.8,North America,83,0,0.4422,0,10292.0,0.2713178294573643,10.375,0
LEAD0598,Website,Retail,Medium,15700.0,5,12.2,Asia-Pacific,56,0,0.6227,0,8792.0,0.3787878787878788,9.333333333333334,0
LEAD0599,Website,Retail,Small,69500.0,4,15.4,Asia-Pacific,60,1,0.768,1,41700.0,0.24390243902439027,12.0,0
LEAD0600,Website,Retail,Small,72600.0,4,3.8,North America,63,0,0.8396,1,45738.0,0.8333333333333334,12.6,0
LEAD0601,Website,Tech,Small,40100.0,4,16.3,North America,66,0,0.5922,1,26466.0,0.23121387283236994,13.2,0
LEAD0602,Website,Finance,Small,9600.0,5,11.2,Middle East,86,0,0.8154,1,8256.0,0.4098360655737705,14.333333333333334,0
LEAD0603,Website,Tech,Medium,68500.0,7,3.1,Europe,64,0,0.7841,1,43840.0,1.707317073170732,8.0,0
LEAD0604,Website,Retail,Large,25400.0,4,36.1,Asia-Pacific,54,1,0.6712,0,13716.0,0.10781671159029649,10.8,0
LEAD0605,Website,Tech,Small,12000.0,5,8.7,North America,75,1,0.7146,1,9000.0,0.5154639175257733,12.5,0
LEAD0606,Email,Healthcare,Small,26200.0,7,19.1,North America,64,0,0.432,0,16768.0,0.34825870646766166,8.0,0
LEAD0607,Website,Education,Medium,2300.0,6,9.0,Asia-Pacific,100,1,0.8713,1,2300.0,0.6,14.285714285714286,0
LEAD0608,Email,Education,Large,5200.0,8,32.5,Asia-Pacific,61,0,0.4326,0,3172.0,0.23880597014925373,6.777777777777778,0
LEAD0609,Email,Finance,Medium,37400.0,6,1.9,Asia-Pacific,80,1,0.8972,0,29920.0,2.0689655172413794,11.428571428571429,1
LEAD0610,Cold Call,Finance,Large,22700.0,2,9.6,Europe,73,2,0.4445,1,16571.0,0.18867924528301888,24.333333333333332,0
LEAD0611,Website,Tech,Medium,11100.0,9,0.4,Europe,14,1,0.6908,1,1554.0,6.428571428571429,1.4,0
LEAD0612,LinkedIn,Retail,Medium,15900.0,7,2.7,Asia-Pacific,40,0,0.5524,1,6360.0,1.8918918918918919,5.0,0
LEAD0613,Cold Call,Education,Small,49100.0,5,4.1,North America,46,0,0.0625,0,22586.0,0.9803921568627452,7.666666666666667,0
LEAD0614,Website,Tech,Small,22000.0,11,7.8,North America,25,0,0.4797,0,5500.0,1.25,2.0833333333333335,0
LEAD0615,LinkedIn,Finance,Small,12200.0,4,20.7,South America,47,2,0.4387,1,5734.0,0.18433179723502305,9.4,0
LEAD0616,LinkedIn,Education,Medium,4600.0,6,7.6,North America,28,0,0.156,0,1288.0,0.6976744186046512,4.0,0
LEAD0617,Website,Education,Large,9000.0,7,10.0,Europe,33,2,0.6209,1,2970.0,0.6363636363636364,4.125,0
LEAD0618,Website,Tech,Large,78600.0,6,31.0,Asia-Pacific,60,0,0.3451,0,47160.0,0.1875,8.571428571428571,0
LEAD0619,LinkedIn,Healthcare,Small,13500.0,8,17.1,Middle East,93,0,0.8563,1,12555.0,0.4419889502762431,10.333333333333334,0
LEAD0620,Cold Call,Tech,Small,14800.0,7,0.7,Europe,28,2,0.1481,0,4144.0,4.11764705882353,3.5,0
LEAD0621,Website,Tech,Small,15800.0,4,2.4,Europe,31,0,0.5106,0,4898.0,1.1764705882352942,6.2,0
LEAD0622,Website,Manufacturing,Small,45100.0,9,0.6,Asia-Pacific,44,1,0.7819,1,19844.0,5.625,4.4,0
LEAD0623,Email,Education,Medium,20500.0,7,1.0,Asia-Pacific,52,0,0.3109,0,10660.0,3.5,6.5,0
LEAD0624,Email,Retail,Large,25700.0,8,5.1,Asia-Pacific,24,0,0.4095,0,6168.0,1.3114754098360657,2.6666666666666665,0
LEAD0625,Cold Call,Tech,Large,11900.0,7,15.7,Europe,41,1,0.1915,0,4879.0,0.4191616766467066,5.125,0
LEAD0626,Email,Education,Medium,2600.0,5,3.5,North America,39,2,0.4683,1,1014.0,1.1111111111111112,6.5,0
LEAD0627,Email,Finance,Medium,55500.0,7,6.1,Europe,61,1,0.5546,1,33855.0,0.9859154929577465,7.625,0
LEAD0628,Cold Call,Finance,Medium,61600.0,7,6.1,South America,64,0,0.3628,0,39424.0,0.9859154929577465,8.0,0
LEAD0629,Website,Healthcare,Small,61600.0,5,10.8,South America,52,1,0.3748,1,32032.0,0.423728813559322,8.666666666666666,0
LEAD0630,Website,Tech,Medium,59500.0,4,26.9,North America,47,0,0.4877,1,27965.0,0.14336917562724016,9.4,0
LEAD0631,Cold Call,Retail,Medium,35800.0,7,48.0,Europe,41,1,0.1019,0,14678.0,0.14285714285714285,5.125,0
LEAD0632,LinkedIn,Healthcare,Medium,25100.0,3,11.2,Europe,56,1,0.3787,0,14056.0,0.24590163934426232,14.0,0
LEAD0633,Email,Tech,Small,39200.0,8,8.5,Middle East,35,0,0.335,0,13720.0,0.8421052631578947,3.888888888888889,0
LEAD0634,Email,Tech,Small,20400.0,7,13.8,Asia-Pacific,86,1,0.6206,1,17544.0,0.47297297297297297,10.75,0
LEAD0635,Website,Tech,Small,4900.0,3,13.3,Europe,25,0,0.1309,0,1225.0,0.2097902097902098,6.25,0
LEAD0636,Email,Tech,Large,11900.0,7,9.0,North America,42,1,0.4321,0,4998.0,0.7,5.25,0
LEAD0637,Email,Healthcare,Small,73000.0,4,16.1,Europe,72,2,0.8555,1,52560.0,0.23391812865497075,14.4,0
LEAD0638,Website,Education,Medium,10700.0,6,8.2,North America,47,0,0.3534,0,5029.0,0.6521739130434783,6.714285714285714,0
LEAD0639,Website,Tech,Medium,42500.0,7,48.0,Asia-Pacific,68,0,0.5905,0,28900.0,0.14285714285714285,8.5,0
LEAD0640,Email,Tech,Small,4000.0,4,0.7,Asia-Pacific,89,1,0.8403,1,3560.0,2.3529411764705883,17.8,1
LEAD0641,Website,Healthcare,Medium,10100.0,7,7.1,Europe,72,1,0.6515,1,7272.0,0.8641975308641976,9.0,0
LEAD0642,Website,Education,Large,10600.0,8,6.2,Europe,31,0,0.5038,0,3286.0,1.1111111111111112,3.4444444444444446,0
LEAD0643,Website,Finance,Small,3100.0,5,17.8,South America,32,0,0.3484,0,992.0,0.26595744680851063,5.333333333333333,0
LEAD0644,Website,Finance,Large,4500.0,4,2.6,North America,51,1,0.744,1,2295.0,1.1111111111111112,10.2,0
LEAD0645,Website,Healthcare,Small,6300.0,10,6.9,North America,64,0,0.6691,1,4032.0,1.2658227848101264,5.818181818181818,0
LEAD0646,LinkedIn,Tech,Small,38400.0,8,14.5,Middle East,79,1,0.9185,1,30336.0,0.5161290322580645,8.777777777777779,0
LEAD0647,Email,Tech,Large,3300.0,7,11.2,Asia-Pacific,39,0,0.3584,1,1287.0,0.5737704918032788,4.875,0
LEAD0648,Cold Call,Retail,Medium,9100.0,12,9.6,Asia-Pacific,45,0,0.2634,1,4095.0,1.1320754716981132,3.4615384615384617,0
LEAD0649,LinkedIn,Healthcare,Large,2200.0,2,7.0,North America,50,1,0.331,0,1100.0,0.25,16.666666666666668,0
LEAD0650,Email,Healthcare,Medium,25800.0,8,16.8,North America,50,1,0.5352,0,12900.0,0.449438202247191,5.555555555555555,0
LEAD0651,Website,Retail,Large,21400.0,8,12.6,North America,85,0,0.911,1,18190.0,0.5882352941176471,9.444444444444445,0
LEAD0652,Email,Retail,Medium,22700.0,5,25.0,North America,53,0,0.4431,1,12031.0,0.19230769230769232,8.833333333333334,0
LEAD0653,Email,Tech,Medium,11400.0,5,15.9,Asia-Pacific,58,0,0.4449,1,6612.0,0.2958579881656805,9.666666666666666,0
LEAD0654,Cold Call,Finance,Medium,6700.0,3,1.9,North America,73,0,0.416,0,4891.0,1.0344827586206897,18.25,0
LEAD0655,Email,Tech,Small,27500.0,7,11.7,Asia-Pacific,87,0,0.7422,1,23925.0,0.5511811023622047,10.875,0
LEAD0656,Website,Tech,Large,35300.0,6,0.6,North America,54,0,0.8622,0,19062.0,3.75,7.714285714285714,0
LEAD0657,Website,Retail,Small,5000.0,7,6.0,North America,80,2,0.8104,1,4000.0,1.0,10.0,0
LEAD0658,Email,Education,Medium,15300.0,10,6.5,Middle East,92,1,0.8781,1,14076.0,1.3333333333333333,8.363636363636363,0
LEAD0659,Cold Call,Manufacturing,Small,7700.0,7,23.3,North America,53,2,0.2508,0,4081.0,0.28806584362139914,6.625,0
LEAD0660,Email,Healthcare,Medium,5700.0,7,2.5,North America,44,0,0.65,1,2508.0,2.0,5.5,0
LEAD0661,Email,Tech,Small,28500.0,8,12.5,North America,99,1,0.9543,0,28215.0,0.5925925925925926,11.0,0
LEAD0662,Referral,Tech,Small,17400.0,7,2.7,North America,77,0,0.9353,1,13398.0,1.8918918918918919,9.625,0
LEAD0663,Cold Call,Education,Large,6900.0,9,35.7,Europe,55,0,0.1622,0,3795.0,0.24523160762942778,5.5,0
LEAD0664,Website,Healthcare,Small,9400.0,3,9.1,North America,68,1,0.3072,1,6392.0,0.297029702970297,17.0,0
LEAD0665,Website,Healthcare,Medium,70000.0,6,14.9,Asia-Pacific,34,1,0.7022,1,23800.0,0.3773584905660377,4.857142857142857,0
LEAD0666,Website,Retail,Small,39800.0,11,12.6,Asia-Pacific,77,0,0.787,0,30646.0,0.8088235294117647,6.416666666666667,0
LEAD0667,Website,Retail,Small,44400.0,4,4.4,Europe,19,0,0.1631,0,8436.0,0.7407407407407407,3.8,0
LEAD0668,Website,Education,Small,14300.0,7,27.9,North America,76,0,0.3435,1,10868.0,0.24221453287197234,9.5,0
LEAD0669,Website,Tech,Medium,21600.0,7,11.9,Europe,41,0,0.4063,1,8856.0,0.5426356589147286,5.125,0
LEAD0670,Website,Retail,Small,11500.0,8,8.7,North America,22,1,0.5164,0,2530.0,0.8247422680412372,2.4444444444444446,0
LEAD0671,Website,Education,Large,3600.0,4,9.1,Europe,15,0,0.2309,0,540.0,0.39603960396039606,3.0,0
LEAD0672,LinkedIn,Tech,Small,12300.0,11,26.7,Asia-Pacific,45,1,0.2566,1,5535.0,0.39711191335740076,3.75,0
LEAD0673,Website,Healthcare,Small,20000.0,5,0.8,North America,69,1,0.8248,1,13800.0,2.7777777777777777,11.5,0
LEAD0674,Email,Finance,Small,8800.0,6,6.0,Asia-Pacific,27,0,0.1588,0,2376.0,0.8571428571428571,3.857142857142857,0
LEAD0675,Email,Manufacturing,Small,39700.0,2,22.2,South America,30,0,0.0475,0,11910.0,0.08620689655172414,10.0,0
LEAD0676,Referral,Tech,Medium,5300.0,5,0.6,Asia-Pacific,45,0,0.875,1,2385.0,3.125,7.5,0
LEAD0677,Website,Healthcare,Large,11100.0,5,12.3,North America,71,0,0.8729,1,7881.0,0.37593984962406013,11.833333333333334,0
LEAD0678,Email,Tech,Medium,4700.0,7,6.3,Europe,74,1,0.7909,0,3478.0,0.9589041095890412,9.25,0
LEAD0679,Referral,Retail,Small,12400.0,3,2.8,South America,58,0,0.4396,0,7192.0,0.7894736842105263,14.5,0
LEAD0680,LinkedIn,Tech,Small,2800.0,6,11.4,North America,75,2,0.5972,1,2100.0,0.48387096774193544,10.714285714285714,0
LEAD0681,LinkedIn,Tech,Small,8400.0,6,21.4,Asia-Pacific,69,0,0.6365,1,5796.0,0.26785714285714285,9.857142857142858,0
LEAD0682,Website,Finance,Large,12200.0,6,7.7,North America,47,1,0.7673,0,5734.0,0.6896551724137931,6.714285714285714,0
LEAD0683,Website,Manufacturing,Small,15000.0,8,2.0,North America,73,2,0.8376,1,10950.0,2.6666666666666665,8.11111111111111,0
LEAD0684,Cold Call,Tech,Medium,17700.0,8,4.5,Asia-Pacific,29,2,0.2779,0,5133.0,1.4545454545454546,3.2222222222222223,0
LEAD0685,LinkedIn,Tech,Small,8400.0,7,47.9,Asia-Pacific,65,1,0.4341,1,5460.0,0.14314928425357873,8.125,0
LEAD0686,Email,Retail,Small,16800.0,5,1.5,Asia-Pacific,32,0,0.4572,0,5376.0,2.0,5.333333333333333,0
LEAD0687,Email,Healthcare,Small,16200.0,6,2.2,Middle East,58,1,0.7014,0,9396.0,1.875,8.285714285714286,0
LEAD0688,Website,Manufacturing,Small,9600.0,3,48.0,North America,79,0,0.2662,1,7584.0,0.061224489795918366,19.75,0
LEAD0689,LinkedIn,Tech,Medium,37500.0,5,25.8,North America,59,1,0.4102,0,22125.0,0.18656716417910446,9.833333333333334,0
LEAD0690,Website,Healthcare,Small,17800.0,10,14.8,South America,55,1,0.5848,0,9790.0,0.6329113924050632,5.0,0
LEAD0691,Website,Tech,Medium,10100.0,7,2.1,North America,60,1,0.6307,1,6060.0,2.258064516129032,7.5,0
LEAD0692,Email,Tech,Small,60900.0,5,3.4,Asia-Pacific,68,0,0.7552,1,41412.0,1.1363636363636362,11.333333333333334,0
LEAD0693,Email,Retail,Large,39300.0,9,2.5,Europe,98,1,0.97,1,38514.0,2.5714285714285716,9.8,0
LEAD0694,Website,Healthcare,Small,83000.0,6,12.1,North America,68,0,0.765,1,56440.0,0.4580152671755725,9.714285714285714,0
LEAD0695,Website,Retail,Large,25600.0,9,6.2,North America,45,1,0.6586,1,11520.0,1.25,4.5,0
LEAD0696,Cold Call,Finance,Medium,11500.0,4,0.7,Europe,51,1,0.7232,0,5865.0,2.3529411764705883,10.2,0
LEAD0697,Website,Finance,Large,8600.0,4,4.2,South America,37,1,0.7184,1,3182.0,0.7692307692307692,7.4,0
LEAD0698,Email,Finance,Small,23800.0,4,23.7,Asia-Pacific,30,2,0.2012,0,7140.0,0.16194331983805668,6.0,0
LEAD0699,Website,Manufacturing,Medium,81100.0,6,19.2,Europe,6,1,0.3671,1,4866.0,0.297029702970297,0.8571428571428571,0
LEAD0700,Email,Tech,Small,21700.0,9,12.5,Europe,46,1,0.5269,1,9982.0,0.6666666666666666,4.6,0
LEAD0701,Email,Tech,Small,44700.0,10,1.2,North America,27,0,0.3712,0,12069.0,4.545454545454545,2.4545454545454546,0
LEAD0702,Website,Finance,Small,10000.0,8,25.8,North America,57,1,0.6691,0,5700.0,0.29850746268656714,6.333333333333333,0
LEAD0703,Website,Healthcare,Small,12400.0,5,9.3,Europe,45,0,0.2818,0,5580.0,0.48543689320388345,7.5,0
LEAD0704,Website,Tech,Large,49300.0,7,8.3,North America,33,0,0.3656,1,16269.0,0.7526881720430108,4.125,0
LEAD0705,Website,Manufacturing,Small,30300.0,8,32.7,North America,13,1,0.1424,0,3939.0,0.2373887240356083,1.4444444444444444,0
LEAD0706,Referral,Tech,Medium,81700.0,3,0.2,Europe,48,1,0.8701,1,39216.0,2.5,12.0,0
LEAD0707,Website,Education,Medium,31800.0,4,9.8,Europe,20,2,0.1586,0,6360.0,0.37037037037037035,4.0,0
LEAD0708,LinkedIn,Tech,Medium,13900.0,3,18.9,North America,69,1,0.6125,0,9591.0,0.15075376884422112,17.25,0
LEAD0709,Website,Retail,Medium,17100.0,5,0.9,Europe,60,3,0.8405,1,10260.0,2.6315789473684212,10.0,0
LEAD0710,Cold Call,Manufacturing,Small,48200.0,6,5.4,Europe,50,0,0.1095,0,24100.0,0.9375,7.142857142857143,0
LEAD0711,LinkedIn,Tech,Medium,18000.0,7,45.6,North America,84,1,0.8137,1,15120.0,0.1502145922746781,10.5,0
LEAD0712,Email,Manufacturing,Small,7900.0,5,3.0,Middle East,55,3,0.4965,1,4345.0,1.25,9.166666666666666,0
LEAD0713,Email,Finance,Large,13400.0,1,9.2,North America,63,1,0.554,0,8442.0,0.09803921568627452,31.5,0
LEAD0714,Email,Manufacturing,Medium,16500.0,7,16.5,South America,69,1,0.6843,1,11385.0,0.4,8.625,0
LEAD0715,Website,Retail,Large,4000.0,5,6.0,North America,45,1,0.5304,0,1800.0,0.7142857142857143,7.5,0
LEAD0716,LinkedIn,Finance,Small,29200.0,4,6.4,South America,45,2,0.6107,0,13140.0,0.5405405405405405,9.0,0
LEAD0717,LinkedIn,Tech,Small,4300.0,6,0.9,North America,56,2,0.8253,1,2408.0,3.1578947368421053,8.0,0
LEAD0718,Referral,Finance,Small,12400.0,7,2.6,Asia-Pacific,28,1,0.7044,1,3472.0,1.9444444444444444,3.5,0
LEAD0719,Website,Tech,Small,34700.0,5,25.6,North America,91,1,0.8398,1,31577.0,0.18796992481203006,15.166666666666666,0
LEAD0720,Cold Call,Tech,Small,14600.0,6,20.6,Asia-Pacific,58,2,0.3777,1,8468.0,0.27777777777777773,8.285714285714286,0
LEAD0721,Referral,Tech,Medium,38900.0,5,4.5,Europe,51,0,0.7218,1,19839.0,0.9090909090909091,8.5,0
LEAD0722,Website,Finance,Small,10400.0,5,5.9,North America,97,1,0.9576,1,10088.0,0.7246376811594203,16.166666666666668,0
LEAD0723,Website,Retail,Medium,65200.0,5,7.1,Asia-Pacific,33,3,0.499,0,21516.0,0.617283950617284,5.5,0
LEAD0724,Cold Call,Tech,Large,6700.0,2,5.2,North America,86,0,0.3846,0,5762.0,0.3225806451612903,28.666666666666668,0
LEAD0725,Email,Tech,Medium,2800.0,7,12.8,South America,71,1,0.4621,1,1988.0,0.5072463768115941,8.875,0
LEAD0726,LinkedIn,Healthcare,Small,43200.0,6,0.3,North America,77,1,0.925,1,33264.0,4.615384615384615,11.0,1
LEAD0727,Website,Tech,Small,29900.0,5,25.6,Europe,51,0,0.384,0,15249.0,0.18796992481203006,8.5,0
LEAD0728,LinkedIn,Tech,Small,7300.0,7,4.4,Asia-Pacific,56,1,0.4349,0,4088.0,1.2962962962962963,7.0,0
LEAD0729,Website,Tech,Small,85700.0,6,24.8,North America,48,0,0.278,0,41136.0,0.23255813953488372,6.857142857142857,0
LEAD0730,Website,Manufacturing,Medium,16000.0,2,7.4,North America,75,1,0.4992,1,12000.0,0.23809523809523808,25.0,0
LEAD0731,Website,Education,Small,62300.0,4,18.1,Asia-Pacific,63,1,0.6047,1,39249.0,0.20942408376963348,12.6,0
LEAD0732,LinkedIn,Finance,Large,16100.0,7,21.1,Asia-Pacific,44,0,0.5396,1,7084.0,0.3167420814479638,5.5,0
LEAD0733,Cold Call,Retail,Medium,14800.0,6,4.4,South America,45,0,0.1595,0,6660.0,1.111111111111111,6.428571428571429,0
LEAD0734,Email,Healthcare,Medium,13900.0,3,12.4,North America,55,1,0.3238,1,7645.0,0.22388059701492538,13.75,0
LEAD0735,Email,Retail,Small,10200.0,7,11.3,Europe,48,0,0.3202,0,4896.0,0.5691056910569106,6.0,0
LEAD0736,LinkedIn,Retail,Small,17300.0,7,7.9,North America,84,0,0.7539,1,14532.0,0.7865168539325842,10.5,0
LEAD0737,Email,Healthcare,Medium,14000.0,5,7.7,North America,71,0,0.6416,1,9940.0,0.574712643678161,11.833333333333334,0
LEAD0738,LinkedIn,Tech,Small,2700.0,6,4.5,Asia-Pacific,71,2,0.6923,1,1917.0,1.0909090909090908,10.142857142857142,0
LEAD0739,Email,Tech,Small,8000.0,3,4.6,North America,60,0,0.2335,0,4800.0,0.5357142857142857,15.0,0
LEAD0740,Email,Finance,Small,6800.0,10,9.6,Europe,38,0,0.2703,0,2584.0,0.9433962264150944,3.4545454545454546,0
LEAD0741,Email,Education,Small,42400.0,5,0.5,Europe,69,1,0.7377,1,29256.0,3.3333333333333335,11.5,0
LEAD0742,Website,Healthcare,Medium,20300.0,3,32.7,Asia-Pacific,13,0,0.0484,0,2639.0,0.08902077151335311,3.25,0
LEAD0743,Cold Call,Education,Small,30900.0,2,12.7,South America,58,1,0.1335,0,17922.0,0.14598540145985403,19.333333333333332,0
LEAD0744,Email,Manufacturing,Medium,64900.0,6,7.1,Asia-Pacific,39,1,0.4741,0,25311.0,0.7407407407407408,5.571428571428571,0
LEAD0745,Website,Tech,Small,22700.0,3,0.9,Europe,37,0,0.4927,1,8399.0,1.5789473684210527,9.25,0
LEAD0746,LinkedIn,Retail,Medium,83000.0,9,12.0,Asia-Pacific,46,0,0.5409,0,38180.0,0.6923076923076923,4.6,0
LEAD0747,Email,Retail,Large,9500.0,7,0.3,Europe,53,0,0.6971,1,5035.0,5.384615384615384,6.625,0
LEAD0748,Email,Manufacturing,Large,6100.0,5,13.8,North America,55,3,0.4971,1,3355.0,0.33783783783783783,9.166666666666666,0
LEAD0749,LinkedIn,Manufacturing,Small,12300.0,4,1.0,North America,71,1,0.8282,0,8733.0,2.0,14.2,0
LEAD0750,Cold Call,Retail,Small,14700.0,9,12.9,North America,52,0,0.3035,0,7644.0,0.6474820143884892,5.2,0
LEAD0751,Website,Tech,Small,47100.0,1,6.3,Europe,53,0,0.1796,1,24963.0,0.136986301369863,26.5,0
LEAD0752,Referral,Retail,Medium,18400.0,5,13.1,Asia-Pacific,27,1,0.7885,1,4968.0,0.3546099290780142,4.5,0
LEAD0753,Cold Call,Tech,Medium,8900.0,3,1.9,North America,30,1,0.2656,0,2670.0,1.0344827586206897,7.5,0
LEAD0754,Website,Retail,Medium,29100.0,8,1.6,North America,61,0,0.8413,0,17751.0,3.0769230769230766,6.777777777777778,0
LEAD0755,Website,Manufacturing,Small,16100.0,3,3.5,South America,68,0,0.5634,1,10948.0,0.6666666666666666,17.0,0
LEAD0756,LinkedIn,Finance,Medium,5500.0,5,6.5,Asia-Pacific,50,1,0.6453,1,2750.0,0.6666666666666666,8.333333333333334,0
LEAD0757,Cold Call,Healthcare,Small,19200.0,6,3.6,Asia-Pacific,74,2,0.5255,1,14208.0,1.3043478260869565,10.571428571428571,0
LEAD0758,Email,Finance,Medium,50500.0,8,1.1,North America,27,0,0.5589,0,13635.0,3.8095238095238093,3.0,0
LEAD0759,LinkedIn,Finance,Small,39000.0,2,4.8,North America,63,0,0.4925,0,24570.0,0.3448275862068966,21.0,0
LEAD0760,LinkedIn,Finance,Medium,19700.0,6,14.8,North America,38,0,0.2309,0,7486.0,0.37974683544303794,5.428571428571429,0
LEAD0761,Website,Retail,Small,11500.0,7,10.6,North America,36,0,0.1731,0,4140.0,0.603448275862069,4.5,0
LEAD0762,Website,Manufacturing,Small,3800.0,3,39.8,North America,40,0,0.0903,0,1520.0,0.07352941176470588,10.0,0
LEAD0763,Website,Manufacturing,Medium,14700.0,4,7.0,Europe,53,0,0.5088,1,7791.0,0.5,10.6,0
LEAD0764,Cold Call,Tech,Small,29900.0,2,5.0,North America,64,1,0.1746,0,19136.0,0.3333333333333333,21.333333333333332,0
LEAD0765,Website,Education,Medium,10900.0,8,14.3,North America,62,0,0.6148,0,6758.0,0.5228758169934641,6.888888888888889,0
LEAD0766,Email,Retail,Medium,7400.0,4,6.5,North America,49,0,0.2263,1,3626.0,0.5333333333333333,9.8,0
LEAD0767,LinkedIn,Tech,Medium,55600.0,7,11.7,Europe,68,1,0.7779,1,37808.0,0.5511811023622047,8.5,0
LEAD0768,LinkedIn,Tech,Small,36500.0,5,35.2,Europe,89,1,0.6366,1,32485.0,0.13812154696132595,14.833333333333334,0
LEAD0769,Website,Tech,Small,22300.0,5,8.4,Europe,53,1,0.7537,1,11819.0,0.5319148936170213,8.833333333333334,0
LEAD0770,LinkedIn,Manufacturing,Medium,4900.0,10,8.4,North America,57,0,0.5953,1,2793.0,1.0638297872340425,5.181818181818182,0
LEAD0771,Website,Healthcare,Small,5100.0,12,18.0,North America,43,0,0.4554,1,2193.0,0.631578947368421,3.3076923076923075,0
LEAD0772,LinkedIn,Retail,Medium,4200.0,9,17.0,North America,47,0,0.5497,0,1974.0,0.5,4.7,0
LEAD0773,Website,Tech,Small,21200.0,8,8.8,North America,80,1,0.9629,1,16960.0,0.8163265306122448,8.88888888888889,0
LEAD0774,Email,Retail,Small,4500.0,6,0.9,South America,80,0,0.6916,1,3600.0,3.1578947368421053,11.428571428571429,1
LEAD0775,LinkedIn,Tech,Small,39000.0,6,47.5,Middle East,51,0,0.1776,0,19890.0,0.12371134020618557,7.285714285714286,0
LEAD0776,Website,Finance,Small,101100.0,9,5.8,Europe,65,0,0.77,0,65715.0,1.3235294117647058,6.5,0
LEAD0777,Website,Healthcare,Small,11100.0,7,4.7,South America,73,3,0.5588,0,8103.0,1.2280701754385965,9.125,0
LEAD0778,Cold Call,Tech,Medium,14100.0,6,48.0,Europe,46,2,0.1502,0,6486.0,0.12244897959183673,6.571428571428571,0
LEAD0779,Cold Call,Education,Medium,26900.0,7,24.8,North America,29,1,0.0907,0,7801.0,0.2713178294573643,3.625,0
LEAD0780,Cold Call,Tech,Small,57300.0,5,4.9,Middle East,69,0,0.5673,1,39537.0,0.847457627118644,11.5,0
LEAD0781,Cold Call,Retail,Large,46900.0,6,4.5,North America,73,1,0.4143,0,34237.0,1.0909090909090908,10.428571428571429,0
LEAD0782,Email,Finance,Medium,3200.0,5,15.4,Asia-Pacific,70,1,0.5244,1,2240.0,0.30487804878048785,11.666666666666666,0
LEAD0783,Website,Healthcare,Large,5700.0,4,5.0,North America,48,1,0.6695,1,2736.0,0.6666666666666666,9.6,0
LEAD0784,Website,Tech,Medium,30100.0,6,3.6,North America,85,2,0.9609,1,25585.0,1.3043478260869565,12.142857142857142,0
LEAD0785,Website,Tech,Medium,25400.0,8,46.8,Europe,61,0,0.7185,1,15494.0,0.1673640167364017,6.777777777777778,0
LEAD0786,LinkedIn,Manufacturing,Small,4900.0,7,10.1,Europe,32,2,0.3989,1,1568.0,0.6306306306306306,4.0,0
LEAD0787,Email,Tech,Small,15900.0,9,17.4,North America,23,2,0.354,0,3657.0,0.48913043478260876,2.3,0
LEAD0788,Email,Education,Small,32400.0,7,15.1,North America,49,1,0.3165,0,15876.0,0.43478260869565216,6.125,0
LEAD0789,Email,Manufacturing,Medium,6900.0,7,17.0,North America,59,1,0.6209,1,4071.0,0.3888888888888889,7.375,0
LEAD0790,Referral,Tech,Small,43000.0,5,28.1,Middle East,49,0,0.5902,0,21070.0,0.1718213058419244,8.166666666666666,0
LEAD0791,Website,Tech,Medium,3100.0,4,8.4,Asia-Pacific,95,1,0.9121,1,2945.0,0.425531914893617,19.0,0
LEAD0792,Email,Retail,Small,32500.0,6,16.9,Europe,63,1,0.4681,0,20475.0,0.335195530726257,9.0,0
LEAD0793,Email,Manufacturing,Medium,21100.0,9,19.2,North America,36,0,0.3567,1,7596.0,0.44554455445544555,3.6,0
LEAD0794,Cold Call,Manufacturing,Small,9600.0,7,35.2,Asia-Pacific,10,0,0.008,0,960.0,0.19337016574585633,1.25,0
LEAD0795,Website,Healthcare,Small,27500.0,6,15.1,North America,60,1,0.7616,1,16500.0,0.37267080745341613,8.571428571428571,0
LEAD0796,LinkedIn,Retail,Small,32500.0,7,26.9,North America,75,2,0.4553,0,24375.0,0.2508960573476703,9.375,0
LEAD0797,Referral,Tech,Small,56300.0,10,1.3,North America,92,0,0.9692,1,51796.0,4.347826086956522,8.363636363636363,1
LEAD0798,Email,Manufacturing,Small,11200.0,10,1.7,South America,51,0,0.2855,0,5712.0,3.7037037037037033,4.636363636363637,0
LEAD0799,Cold Call,Manufacturing,Medium,25200.0,7,2.2,North America,89,1,0.7151,0,22428.0,2.1875,11.125,0
LEAD0800,LinkedIn,Tech,Small,20500.0,5,2.0,North America,28,0,0.3065,0,5740.0,1.6666666666666667,4.666666666666667,0
LEAD0801,Cold Call,Tech,Small,16900.0,6,1.2,Europe,48,3,0.4083,1,8112.0,2.727272727272727,6.857142857142857,0
LEAD0802,Website,Tech,Medium,46200.0,5,1.7,North America,35,1,0.5874,1,16170.0,1.8518518518518516,5.833333333333333,0
LEAD0803,Email,Tech,Small,2100.0,4,48.0,Europe,71,2,0.3405,0,1491.0,0.08163265306122448,14.2,0
LEAD0804,Cold Call,Education,Large,8600.0,11,3.9,Europe,29,2,0.2311,0,2494.0,2.2448979591836733,2.4166666666666665,0
LEAD0805,Email,Finance,Large,17500.0,4,7.9,Europe,63,1,0.4988,0,11025.0,0.449438202247191,12.6,0
LEAD0806,Cold Call,Tech,Small,5900.0,8,20.8,North America,30,0,0.1342,0,1770.0,0.36697247706422015,3.3333333333333335,0
LEAD0807,Referral,Finance,Small,49700.0,10,1.6,North America,90,0,0.9721,0,44730.0,3.846153846153846,8.181818181818182,1
LEAD0808,LinkedIn,Manufacturing,Small,22900.0,3,4.7,Asia-Pacific,48,0,0.1827,0,10992.0,0.5263157894736842,12.0,0
LEAD0809,Email,Healthcare,Medium,15000.0,8,2.2,South America,63,2,0.8681,1,9450.0,2.5,7.0,0
LEAD0810,Website,Finance,Medium,35700.0,4,0.9,North America,19,1,0.6692,1,6783.0,2.1052631578947367,3.8,0
LEAD0811,Referral,Tech,Medium,14000.0,9,39.0,North America,25,0,0.4449,0,3500.0,0.225,2.5,0
LEAD0812,LinkedIn,Manufacturing,Medium,18400.0,9,23.6,North America,40,0,0.5723,0,7360.0,0.36585365853658536,4.0,0
LEAD0813,Website,Education,Small,2100.0,5,25.5,Europe,72,0,0.2957,0,1512.0,0.18867924528301888,12.0,0
LEAD0814,LinkedIn,Tech,Medium,11100.0,7,24.5,Asia-Pacific,68,1,0.5575,1,7548.0,0.27450980392156865,8.5,0
LEAD0815,LinkedIn,Tech,Medium,5000.0,5,2.1,North America,77,0,0.8788,0,3850.0,1.6129032258064515,12.833333333333334,0
LEAD0816,Email,Tech,Medium,25400.0,5,18.5,Asia-Pacific,25,0,0.1796,0,6350.0,0.2564102564102564,4.166666666666667,0
LEAD0817,Email,Tech,Large,15000.0,6,15.7,Asia-Pacific,65,1,0.8124,1,9750.0,0.3592814371257485,9.285714285714286,0
LEAD0818,Email,Healthcare,Medium,9200.0,6,31.2,Middle East,44,0,0.2039,0,4048.0,0.18633540372670807,6.285714285714286,0
LEAD0819,Website,Manufacturing,Small,14600.0,8,3.1,North America,39,0,0.7314,1,5694.0,1.9512195121951221,4.333333333333333,0
LEAD0820,Website,Finance,Small,6700.0,4,6.5,North America,44,0,0.3737,0,2948.0,0.5333333333333333,8.8,0
LEAD0821,LinkedIn,Education,Small,53800.0,4,4.3,North America,53,2,0.5888,1,28514.0,0.7547169811320755,10.6,0
LEAD0822,Website,Finance,Small,3100.0,3,3.7,South America,68,0,0.3206,1,2108.0,0.6382978723404255,17.0,0
LEAD0823,Website,Retail,Large,42100.0,4,12.8,Asia-Pacific,77,1,0.9225,1,32417.0,0.2898550724637681,15.4,0
LEAD0824,Email,Retail,Small,16300.0,4,2.2,Europe,65,1,0.734,0,10595.0,1.25,13.0,0
LEAD0825,Email,Tech,Medium,21300.0,5,7.6,North America,68,1,0.6413,0,14484.0,0.5813953488372093,11.333333333333334,0
LEAD0826,LinkedIn,Finance,Medium,9200.0,4,12.6,North America,91,0,0.8792,1,8372.0,0.29411764705882354,18.2,0
LEAD0827,Website,Healthcare,Small,70000.0,7,1.8,North America,69,0,0.7207,0,48300.0,2.5,8.625,0
LEAD0828,Website,Tech,Large,8600.0,7,3.7,Europe,51,0,0.7231,0,4386.0,1.4893617021276595,6.375,0
LEAD0829,Cold Call,Finance,Large,19800.0,8,41.2,North America,67,0,0.2964,0,13266.0,0.1895734597156398,7.444444444444445,0
LEAD0830,Email,Healthcare,Medium,102500.0,9,19.1,North America,89,1,0.9339,1,91225.0,0.4477611940298507,8.9,0
LEAD0831,Website,Manufacturing,Small,44600.0,5,13.7,Asia-Pacific,38,0,0.4904,1,16948.0,0.3401360544217687,6.333333333333333,0
LEAD0832,Email,Finance,Small,17400.0,5,23.4,North America,46,0,0.26,0,8004.0,0.20491803278688525,7.666666666666667,0
LEAD0833,Website,Education,Small,94900.0,6,0.3,Europe,84,0,0.8518,1,79716.0,4.615384615384615,12.0,1
LEAD0834,Website,Finance,Small,26200.0,7,0.2,North America,49,1,0.7423,1,12838.0,5.833333333333334,6.125,0
LEAD0835,Email,Retail,Medium,6700.0,8,2.1,Asia-Pacific,70,2,0.8237,1,4690.0,2.5806451612903225,7.777777777777778,0
LEAD0836,Email,Healthcare,Large,12400.0,11,8.3,Europe,81,0,0.8116,1,10044.0,1.182795698924731,6.75,0
LEAD0837,LinkedIn,Education,Medium,10100.0,4,10.2,South America,30,0,0.1929,1,3030.0,0.35714285714285715,6.0,0
LEAD0838,Email,Finance,Large,10400.0,4,1.5,Europe,47,0,0.4959,1,4888.0,1.6,9.4,0
LEAD0839,Email,Healthcare,Medium,30600.0,5,1.0,Middle East,79,0,0.9431,1,24174.0,2.5,13.166666666666666,1
LEAD0840,Cold Call,Healthcare,Small,19600.0,3,21.2,South America,52,0,0.0623,0,10192.0,0.13513513513513514,13.0,0
LEAD0841,Website,Finance,Large,2800.0,2,7.6,Europe,15,0,0.0707,0,420.0,0.23255813953488372,5.0,0
LEAD0842,Cold Call,Tech,Small,44000.0,5,48.0,Middle East,45,2,0.2216,1,19800.0,0.10204081632653061,7.5,0
LEAD0843,Website,Tech,Large,9000.0,7,3.2,North America,71,1,0.9016,1,6390.0,1.6666666666666665,8.875,0
LEAD0844,Referral,Tech,Small,118700.0,5,12.6,North America,81,2,0.9556,1,96147.0,0.36764705882352944,13.5,0
LEAD0845,Website,Education,Small,63700.0,7,19.7,North America,56,0,0.3865,1,35672.0,0.33816425120772947,7.0,0
LEAD0846,Email,Tech,Large,58400.0,6,24.8,Europe,65,2,0.6691,1,37960.0,0.23255813953488372,9.285714285714286,0
LEAD0847,Website,Tech,Medium,35300.0,4,4.5,Asia-Pacific,48,1,0.7484,1,16944.0,0.7272727272727273,9.6,0
LEAD0848,Referral,Retail,Large,7000.0,6,2.7,Asia-Pacific,73,2,0.9224,0,5110.0,1.6216216216216215,10.428571428571429,0
LEAD0849,Email,Finance,Large,17200.0,11,3.2,North America,84,0,0.8893,1,14448.0,2.619047619047619,7.0,0
LEAD0850,Email,Healthcare,Small,7100.0,3,13.3,Europe,70,1,0.2411,0,4970.0,0.2097902097902098,17.5,0
LEAD0851,Website,Tech,Medium,8000.0,9,9.0,North America,53,1,0.7034,1,4240.0,0.9,5.3,0
LEAD0852,Cold Call,Manufacturing,Small,20900.0,5,11.1,Asia-Pacific,64,1,0.4946,1,13376.0,0.4132231404958678,10.666666666666666,0
LEAD0853,Website,Education,Medium,2800.0,7,0.3,North America,74,1,0.8933,1,2072.0,5.384615384615384,9.25,0
LEAD0854,LinkedIn,Education,Medium,71800.0,3,6.1,South America,56,1,0.5815,1,40208.0,0.4225352112676057,14.0,0
LEAD0855,Website,Finance,Small,52200.0,5,4.6,North America,71,2,0.877,1,37062.0,0.8928571428571429,11.833333333333334,0
LEAD0856,Website,Retail,Medium,11600.0,8,24.0,North America,62,1,0.85,1,7192.0,0.32,6.888888888888889,0
LEAD0857,Website,Tech,Medium,16500.0,7,18.1,South America,83,2,0.9359,0,13695.0,0.36649214659685864,10.375,0
LEAD0858,Email,Tech,Small,14600.0,4,6.8,Europe,69,1,0.7345,1,10074.0,0.5128205128205129,13.8,0
LEAD0859,Email,Tech,Medium,44800.0,5,12.0,North America,45,1,0.7001,1,20160.0,0.38461538461538464,7.5,0
LEAD0860,Website,Healthcare,Medium,25300.0,5,0.7,Europe,83,0,0.9546,1,20999.0,2.9411764705882355,13.833333333333334,1
LEAD0861,LinkedIn,Finance,Large,8500.0,8,12.3,North America,64,0,0.8116,1,5440.0,0.6015037593984962,7.111111111111111,0
LEAD0862,Email,Healthcare,Small,13800.0,6,1.3,Middle East,52,2,0.6461,1,7176.0,2.608695652173913,7.428571428571429,0
LEAD0863,Email,Tech,Small,13200.0,8,15.1,Europe,28,2,0.277,0,3696.0,0.49689440993788814,3.111111111111111,0
LEAD0864,Email,Finance,Medium,66000.0,5,10.3,North America,60,1,0.7366,1,39600.0,0.44247787610619466,10.0,0
LEAD0865,Email,Retail,Small,5900.0,4,4.4,Europe,92,2,0.8212,1,5428.0,0.7407407407407407,18.4,0
LEAD0866,Email,Finance,Large,3900.0,4,5.7,North America,1,0,0.0708,0,39.0,0.5970149253731343,0.2,0
LEAD0867,Website,Retail,Small,44500.0,4,1.2,Asia-Pacific,1,0,0.1399,1,445.0,1.8181818181818181,0.2,0
LEAD0868,Website,Tech,Medium,47400.0,4,4.8,South America,70,1,0.8088,1,33180.0,0.6896551724137931,14.0,0
LEAD0869,LinkedIn,Education,Medium,43100.0,5,41.0,South America,60,0,0.5211,1,25860.0,0.11904761904761904,10.0,0
LEAD0870,Referral,Healthcare,Small,16300.0,7,8.1,North America,68,0,0.7971,1,11084.0,0.7692307692307693,8.5,0
LEAD0871,Email,Tech,Small,23600.0,5,7.8,North America,44,0,0.2197,0,10384.0,0.5681818181818181,7.333333333333333,0
LEAD0872,Website,Tech,Medium,18600.0,12,12.0,North America,12,0,0.2298,0,2232.0,0.9230769230769231,0.9230769230769231,0
LEAD0873,Cold Call,Healthcare,Medium,3400.0,4,8.1,Asia-Pacific,38,0,0.0867,0,1292.0,0.43956043956043955,7.6,0
LEAD0874,Email,Education,Small,20100.0,7,5.4,Europe,86,0,0.5026,0,17286.0,1.09375,10.75,0
LEAD0875,Website,Finance,Large,2300.0,2,1.9,Europe,46,2,0.3487,1,1058.0,0.6896551724137931,15.333333333333334,0
LEAD0876,Website,Tech,Small,9900.0,11,12.0,South America,46,2,0.6858,1,4554.0,0.8461538461538461,3.8333333333333335,0
LEAD0877,Cold Call,Education,Small,55900.0,5,16.7,North America,2,1,0.0327,0,1118.0,0.2824858757062147,0.3333333333333333,0
LEAD0878,Cold Call,Retail,Medium,9200.0,6,30.9,North America,19,1,0.0577,0,1748.0,0.18808777429467086,2.7142857142857144,0
LEAD0879,Website,Finance,Small,58200.0,4,0.1,North America,77,0,0.7977,1,44814.0,3.6363636363636362,15.4,1
LEAD0880,Website,Finance,Large,7800.0,7,0.9,North America,50,1,0.9175,1,3900.0,3.68421052631579,6.25,0
LEAD0881,Website,Tech,Small,9600.0,12,27.7,North America,75,1,0.7163,1,7200.0,0.4181184668989547,5.769230769230769,0
LEAD0882,Cold Call,Healthcare,Small,21800.0,7,12.1,Europe,40,1,0.2109,1,8720.0,0.5343511450381679,5.0,0
LEAD0883,Website,Finance,Small,30700.0,4,38.1,North America,26,1,0.3519,0,7982.0,0.10230179028132992,5.2,0
LEAD0884,Website,Manufacturing,Medium,15900.0,3,6.9,North America,50,0,0.3135,0,7950.0,0.37974683544303794,12.5,0
LEAD0885,LinkedIn,Finance,Medium,44800.0,6,6.6,Asia-Pacific,44,1,0.7843,1,19712.0,0.7894736842105263,6.285714285714286,0
LEAD0886,Website,Finance,Medium,2800.0,8,5.2,North America,38,1,0.3482,0,1064.0,1.2903225806451613,4.222222222222222,0
LEAD0887,Cold Call,Healthcare,Small,53100.0,4,1.9,Asia-Pacific,39,1,0.2844,1,20709.0,1.3793103448275863,7.8,0
LEAD0888,Website,Manufacturing,Small,6400.0,2,5.8,North America,52,0,0.1007,0,3328.0,0.29411764705882354,17.333333333333332,0
LEAD0889,Website,Education,Medium,45100.0,10,0.3,Europe,45,1,0.8668,1,20295.0,7.692307692307692,4.090909090909091,0
LEAD0890,Website,Finance,Small,12200.0,7,8.6,Middle East,36,0,0.3383,0,4392.0,0.7291666666666667,4.5,0
LEAD0891,Cold Call,Retail,Large,37800.0,7,22.6,North America,91,2,0.634,0,34398.0,0.2966101694915254,11.375,0
LEAD0892,LinkedIn,Healthcare,Small,24300.0,4,4.7,Europe,64,2,0.8337,1,15552.0,0.7017543859649122,12.8,0
LEAD0893,LinkedIn,Finance,Medium,5900.0,5,1.3,South America,58,0,0.6652,0,3422.0,2.173913043478261,9.666666666666666,0
LEAD0894,Email,Tech,Small,52000.0,7,43.8,Europe,54,1,0.1713,0,28080.0,0.15625,6.75,0
LEAD0895,Cold Call,Finance,Medium,7600.0,3,1.8,North America,68,0,0.354,0,5168.0,1.0714285714285714,17.0,0
LEAD0896,Website,Tech,Small,7600.0,8,9.1,North America,66,2,0.8285,1,5016.0,0.7920792079207921,7.333333333333333,0
LEAD0897,Website,Manufacturing,Small,35700.0,9,20.0,Asia-Pacific,34,0,0.351,1,12138.0,0.42857142857142855,3.4,0
LEAD0898,LinkedIn,Finance,Small,4200.0,6,3.6,South America,24,0,0.3622,1,1008.0,1.3043478260869565,3.4285714285714284,0
LEAD0899,Website,Manufacturing,Small,7000.0,7,22.2,North America,10,0,0.078,0,700.0,0.3017241379310345,1.25,0
LEAD0900,Website,Healthcare,Small,16000.0,4,9.9,North America,91,1,0.8394,0,14560.0,0.36697247706422015,18.2,0
LEAD0901,Website,Healthcare,Medium,37500.0,7,4.9,North America,46,0,0.5907,1,17250.0,1.1864406779661016,5.75,0
LEAD0902,Website,Healthcare,Medium,5200.0,7,24.2,North America,67,1,0.6797,1,3484.0,0.2777777777777778,8.375,0
LEAD0903,Website,Tech,Medium,17900.0,6,11.8,North America,59,1,0.7272,0,10561.0,0.46875,8.428571428571429,0
LEAD0904,Email,Finance,Medium,26800.0,9,11.6,North America,73,0,0.6993,0,19564.0,0.7142857142857143,7.3,0
LEAD0905,Email,Tech,Medium,41400.0,8,8.5,North America,54,1,0.6917,1,22356.0,0.8421052631578947,6.0,0
LEAD0906,LinkedIn,Healthcare,Small,56800.0,6,4.0,North America,28,0,0.2177,0,15904.0,1.2,4.0,0
LEAD0907,LinkedIn,Finance,Small,32700.0,3,4.5,Middle East,34,2,0.1694,1,11118.0,0.5454545454545454,8.5,0
LEAD0908,Website,Retail,Small,23200.0,3,1.2,North America,48,0,0.1744,0,11136.0,1.3636363636363635,12.0,0
LEAD0909,Website,Tech,Medium,13400.0,10,3.5,North America,23,2,0.5652,0,3082.0,2.2222222222222223,2.090909090909091,0
LEAD0910,Email,Tech,Small,4400.0,5,4.0,North America,38,1,0.2804,0,1672.0,1.0,6.333333333333333,0
LEAD0911,Email,Finance,Small,26700.0,6,0.8,Middle East,31,1,0.6031,1,8277.0,3.333333333333333,4.428571428571429,0
LEAD0912,Website,Manufacturing,Medium,100500.0,12,1.5,Asia-Pacific,48,0,0.7334,1,48240.0,4.8,3.6923076923076925,0
LEAD0913,Cold Call,Retail,Small,28700.0,4,3.9,Asia-Pacific,45,0,0.3567,1,12915.0,0.8163265306122448,9.0,0
LEAD0914,Email,Finance,Large,2300.0,4,13.7,North America,57,1,0.346,1,1311.0,0.272108843537415,11.4,0
LEAD0915,Email,Healthcare,Large,15700.0,5,2.5,Asia-Pacific,72,0,0.7805,1,11304.0,1.4285714285714286,12.0,0
LEAD0916,Email,Tech,Small,21100.0,4,9.0,Europe,50,0,0.3747,0,10550.0,0.4,10.0,0
LEAD0917,Website,Manufacturing,Small,25400.0,7,8.6,North America,25,0,0.2694,0,6350.0,0.7291666666666667,3.125,0
LEAD0918,Referral,Retail,Small,27400.0,8,21.7,Europe,14,0,0.6512,0,3836.0,0.3524229074889868,1.5555555555555556,0
LEAD0919,LinkedIn,Tech,Medium,18300.0,3,11.4,Asia-Pacific,58,0,0.1994,0,10614.0,0.24193548387096772,14.5,0
LEAD0920,Website,Healthcare,Small,7100.0,5,30.0,Asia-Pacific,42,2,0.2141,1,2982.0,0.16129032258064516,7.0,0
LEAD0921,LinkedIn,Tech,Medium,59000.0,4,12.0,South America,52,1,0.8464,1,30680.0,0.3076923076923077,10.4,0
LEAD0922,Email,Manufacturing,Medium,25900.0,6,0.4,South America,62,1,0.7597,1,16058.0,4.285714285714286,8.857142857142858,0
LEAD0923,LinkedIn,Tech,Small,7400.0,8,5.9,North America,84,0,0.8357,1,6216.0,1.1594202898550725,9.333333333333334,0
LEAD0924,LinkedIn,Healthcare,Small,9800.0,6,14.5,Europe,20,0,0.1134,0,1960.0,0.3870967741935484,2.857142857142857,0
LEAD0925,Email,Tech,Medium,53000.0,5,7.8,North America,35,1,0.2855,0,18550.0,0.5681818181818181,5.833333333333333,0
LEAD0926,Website,Retail,Small,45700.0,6,6.6,South America,53,1,0.4967,1,24221.0,0.7894736842105263,7.571428571428571,0
LEAD0927,Website,Retail,Medium,12400.0,8,13.5,North America,32,1,0.7165,1,3968.0,0.5517241379310345,3.5555555555555554,0
LEAD0928,Email,Retail,Small,2800.0,7,4.1,South America,25,1,0.085,0,700.0,1.3725490196078431,3.125,0
LEAD0929,Cold Call,Healthcare,Medium,3000.0,4,28.9,North America,81,0,0.2529,0,2430.0,0.13377926421404682,16.2,0
LEAD0930,Website,Education,Large,8700.0,7,6.5,North America,34,3,0.3873,0,2958.0,0.9333333333333333,4.25,0
LEAD0931,Website,Tech,Large,21800.0,6,12.1,North America,29,1,0.6405,1,6322.0,0.4580152671755725,4.142857142857143,0
LEAD0932,LinkedIn,Finance,Small,19600.0,5,48.0,North America,32,0,0.2359,0,6272.0,0.10204081632653061,5.333333333333333,0
LEAD0933,Referral,Tech,Small,22100.0,3,18.6,South America,77,0,0.7477,1,17017.0,0.1530612244897959,19.25,0
LEAD0934,Email,Manufacturing,Medium,27300.0,6,9.2,North America,41,0,0.0953,0,11193.0,0.5882352941176471,5.857142857142857,0
LEAD0935,Website,Finance,Small,2400.0,6,23.6,Europe,27,0,0.1483,0,648.0,0.24390243902439024,3.857142857142857,0
LEAD0936,Website,Retail,Small,4200.0,6,10.0,North America,38,1,0.2315,0,1596.0,0.5454545454545454,5.428571428571429,0
LEAD0937,Website,Retail,Large,10900.0,4,7.1,North America,54,0,0.7143,1,5886.0,0.4938271604938272,10.8,0
LEAD0938,LinkedIn,Tech,Small,5400.0,7,24.9,North America,73,0,0.3586,1,3942.0,0.2702702702702703,9.125,0
LEAD0939,Website,Tech,Small,3600.0,6,0.4,North America,71,1,0.9474,1,2556.0,4.285714285714286,10.142857142857142,0
LEAD0940,Email,Tech,Small,22500.0,6,6.4,South America,39,1,0.3904,1,8775.0,0.8108108108108107,5.571428571428571,0
LEAD0941,Website,Finance,Medium,35800.0,7,5.1,Europe,44,1,0.7335,1,15752.0,1.1475409836065575,5.5,0
LEAD0942,Email,Tech,Medium,29900.0,6,15.1,North America,97,1,0.9571,1,29003.0,0.37267080745341613,13.857142857142858,0
LEAD0943,Cold Call,Tech,Small,36000.0,7,0.3,Europe,75,0,0.6266,1,27000.0,5.384615384615384,9.375,0
LEAD0944,LinkedIn,Education,Small,23900.0,3,13.1,North America,50,1,0.1133,0,11950.0,0.2127659574468085,12.5,0
LEAD0945,Website,Manufacturing,Small,28600.0,13,5.2,North America,9,3,0.2683,0,2574.0,2.096774193548387,0.6428571428571429,0
LEAD0946,Website,Finance,Medium,8300.0,8,1.3,Europe,46,1,0.859,1,3818.0,3.4782608695652177,5.111111111111111,0
LEAD0947,Website,Finance,Small,101300.0,5,47.2,North America,28,0,0.1602,0,28364.0,0.10373443983402489,4.666666666666667,0
LEAD0948,LinkedIn,Tech,Large,6000.0,6,3.0,Asia-Pacific,38,1,0.683,1,2280.0,1.5,5.428571428571429,0
LEAD0949,LinkedIn,Retail,Small,6800.0,8,5.3,Europe,36,0,0.4355,0,2448.0,1.2698412698412698,4.0,0
LEAD0950,Email,Education,Large,8800.0,2,2.9,Asia-Pacific,50,0,0.3778,1,4400.0,0.5128205128205129,16.666666666666668,0
LEAD0951,Cold Call,Tech,Small,76000.0,6,13.1,Middle East,56,1,0.3101,1,42560.0,0.425531914893617,8.0,0
LEAD0952,Cold Call,Tech,Medium,90900.0,7,18.4,North America,40,0,0.2642,0,36360.0,0.3608247422680413,5.0,0
LEAD0953,Website,Retail,Small,33700.0,6,23.7,North America,29,2,0.2535,1,9773.0,0.24291497975708504,4.142857142857143,0
LEAD0954,LinkedIn,Healthcare,Small,21800.0,3,4.6,North America,51,0,0.1293,0,11118.0,0.5357142857142857,12.75,0
LEAD0955,Email,Tech,Large,16700.0,6,9.0,North America,45,1,0.6836,0,7515.0,0.6,6.428571428571429,0
LEAD0956,Email,Healthcare,Large,72500.0,3,13.2,Asia-Pacific,17,0,0.0405,0,12325.0,0.21126760563380284,4.25,0
LEAD0957,Email,Finance,Small,25800.0,5,12.0,Asia-Pacific,67,1,0.6226,1,17286.0,0.38461538461538464,11.166666666666666,0
LEAD0958,Website,Finance,Medium,59900.0,6,15.2,Europe,40,0,0.4786,0,23960.0,0.3703703703703704,5.714285714285714,0
LEAD0959,Website,Retail,Medium,9600.0,7,17.7,Europe,50,0,0.5523,0,4800.0,0.37433155080213903,6.25,0
LEAD0960,Cold Call,Education,Large,10100.0,4,1.3,North America,51,1,0.3326,0,5151.0,1.7391304347826089,10.2,0
LEAD0961,Website,Finance,Small,40600.0,7,2.3,Europe,55,2,0.8553,1,22330.0,2.121212121212121,6.875,0
LEAD0962,Cold Call,Manufacturing,Medium,5200.0,7,16.0,Asia-Pacific,58,2,0.2742,0,3016.0,0.4117647058823529,7.25,0
LEAD0963,Website,Finance,Small,60300.0,4,7.9,Europe,29,0,0.4863,1,17487.0,0.449438202247191,5.8,0
LEAD0964,Email,Retail,Small,16200.0,5,6.8,North America,61,1,0.4981,0,9882.0,0.6410256410256411,10.166666666666666,0
LEAD0965,Website,Finance,Large,54200.0,5,7.4,Asia-Pacific,48,2,0.6251,0,26016.0,0.5952380952380952,8.0,0
LEAD0966,Email,Education,Small,10200.0,8,5.7,North America,77,0,0.6219,1,7854.0,1.1940298507462686,8.555555555555555,0
LEAD0967,Cold Call,Manufacturing,Small,27200.0,5,10.8,Europe,71,1,0.4432,1,19312.0,0.423728813559322,11.833333333333334,0
LEAD0968,Website,Tech,Medium,15200.0,8,4.8,Europe,81,0,0.8738,1,12312.0,1.3793103448275863,9.0,0
LEAD0969,Email,Manufacturing,Medium,21700.0,6,12.3,North America,36,0,0.1991,0,7812.0,0.45112781954887216,5.142857142857143,0
LEAD0970,Email,Education,Small,16000.0,3,2.8,Asia-Pacific,81,2,0.6175,1,12960.0,0.7894736842105263,20.25,0
LEAD0971,Cold Call,Retail,Small,70300.0,7,17.1,South America,57,0,0.1686,1,40071.0,0.38674033149171266,7.125,0
LEAD0972,Referral,Tech,Large,25600.0,6,18.4,North America,69,0,0.8761,1,17664.0,0.30927835051546393,9.857142857142858,0
LEAD0973,Cold Call,Education,Small,7800.0,4,10.5,Middle East,68,0,0.2468,1,5304.0,0.34782608695652173,13.6,0
LEAD0974,Website,Education,Medium,50100.0,3,5.6,Europe,64,1,0.4539,0,32064.0,0.4545454545454546,16.0,0
LEAD0975,Website,Tech,Medium,9000.0,9,0.3,Asia-Pacific,33,0,0.5714,1,2970.0,6.9230769230769225,3.3,0
LEAD0976,Website,Manufacturing,Small,11300.0,2,1.7,South America,74,0,0.4547,0,8362.0,0.7407407407407407,24.666666666666668,0
LEAD0977,Email,Tech,Large,4200.0,6,1.1,Europe,62,1,0.8072,1,2604.0,2.857142857142857,8.857142857142858,0
LEAD0978,Website,Tech,Medium,48000.0,5,0.2,Asia-Pacific,26,1,0.7332,1,12480.0,4.166666666666667,4.333333333333333,0
LEAD0979,Email,Healthcare,Small,8700.0,7,15.5,North America,45,0,0.2498,0,3915.0,0.42424242424242425,5.625,0
LEAD0980,Email,Healthcare,Medium,8000.0,4,37.6,North America,31,2,0.1808,0,2480.0,0.10362694300518134,6.2,0
LEAD0981,Website,Healthcare,Medium,52600.0,6,0.2,Asia-Pacific,26,1,0.7692,1,13676.0,5.0,3.7142857142857144,0
LEAD0982,LinkedIn,Tech,Medium,34700.0,4,1.5,South America,72,1,0.9019,1,24984.0,1.6,14.4,0
LEAD0983,Website,Manufacturing,Large,5000.0,8,23.8,South America,25,1,0.1614,0,1250.0,0.3225806451612903,2.7777777777777777,0
LEAD0984,Website,Tech,Small,31300.0,6,14.1,Europe,29,0,0.3216,0,9077.0,0.3973509933774835,4.142857142857143,0
LEAD0985,Cold Call,Tech,Small,50800.0,8,6.3,Europe,95,1,0.754,1,48260.0,1.095890410958904,10.555555555555555,0
LEAD0986,Email,Tech,Small,3600.0,7,48.0,North America,46,2,0.2053,0,1656.0,0.14285714285714285,5.75,0
LEAD0987,Cold Call,Healthcare,Small,36900.0,9,10.3,Middle East,68,0,0.5492,0,25092.0,0.7964601769911503,6.8,0
LEAD0988,Email,Manufacturing,Small,17900.0,7,13.4,North America,77,1,0.5171,1,13783.0,0.4861111111111111,9.625,0
LEAD0989,Website,Retail,Large,24100.0,5,12.8,Asia-Pacific,70,1,0.8256,0,16870.0,0.36231884057971014,11.666666666666666,0
LEAD0990,LinkedIn,Education,Medium,15600.0,5,3.1,Europe,58,1,0.7562,1,9048.0,1.2195121951219514,9.666666666666666,0
LEAD0991,LinkedIn,Tech,Medium,25900.0,3,8.1,Europe,54,0,0.3221,0,13986.0,0.32967032967032966,13.5,0
LEAD0992,Cold Call,Healthcare,Medium,2700.0,3,3.0,North America,66,1,0.189,0,1782.0,0.75,16.5,0
LEAD0993,Website,Finance,Medium,30800.0,6,8.6,Middle East,51,1,0.5532,0,15708.0,0.625,7.285714285714286,0
LEAD0994,Email,Finance,Small,2700.0,3,0.5,Europe,69,0,0.4843,1,1863.0,2.0,17.25,0
LEAD0995,Email,Tech,Large,14200.0,2,5.9,Middle East,50,1,0.2792,0,7100.0,0.2898550724637681,16.666666666666668,0
LEAD0996,Website,Retail,Small,5300.0,5,5.7,North America,52,1,0.2834,1,2756.0,0.7462686567164178,8.666666666666666,0
LEAD0997,LinkedIn,Healthcare,Large,36700.0,7,4.2,Europe,93,1,0.8916,1,34131.0,1.346153846153846,11.625,0
LEAD0998,Website,Retail,Medium,9500.0,7,1.1,Asia-Pacific,45,1,0.5438,1,4275.0,3.333333333333333,5.625,0
LEAD0999,Referral,Finance,Small,14100.0,10,17.8,Asia-Pacific,55,0,0.8477,1,7755.0,0.5319148936170213,5.0,0
LEAD1000,Email,Tech,Medium,13200.0,4,6.6,South America,64,1,0.4901,0,8448.0,0.5263157894736842,12.8,0
LEAD1001,Website,Healthcare,Medium,31600.0,10,20.3,North America,65,1,0.9096,1,20540.0,0.4694835680751174,5.909090909090909,0
LEAD1002,Email,Tech,Small,15100.0,7,21.8,North America,61,2,0.7601,1,9211.0,0.30701754385964913,7.625,0
LEAD1003,LinkedIn,Education,Medium,33100.0,12,3.0,Europe,30,0,0.4121,0,9930.0,3.0,2.3076923076923075,0
LEAD1004,Cold Call,Healthcare,Small,3500.0,6,6.7,North America,58,0,0.1457,0,2030.0,0.7792207792207793,8.285714285714286,0
LEAD1005,LinkedIn,Tech,Small,6300.0,3,15.4,Middle East,60,1,0.4537,0,3780.0,0.1829268292682927,15.0,0
LEAD1006,Cold Call,Manufacturing,Large,18000.0,8,8.4,North America,78,1,0.7824,1,14040.0,0.851063829787234,8.666666666666666,0
LEAD1007,Cold Call,Healthcare,Medium,60800.0,3,23.3,Europe,70,2,0.2615,0,42560.0,0.12345679012345678,17.5,0
LEAD1008,LinkedIn,Tech,Large,3600.0,3,10.3,North America,79,0,0.5261,0,2844.0,0.2654867256637168,19.75,0
LEAD1009,Website,Healthcare,Medium,2900.0,6,12.0,Europe,35,1,0.3684,0,1015.0,0.46153846153846156,5.0,0
LEAD1010,Email,Tech,Small,5400.0,8,18.7,North America,35,0,0.2026,0,1890.0,0.40609137055837563,3.888888888888889,0
LEAD1011,Website,Education,Medium,22500.0,5,1.7,North America,62,1,0.8521,0,13950.0,1.8518518518518516,10.333333333333334,0
LEAD1012,Referral,Education,Medium,12200.0,7,10.6,North America,78,1,0.8998,1,9516.0,0.603448275862069,9.75,0
LEAD1013,Referral,Manufacturing,Large,36900.0,7,1.2,North America,51,2,0.887,1,18819.0,3.1818181818181817,6.375,0
LEAD1014,Website,Healthcare,Small,3500.0,3,3.7,Middle East,40,1,0.3136,0,1400.0,0.6382978723404255,10.0,0
LEAD1015,Cold Call,Finance,Large,6400.0,11,3.0,North America,23,1,0.2875,0,1472.0,2.75,1.9166666666666667,0
LEAD1016,LinkedIn,Retail,Large,9100.0,5,10.1,Europe,62,1,0.8766,1,5642.0,0.45045045045045046,10.333333333333334,0
LEAD1017,Website,Tech,Medium,21700.0,5,22.4,Middle East,53,1,0.6819,1,11501.0,0.2136752136752137,8.833333333333334,0
LEAD1018,Email,Healthcare,Large,25100.0,5,1.8,Asia-Pacific,46,1,0.7508,0,11546.0,1.7857142857142858,7.666666666666667,0
LEAD1019,LinkedIn,Healthcare,Small,4700.0,4,17.7,Middle East,73,2,0.7119,1,3431.0,0.21390374331550802,14.6,0
LEAD1020,Website,Tech,Large,59600.0,4,2.0,Middle East,53,0,0.8223,0,31588.0,1.3333333333333333,10.6,0
LEAD1021,Cold Call,Finance,Medium,10300.0,8,2.6,Europe,55,0,0.5556,0,5665.0,2.2222222222222223,6.111111111111111,0
LEAD1022,Website,Education,Small,27000.0,8,30.0,Asia-Pacific,73,1,0.6473,0,19710.0,0.25806451612903225,8.11111111111111,0
LEAD1023,LinkedIn,Education,Large,16900.0,8,0.2,North America,99,1,0.9925,1,16731.0,6.666666666666667,11.0,1
LEAD1024,Referral,Tech,Small,7000.0,4,2.7,Europe,46,1,0.8255,1,3220.0,1.081081081081081,9.2,0
LEAD1025,Referral,Tech,Small,39400.0,6,3.0,Asia-Pacific,37,0,0.5038,0,14578.0,1.5,5.285714285714286,0
LEAD1026,Email,Tech,Medium,36100.0,8,4.1,Europe,35,0,0.6633,1,12635.0,1.5686274509803924,3.888888888888889,0
LEAD1027,LinkedIn,Education,Small,12100.0,8,5.5,Asia-Pacific,65,2,0.5802,0,7865.0,1.2307692307692308,7.222222222222222,0
LEAD1028,LinkedIn,Tech,Small,19800.0,5,1.4,Asia-Pacific,33,0,0.462,0,6534.0,2.0833333333333335,5.5,0
LEAD1029,Website,Retail,Medium,8000.0,9,7.7,North America,48,0,0.5016,0,3840.0,1.0344827586206897,4.8,0
LEAD1030,LinkedIn,Tech,Small,25400.0,9,6.2,South America,49,0,0.4931,1,12446.0,1.25,4.9,0
LEAD1031,Website,Healthcare,Small,9400.0,6,11.9,Europe,86,2,0.74,0,8084.0,0.46511627906976744,12.285714285714286,0
LEAD1032,Email,Finance,Small,39200.0,11,24.4,North America,79,0,0.3581,0,30968.0,0.4330708661417323,6.583333333333333,0
LEAD1033,Website,Retail,Small,6900.0,7,4.3,South America,24,1,0.1889,0,1656.0,1.3207547169811322,3.0,0
LEAD1034,Website,Tech,Medium,2300.0,10,9.6,Europe,87,1,0.9224,1,2001.0,0.9433962264150944,7.909090909090909,0
LEAD1035,Website,Healthcare,Medium,8300.0,9,5.7,Asia-Pacific,31,1,0.34,1,2573.0,1.3432835820895521,3.1,0
LEAD1036,Cold Call,Tech,Large,6200.0,7,0.6,Europe,58,0,0.6866,0,3596.0,4.375,7.25,0
LEAD1037,Website,Retail,Medium,16200.0,5,20.7,North America,38,0,0.6497,1,6156.0,0.2304147465437788,6.333333333333333,0
LEAD1038,Cold Call,Education,Small,6600.0,3,12.2,Asia-Pacific,47,2,0.0605,0,3102.0,0.2272727272727273,11.75,0
LEAD1039,Website,Tech,Large,30800.0,4,0.1,Europe,35,1,0.7389,1,10780.0,3.6363636363636362,7.0,0
LEAD1040,Website,Education,Medium,7500.0,2,3.5,North America,89,0,0.7429,1,6675.0,0.4444444444444444,29.666666666666668,0
LEAD1041,Email,Healthcare,Medium,26500.0,9,4.5,North America,52,0,0.6457,1,13780.0,1.6363636363636365,5.2,0
LEAD1042,LinkedIn,Tech,Medium,19300.0,8,20.1,South America,60,0,0.8279,1,11580.0,0.3791469194312796,6.666666666666667,0
LEAD1043,Website,Finance,Large,87700.0,6,17.3,North America,34,0,0.5601,1,29818.0,0.32786885245901637,4.857142857142857,0
LEAD1044,Cold Call,Tech,Medium,150000.0,3,6.2,South America,27,1,0.1237,0,40500.0,0.41666666666666663,6.75,0
LEAD1045,LinkedIn,Retail,Small,42700.0,8,2.2,North America,46,0,0.7201,0,19642.0,2.5,5.111111111111111,0
LEAD1046,Cold Call,Retail,Medium,30500.0,13,6.0,Europe,65,1,0.595,0,19825.0,1.8571428571428572,4.642857142857143,0
LEAD1047,Website,Tech,Small,11800.0,6,20.0,South America,53,1,0.6369,0,6254.0,0.2857142857142857,7.571428571428571,0
LEAD1048,Website,Healthcare,Small,30000.0,4,7.3,North America,74,1,0.7278,0,22200.0,0.48192771084337344,14.8,0
LEAD1049,LinkedIn,Education,Small,64800.0,5,1.6,Europe,57,0,0.7014,1,36936.0,1.923076923076923,9.5,0
LEAD1050,Website,Manufacturing,Small,2500.0,6,0.6,Asia-Pacific,55,0,0.6314,1,1375.0,3.75,7.857142857142857,0
LEAD1051,LinkedIn,Healthcare,Small,17400.0,7,5.0,Asia-Pacific,66,1,0.8614,1,11484.0,1.1666666666666667,8.25,0
LEAD1052,Email,Manufacturing,Small,6900.0,4,2.0,Europe,57,0,0.4007,0,3933.0,1.3333333333333333,11.4,0
LEAD1053,Referral,Healthcare,Medium,18300.0,4,16.5,Europe,74,1,0.9425,1,13542.0,0.22857142857142856,14.8,0
LEAD1054,LinkedIn,Finance,Medium,14600.0,2,4.0,Asia-Pacific,66,1,0.5252,0,9636.0,0.4,22.0,0
LEAD1055,Referral,Education,Large,19100.0,6,25.3,Asia-Pacific,73,0,0.7287,0,13943.0,0.22813688212927757,10.428571428571429,0
LEAD1056,Email,Finance,Small,18000.0,3,11.6,Asia-Pacific,69,0,0.2345,0,12420.0,0.2380952380952381,17.25,0
LEAD1057,LinkedIn,Finance,Medium,66400.0,5,6.1,North America,82,0,0.7238,1,54448.0,0.7042253521126761,13.666666666666666,0
LEAD1058,Email,Finance,Large,18100.0,3,11.4,Middle East,72,1,0.4737,1,13032.0,0.24193548387096772,18.0,0
LEAD1059,Email,Education,Small,39400.0,8,4.3,Europe,90,0,0.7632,1,35460.0,1.509433962264151,10.0,0
LEAD1060,Cold Call,Education,Medium,9700.0,4,1.9,North America,44,1,0.2618,0,4268.0,1.3793103448275863,8.8,0
LEAD1061,LinkedIn,Finance,Medium,13500.0,10,40.1,North America,72,1,0.8159,1,9720.0,0.24330900243309,6.545454545454546,0
LEAD1062,Referral,Finance,Small,14700.0,7,10.0,North America,27,0,0.3654,0,3969.0,0.6363636363636364,3.375,0
LEAD1063,LinkedIn,Finance,Large,8500.0,6,0.2,North America,74,2,0.9533,1,6290.0,5.0,10.571428571428571,0
LEAD1064,Email,Healthcare,Medium,11600.0,3,4.6,North America,56,2,0.244,1,6496.0,0.5357142857142857,14.0,0
LEAD1065,Email,Tech,Small,20300.0,6,2.2,North America,74,0,0.8265,1,15022.0,1.875,10.571428571428571,0
LEAD1066,Cold Call,Retail,Small,19400.0,6,3.7,Asia-Pacific,89,0,0.7105,1,17266.0,1.276595744680851,12.714285714285714,0
LEAD1067,Website,Finance,Small,22200.0,9,0.8,North America,71,1,0.961,1,15762.0,5.0,7.1,0
LEAD1068,Website,Finance,Small,10700.0,3,3.5,North America,47,3,0.4108,0,5029.0,0.6666666666666666,11.75,0
LEAD1069,Email,Tech,Medium,9600.0,6,13.9,North America,33,2,0.4828,1,3168.0,0.40268456375838924,4.714285714285714,0
LEAD1070,Website,Tech,Medium,20900.0,6,20.7,North America,66,0,0.5723,1,13794.0,0.2764976958525346,9.428571428571429,0
LEAD1071,Website,Manufacturing,Small,4900.0,7,5.2,North America,49,1,0.5017,1,2401.0,1.129032258064516,6.125,0
LEAD1072,Website,Finance,Large,7800.0,2,9.0,Europe,68,1,0.6246,1,5304.0,0.2,22.666666666666668,0
LEAD1073,Website,Tech,Small,2900.0,4,0.6,Middle East,45,1,0.8069,0,1305.0,2.5,9.0,0
LEAD1074,Website,Finance,Small,3500.0,10,1.2,South America,36,1,0.6091,0,1260.0,4.545454545454545,3.272727272727273,0
LEAD1075,Referral,Finance,Small,7600.0,7,9.7,South America,50,0,0.5571,1,3800.0,0.6542056074766356,6.25,0
LEAD1076,Email,Tech,Medium,2400.0,6,22.1,North America,65,1,0.4702,0,1560.0,0.2597402597402597,9.285714285714286,0
LEAD1077,Email,Finance,Small,7600.0,5,1.2,North America,57,1,0.6099,1,4332.0,2.2727272727272725,9.5,0
LEAD1078,Cold Call,Healthcare,Small,23300.0,4,6.6,North America,39,1,0.1558,0,9087.0,0.5263157894736842,7.8,0
LEAD1079,Website,Healthcare,Small,3300.0,12,42.3,Asia-Pacific,91,1,0.8393,1,3003.0,0.2771362586605081,7.0,0
LEAD1080,Referral,Finance,Medium,13500.0,7,16.2,North America,52,0,0.8364,1,7020.0,0.4069767441860465,6.5,0
LEAD1081,LinkedIn,Finance,Large,50900.0,4,2.7,Europe,10,1,0.4811,1,5090.0,1.081081081081081,2.0,0
LEAD1082,Website,Manufacturing,Small,33300.0,8,4.1,North America,74,0,0.7686,1,24642.0,1.5686274509803924,8.222222222222221,0
LEAD1083,Email,Finance,Small,9300.0,7,35.6,North America,55,0,0.3071,0,5115.0,0.1912568306010929,6.875,0
LEAD1084,LinkedIn,Tech,Medium,53800.0,3,3.1,Middle East,52,1,0.5823,0,27976.0,0.7317073170731708,13.0,0
LEAD1085,Referral,Tech,Medium,10000.0,5,7.1,Asia-Pacific,51,1,0.8128,1,5100.0,0.617283950617284,8.5,0
LEAD1086,Email,Finance,Small,3500.0,6,5.4,Asia-Pacific,51,1,0.2373,1,1785.0,0.9375,7.285714285714286,0
LEAD1087,Cold Call,Retail,Large,104500.0,3,8.2,Europe,88,2,0.6208,1,91960.0,0.32608695652173914,22.0,0
LEAD1088,Website,Tech,Medium,42800.0,3,3.3,South America,64,0,0.6664,0,27392.0,0.6976744186046512,16.0,0
LEAD1089,Referral,Retail,Small,14500.0,5,13.3,Europe,60,0,0.817,1,8700.0,0.34965034965034963,10.0,0
LEAD1090,Website,Tech,Medium,24000.0,7,3.3,Middle East,50,0,0.6292,1,12000.0,1.627906976744186,6.25,0
LEAD1091,Referral,Finance,Large,24200.0,5,11.2,North America,90,1,0.9609,1,21780.0,0.4098360655737705,15.0,0
LEAD1092,Cold Call,Retail,Medium,6300.0,7,5.4,Europe,72,1,0.5363,0,4536.0,1.09375,9.0,0
LEAD1093,Cold Call,Finance,Small,6500.0,9,3.6,Asia-Pacific,75,1,0.7093,1,4875.0,1.956521739130435,7.5,0
LEAD1094,Email,Healthcare,Small,14700.0,8,14.3,North America,61,0,0.3881,1,8967.0,0.5228758169934641,6.777777777777778,0
LEAD1095,Website,Tech,Small,50500.0,9,40.4,South America,75,0,0.7886,1,37875.0,0.21739130434782608,7.5,0
LEAD1096,Website,Retail,Small,2200.0,6,24.5,Middle East,63,1,0.2573,0,1386.0,0.23529411764705882,9.0,0
LEAD1097,Website,Tech,Medium,32500.0,2,1.2,Europe,48,0,0.6028,0,15600.0,0.9090909090909091,16.0,0
LEAD1098,Website,Education,Medium,3200.0,6,7.4,North America,62,1,0.4778,1,1984.0,0.7142857142857143,8.857142857142858,0
LEAD1099,LinkedIn,Tech,Medium,15000.0,6,14.3,Europe,97,0,0.9286,1,14550.0,0.39215686274509803,13.857142857142858,0
LEAD1100,Email,Education,Large,22300.0,8,10.0,South America,59,1,0.6615,1,13157.0,0.7272727272727273,6.555555555555555,0
LEAD1101,Website,Finance,Small,25200.0,3,15.7,Europe,80,0,0.5831,0,20160.0,0.17964071856287425,20.0,0
LEAD1102,Referral,Retail,Large,3200.0,7,44.4,North America,79,0,0.7934,0,2528.0,0.15418502202643172,9.875,0
LEAD1103,LinkedIn,Finance,Medium,12800.0,7,5.1,Europe,66,0,0.6665,1,8448.0,1.1475409836065575,8.25,0
LEAD1104,LinkedIn,Manufacturing,Small,19500.0,4,17.8,North America,88,0,0.749,1,17160.0,0.2127659574468085,17.6,0
LEAD1105,Referral,Tech,Medium,3400.0,6,1.3,Asia-Pacific,12,1,0.6857,0,408.0,2.608695652173913,1.7142857142857142,0
LEAD1106,Website,Tech,Small,4900.0,8,24.6,North America,18,0,0.1404,0,882.0,0.3125,2.0,0
LEAD1107,Email,Finance,Medium,23800.0,5,18.2,Europe,90,2,0.9112,1,21420.0,0.2604166666666667,15.0,0
LEAD1108,LinkedIn,Tech,Medium,16700.0,4,8.9,Asia-Pacific,42,2,0.4645,1,7014.0,0.40404040404040403,8.4,0
LEAD1109,Cold Call,Tech,Small,5500.0,3,20.7,North America,57,0,0.1282,0,3135.0,0.1382488479262673,14.25,0
LEAD1110,Website,Manufacturing,Medium,17300.0,5,13.3,North America,90,0,0.872,0,15570.0,0.34965034965034963,15.0,0
LEAD1111,LinkedIn,Manufacturing,Medium,50800.0,9,9.7,North America,59,0,0.797,1,29972.0,0.8411214953271029,5.9,0
LEAD1112,Website,Finance,Small,2300.0,10,35.1,North America,89,0,0.7066,1,2047.0,0.27700831024930744,8.090909090909092,0
LEAD1113,Website,Manufacturing,Small,22600.0,12,1.8,North America,47,1,0.7667,1,10622.0,4.285714285714286,3.6153846153846154,0
LEAD1114,Email,Healthcare,Small,3500.0,5,48.0,Middle East,67,0,0.2913,0,2345.0,0.10204081632653061,11.166666666666666,0
LEAD1115,Email,Tech,Medium,2100.0,9,2.1,Asia-Pacific,56,1,0.6205,1,1176.0,2.903225806451613,5.6,0
LEAD1116,Email,Retail,Large,5300.0,3,8.0,South America,85,1,0.6075,0,4505.0,0.3333333333333333,21.25,0
LEAD1117,Website,Retail,Large,13000.0,3,3.3,Middle East,50,1,0.8503,1,6500.0,0.6976744186046512,12.5,0
LEAD1118,LinkedIn,Manufacturing,Medium,34400.0,9,3.9,North America,36,1,0.8247,1,12384.0,1.8367346938775508,3.6,0
LEAD1119,Website,Tech,Medium,8600.0,4,12.1,North America,46,1,0.5207,0,3956.0,0.3053435114503817,9.2,0
LEAD1120,Website,Retail,Small,21700.0,7,0.5,North America,47,1,0.5925,1,10199.0,4.666666666666667,5.875,0
LEAD1121,LinkedIn,Tech,Medium,12600.0,7,34.0,Asia-Pacific,42,2,0.369,1,5292.0,0.2,5.25,0
LEAD1122,Referral,Tech,Small,7300.0,7,4.0,Asia-Pacific,41,1,0.8691,1,2993.0,1.4,5.125,0
LEAD1123,LinkedIn,Tech,Small,16400.0,5,3.9,North America,77,0,0.8203,1,12628.0,1.0204081632653061,12.833333333333334,0
LEAD1124,LinkedIn,Manufacturing,Medium,33900.0,3,24.0,North America,83,0,0.7599,1,28137.0,0.12,20.75,0
LEAD1125,Cold Call,Education,Small,37700.0,5,17.5,Europe,63,0,0.1638,0,23751.0,0.2702702702702703,10.5,0
LEAD1126,Email,Retail,Medium,39500.0,8,13.5,Europe,42,0,0.4477,1,16590.0,0.5517241379310345,4.666666666666667,0
LEAD1127,Website,Healthcare,Medium,10300.0,6,2.0,South America,43,0,0.6097,1,4429.0,2.0,6.142857142857143,0
LEAD1128,Email,Finance,Small,33500.0,6,17.7,North America,14,0,0.157,0,4690.0,0.32085561497326204,2.0,0
LEAD1129,Email,Tech,Small,6800.0,6,5.5,South America,63,1,0.6184,1,4284.0,0.9230769230769231,9.0,0
LEAD1130,Website,Tech,Large,28800.0,5,48.0,Europe,41,0,0.5445,1,11808.0,0.10204081632653061,6.833333333333333,0
LEAD1131,Cold Call,Finance,Medium,61300.0,5,13.4,Asia-Pacific,84,0,0.5961,0,51492.0,0.3472222222222222,14.0,0
LEAD1132,Email,Retail,Small,2300.0,3,21.8,Middle East,27,0,0.0698,0,621.0,0.13157894736842105,6.75,0
LEAD1133,Website,Healthcare,Small,13600.0,5,16.0,South America,43,1,0.5122,1,5848.0,0.29411764705882354,7.166666666666667,0
LEAD1134,Website,Tech,Medium,22900.0,4,10.9,North America,53,1,0.8169,1,12137.0,0.3361344537815126,10.6,0
LEAD1135,Cold Call,Tech,Medium,26200.0,6,15.2,North America,64,2,0.6507,0,16768.0,0.3703703703703704,9.142857142857142,0
LEAD1136,Website,Tech,Small,5900.0,4,11.0,Europe,91,1,0.8614,1,5369.0,0.3333333333333333,18.2,0
LEAD1137,LinkedIn,Finance,Small,73600.0,7,0.7,Europe,28,0,0.4959,1,20608.0,4.11764705882353,3.5,0
LEAD1138,Email,Manufacturing,Large,21100.0,9,5.2,Europe,49,0,0.5502,0,10339.0,1.4516129032258065,4.9,0
LEAD1139,Email,Healthcare,Medium,5600.0,6,4.7,Middle East,26,0,0.2507,0,1456.0,1.0526315789473684,3.7142857142857144,0
LEAD1140,Email,Education,Large,2400.0,7,15.1,North America,71,0,0.3285,0,1704.0,0.43478260869565216,8.875,0
LEAD1141,LinkedIn,Finance,Medium,32600.0,3,10.4,Europe,42,1,0.2655,0,13692.0,0.2631578947368421,10.5,0
LEAD1142,Website,Finance,Large,3700.0,8,11.4,North America,53,0,0.7454,1,1961.0,0.6451612903225806,5.888888888888889,0
LEAD1143,Cold Call,Tech,Small,5000.0,5,22.6,South America,52,0,0.0639,0,2600.0,0.211864406779661,8.666666666666666,0
LEAD1144,Email,Education,Medium,19100.0,8,9.0,Middle East,57,1,0.4494,0,10887.0,0.8,6.333333333333333,0
LEAD1145,Website,Retail,Small,20500.0,4,3.1,Europe,52,0,0.5495,1,10660.0,0.9756097560975611,10.4,0
LEAD1146,LinkedIn,Tech,Medium,25200.0,8,0.3,North America,36,2,0.8296,1,9072.0,6.153846153846153,4.0,0
LEAD1147,LinkedIn,Healthcare,Small,12000.0,6,2.2,Asia-Pacific,57,2,0.6763,0,6840.0,1.875,8.142857142857142,0
LEAD1148,Cold Call,Finance,Small,31700.0,5,0.5,Asia-Pacific,39,1,0.3999,1,12363.0,3.3333333333333335,6.5,0
LEAD1149,LinkedIn,Healthcare,Large,75300.0,8,3.3,North America,71,0,0.8596,0,53463.0,1.8604651162790697,7.888888888888889,0
LEAD1150,LinkedIn,Manufacturing,Large,8300.0,6,12.2,South America,56,0,0.7358,1,4648.0,0.4545454545454546,8.0,0
LEAD1151,Cold Call,Healthcare,Small,26300.0,7,2.1,Middle East,34,0,0.1512,0,8942.0,2.258064516129032,4.25,0
LEAD1152,LinkedIn,Healthcare,Medium,54800.0,8,1.1,Europe,100,0,0.9175,1,54800.0,3.8095238095238093,11.11111111111111,1
LEAD1153,Cold Call,Tech,Small,25200.0,7,42.5,Europe,88,0,0.5029,0,22176.0,0.16091954022988506,11.0,0
LEAD1154,Cold Call,Tech,Small,24900.0,9,48.0,North America,100,0,0.5074,0,24900.0,0.1836734693877551,10.0,0
LEAD1155,Cold Call,Tech,Medium,7100.0,5,12.3,Europe,48,1,0.1877,0,3408.0,0.37593984962406013,8.0,0
LEAD1156,LinkedIn,Tech,Small,17300.0,8,1.5,Europe,38,0,0.666,1,6574.0,3.2,4.222222222222222,0
LEAD1157,Website,Retail,Large,18500.0,6,20.8,North America,71,1,0.783,1,13135.0,0.27522935779816515,10.142857142857142,0
LEAD1158,LinkedIn,Retail,Small,26100.0,6,9.4,North America,77,1,0.7488,1,20097.0,0.5769230769230769,11.0,0
LEAD1159,LinkedIn,Tech,Medium,117000.0,6,2.5,North America,59,2,0.8281,1,69030.0,1.7142857142857142,8.428571428571429,0
LEAD1160,Website,Education,Medium,2700.0,5,10.4,North America,13,1,0.1364,0,351.0,0.43859649122807015,2.1666666666666665,0
LEAD1161,LinkedIn,Tech,Small,3300.0,3,0.6,Europe,35,0,0.2109,0,1155.0,1.875,8.75,0
LEAD1162,Website,Finance,Small,3600.0,6,43.2,Europe,63,1,0.3244,0,2268.0,0.13574660633484162,9.0,0
LEAD1163,Website,Tech,Medium,29200.0,8,21.1,Europe,42,1,0.9204,1,12264.0,0.36199095022624433,4.666666666666667,0
LEAD1164,Cold Call,Finance,Medium,4900.0,5,3.7,North America,28,2,0.1671,0,1372.0,1.0638297872340425,4.666666666666667,0
LEAD1165,Website,Tech,Small,21500.0,7,6.6,Europe,50,1,0.4365,1,10750.0,0.9210526315789475,6.25,0
LEAD1166,LinkedIn,Finance,Medium,9900.0,5,6.1,Asia-Pacific,1,0,0.185,0,99.0,0.7042253521126761,0.16666666666666666,0
LEAD1167,LinkedIn,Finance,Small,14200.0,4,23.8,Europe,43,0,0.3825,0,6106.0,0.16129032258064516,8.6,0
LEAD1168,Email,Manufacturing,Small,6900.0,3,5.4,Middle East,46,1,0.1363,0,3174.0,0.46875,11.5,0
LEAD1169,Website,Tech,Small,42200.0,4,0.7,Europe,61,2,0.8744,1,25742.0,2.3529411764705883,12.2,0
LEAD1170,Website,Tech,Small,19600.0,6,3.0,Europe,66,2,0.8167,1,12936.0,1.5,9.428571428571429,0
LEAD1171,Cold Call,Tech,Medium,59900.0,12,3.0,North America,63,0,0.6496,1,37737.0,3.0,4.846153846153846,0
LEAD1172,Referral,Healthcare,Medium,19100.0,5,35.9,Asia-Pacific,73,1,0.9015,1,13943.0,0.13550135501355015,12.166666666666666,0
LEAD1173,Cold Call,Tech,Large,4600.0,7,31.0,South America,52,1,0.1983,0,2392.0,0.21875,6.5,0
LEAD1174,Website,Education,Medium,5700.0,9,4.4,Middle East,26,1,0.4818,0,1482.0,1.6666666666666665,2.6,0
LEAD1175,Cold Call,Healthcare,Large,92300.0,9,0.1,Middle East,56,0,0.7635,1,51688.0,8.181818181818182,5.6,0
LEAD1176,Email,Healthcare,Medium,27900.0,5,8.8,North America,37,1,0.3626,0,10323.0,0.5102040816326531,6.166666666666667,0
LEAD1177,LinkedIn,Healthcare,Medium,3000.0,13,19.2,Europe,28,1,0.2934,0,840.0,0.6435643564356436,2.0,0
LEAD1178,Website,Tech,Large,26300.0,8,3.9,Europe,67,0,0.9672,1,17621.0,1.6326530612244896,7.444444444444445,0
LEAD1179,LinkedIn,Tech,Medium,12600.0,2,7.0,Europe,27,1,0.1895,0,3402.0,0.25,9.0,0
LEAD1180,Email,Finance,Small,9300.0,2,2.4,North America,69,0,0.4054,1,6417.0,0.5882352941176471,23.0,0
LEAD1181,Referral,Healthcare,Medium,5300.0,8,4.9,South America,29,1,0.8397,0,1537.0,1.3559322033898304,3.2222222222222223,0
LEAD1182,Website,Tech,Large,38600.0,4,17.2,South America,49,0,0.7114,0,18914.0,0.21978021978021978,9.8,0
LEAD1183,Cold Call,Tech,Medium,3300.0,5,6.8,Europe,44,0,0.2099,0,1452.0,0.6410256410256411,7.333333333333333,0
LEAD1184,Referral,Manufacturing,Medium,8800.0,3,7.2,North America,78,0,0.73,1,6864.0,0.3658536585365854,19.5,0
LEAD1185,Website,Tech,Medium,9300.0,4,18.8,North America,67,1,0.7189,1,6231.0,0.20202020202020202,13.4,0
LEAD1186,Referral,Education,Large,5500.0,9,17.4,Asia-Pacific,39,1,0.8353,1,2145.0,0.48913043478260876,3.9,0
LEAD1187,Cold Call,Retail,Small,16200.0,5,2.6,North America,52,1,0.2221,0,8424.0,1.3888888888888888,8.666666666666666,0
LEAD1188,Website,Tech,Medium,2200.0,11,6.5,South America,82,0,0.7769,1,1804.0,1.4666666666666666,6.833333333333333,0
LEAD1189,Website,Tech,Small,9200.0,5,22.8,Asia-Pacific,85,0,0.7223,1,7820.0,0.21008403361344538,14.166666666666666,0
LEAD1190,Cold Call,Tech,Medium,56300.0,4,7.4,Europe,28,1,0.2233,0,15764.0,0.47619047619047616,5.6,0
LEAD1191,Website,Retail,Medium,9400.0,4,13.1,Europe,81,1,0.8238,1,7614.0,0.28368794326241137,16.2,0
LEAD1192,Email,Healthcare,Small,10900.0,4,4.5,North America,80,0,0.3886,0,8720.0,0.7272727272727273,16.0,0
LEAD1193,Website,Retail,Small,14800.0,6,0.8,Middle East,59,1,0.9335,1,8732.0,3.333333333333333,8.428571428571429,0
LEAD1194,Cold Call,Manufacturing,Medium,18500.0,6,2.3,Europe,53,0,0.4474,0,9805.0,1.8181818181818183,7.571428571428571,0
LEAD1195,Website,Retail,Small,35100.0,9,6.3,Middle East,44,1,0.5318,0,15444.0,1.2328767123287672,4.4,0
LEAD1196,LinkedIn,Tech,Small,6200.0,8,5.3,Europe,30,0,0.3617,1,1860.0,1.2698412698412698,3.3333333333333335,0
LEAD1197,Referral,Tech,Medium,43100.0,6,27.2,Asia-Pacific,62,1,0.8526,1,26722.0,0.2127659574468085,8.857142857142858,0
LEAD1198,Referral,Education,Small,30300.0,2,9.6,North America,52,2,0.4364,1,15756.0,0.18867924528301888,17.333333333333332,0
LEAD1199,Cold Call,Tech,Small,27600.0,5,11.9,Europe,64,0,0.3621,0,17664.0,0.38759689922480617,10.666666666666666,0
LEAD1200,Website,Tech,Large,3800.0,7,14.1,Asia-Pacific,64,1,0.8091,1,2432.0,0.4635761589403974,8.0,0
LEAD1201,LinkedIn,Retail,Small,2400.0,5,9.2,Asia-Pacific,100,0,0.8407,1,2400.0,0.4901960784313726,16.666666666666668,0
LEAD1202,Website,Finance,Small,20000.0,5,17.7,Asia-Pacific,79,2,0.8148,1,15800.0,0.26737967914438504,13.166666666666666,0
LEAD1203,Website,Manufacturing,Medium,41800.0,4,18.4,North America,66,0,0.7317,1,27588.0,0.2061855670103093,13.2,0
LEAD1204,Website,Retail,Medium,19600.0,4,5.3,Middle East,12,1,0.2356,0,2352.0,0.6349206349206349,2.4,0
LEAD1205,Email,Tech,Large,6800.0,4,1.2,Middle East,63,0,0.6959,1,4284.0,1.8181818181818181,12.6,0
LEAD1206,LinkedIn,Manufacturing,Large,3900.0,8,48.0,North America,87,0,0.666,1,3393.0,0.16326530612244897,9.666666666666666,0
LEAD1207,Cold Call,Tech,Medium,26100.0,9,12.4,Middle East,46,1,0.3241,1,12006.0,0.6716417910447761,4.6,0
LEAD1208,Email,Finance,Small,27600.0,7,14.9,North America,99,1,0.8172,1,27324.0,0.44025157232704404,12.375,0
LEAD1209,Website,Finance,Small,5800.0,7,17.1,Asia-Pacific,66,1,0.6478,0,3828.0,0.38674033149171266,8.25,0
LEAD1210,Referral,Tech,Small,2600.0,3,11.5,North America,61,0,0.6174,1,1586.0,0.24,15.25,0
LEAD1211,Email,Finance,Small,12500.0,10,7.7,Middle East,35,1,0.3182,1,4375.0,1.149425287356322,3.1818181818181817,0
LEAD1212,Email,Tech,Medium,19500.0,8,48.0,North America,85,0,0.6762,1,16575.0,0.16326530612244897,9.444444444444445,0
LEAD1213,Website,Finance,Medium,26500.0,6,15.7,Europe,38,1,0.5194,0,10070.0,0.3592814371257485,5.428571428571429,0
LEAD1214,LinkedIn,Finance,Small,35200.0,7,22.5,Europe,44,1,0.4818,0,15488.0,0.2978723404255319,5.5,0
LEAD1215,Cold Call,Retail,Medium,20900.0,5,7.1,North America,17,0,0.135,0,3553.0,0.617283950617284,2.8333333333333335,0
LEAD1216,Website,Education,Small,4400.0,7,28.3,Europe,73,2,0.4078,0,3212.0,0.23890784982935154,9.125,0
LEAD1217,Website,Tech,Small,25000.0,6,15.9,North America,67,2,0.796,1,16750.0,0.3550295857988166,9.571428571428571,0
LEAD1218,Cold Call,Finance,Medium,84900.0,6,16.6,Asia-Pacific,55,0,0.3773,1,46695.0,0.3409090909090909,7.857142857142857,0
LEAD1219,Cold Call,Finance,Small,49200.0,5,1.2,Middle East,70,0,0.5436,0,34440.0,2.2727272727272725,11.666666666666666,0
LEAD1220,Website,Tech,Small,43100.0,3,11.6,Asia-Pacific,68,1,0.4533,1,29308.0,0.2380952380952381,17.0,0
LEAD1221,Referral,Retail,Small,9200.0,6,5.0,South America,48,1,0.7332,1,4416.0,1.0,6.857142857142857,0
LEAD1222,Website,Retail,Small,29800.0,7,13.4,North America,39,0,0.1829,0,11622.0,0.4861111111111111,4.875,0
LEAD1223,Email,Tech,Medium,40100.0,5,10.2,North America,21,1,0.2046,0,8421.0,0.44642857142857145,3.5,0
LEAD1224,Referral,Finance,Large,24700.0,7,1.5,Europe,51,2,0.9066,1,12597.0,2.8,6.375,0
LEAD1225,Email,Tech,Small,7800.0,4,9.2,North America,29,0,0.1592,0,2262.0,0.3921568627450981,5.8,0
LEAD1226,Cold Call,Healthcare,Small,63500.0,9,7.3,Middle East,58,2,0.4499,1,36830.0,1.0843373493975903,5.8,0
LEAD1227,Email,Tech,Medium,14000.0,4,18.1,North America,52,2,0.6866,1,7280.0,0.20942408376963348,10.4,0
LEAD1228,Website,Manufacturing,Large,4800.0,6,8.5,South America,47,1,0.647,0,2256.0,0.631578947368421,6.714285714285714,0
LEAD1229,Referral,Retail,Small,4300.0,2,8.0,North America,76,0,0.62,0,3268.0,0.2222222222222222,25.333333333333332,0
LEAD1230,Email,Finance,Small,22900.0,10,15.4,Asia-Pacific,35,0,0.2715,0,8015.0,0.6097560975609757,3.1818181818181817,0
LEAD1231,LinkedIn,Healthcare,Medium,13500.0,4,13.4,North America,18,1,0.2489,1,2430.0,0.2777777777777778,3.6,0
LEAD1232,Website,Manufacturing,Medium,4000.0,3,48.0,North America,50,1,0.1141,1,2000.0,0.061224489795918366,12.5,0
LEAD1233,Website,Healthcare,Small,29000.0,11,5.3,Asia-Pacific,40,1,0.3445,0,11600.0,1.746031746031746,3.3333333333333335,0
LEAD1234,Website,Tech,Medium,34100.0,5,14.1,North America,57,1,0.6316,1,19437.0,0.33112582781456956,9.5,0
LEAD1235,Cold Call,Finance,Small,27800.0,7,2.3,Asia-Pacific,37,2,0.4024,0,10286.0,2.121212121212121,4.625,0
LEAD1236,Email,Education,Medium,6500.0,12,19.7,Europe,63,1,0.4987,0,4095.0,0.5797101449275363,4.846153846153846,0
LEAD1237,LinkedIn,Healthcare,Medium,25400.0,7,18.6,North America,36,2,0.4099,0,9144.0,0.3571428571428571,4.5,0
LEAD1238,Email,Retail,Large,2200.0,4,15.6,Middle East,35,1,0.3933,1,770.0,0.24096385542168672,7.0,0
LEAD1239,Referral,Education,Small,9300.0,5,1.6,Europe,67,0,0.5983,1,6231.0,1.923076923076923,11.166666666666666,0
LEAD1240,Website,Education,Small,12200.0,8,48.0,Asia-Pacific,54,0,0.2691,0,6588.0,0.16326530612244897,6.0,0
LEAD1241,LinkedIn,Manufacturing,Small,38100.0,5,34.4,Europe,31,0,0.091,0,11811.0,0.14124293785310735,5.166666666666667,0
LEAD1242,LinkedIn,Tech,Large,11900.0,8,5.6,Europe,36,1,0.662,1,4284.0,1.2121212121212122,4.0,0
LEAD1243,LinkedIn,Healthcare,Small,2200.0,6,10.4,North America,48,0,0.3723,1,1056.0,0.5263157894736842,6.857142857142857,0
LEAD1244,LinkedIn,Retail,Small,10700.0,8,26.5,North America,32,0,0.2091,0,3424.0,0.2909090909090909,3.5555555555555554,0
LEAD1245,LinkedIn,Retail,Small,15800.0,8,8.3,Europe,49,2,0.7085,0,7742.0,0.8602150537634408,5.444444444444445,0
LEAD1246,Cold Call,Healthcare,Medium,61500.0,2,11.1,Europe,50,3,0.2034,0,30750.0,0.1652892561983471,16.666666666666668,0
LEAD1247,Website,Tech,Small,58600.0,5,11.2,North America,37,0,0.4549,1,21682.0,0.4098360655737705,6.166666666666667,0
LEAD1248,Website,Retail,Small,6000.0,11,12.7,Asia-Pacific,68,0,0.8515,1,4080.0,0.8029197080291971,5.666666666666667,0
LEAD1249,LinkedIn,Retail,Small,6100.0,7,10.4,Asia-Pacific,35,1,0.1331,0,2135.0,0.6140350877192983,4.375,0
LEAD1250,Cold Call,Tech,Large,5600.0,11,6.3,North America,80,0,0.8334,1,4480.0,1.5068493150684932,6.666666666666667,0
LEAD1251,LinkedIn,Finance,Medium,33100.0,7,9.4,North America,51,1,0.7944,0,16881.0,0.673076923076923,6.375,0
LEAD1252,Email,Tech,Medium,2100.0,5,24.7,Europe,42,1,0.2079,0,882.0,0.19455252918287938,7.0,0
LEAD1253,Website,Finance,Large,4700.0,7,24.1,North America,66,0,0.4777,1,3102.0,0.2788844621513944,8.25,0
LEAD1254,Website,Tech,Large,17400.0,3,17.9,North America,56,1,0.4775,1,9744.0,0.15873015873015875,14.0,0
LEAD1255,Cold Call,Finance,Small,7700.0,6,6.5,North America,70,0,0.2778,1,5390.0,0.8,10.0,0
LEAD1256,Email,Healthcare,Large,3900.0,6,18.6,Middle East,15,2,0.288,0,585.0,0.3061224489795918,2.142857142857143,0
LEAD1257,Website,Healthcare,Small,10900.0,4,6.0,Asia-Pacific,65,1,0.4073,0,7085.0,0.5714285714285714,13.0,0
LEAD1258,Email,Retail,Small,8400.0,7,13.2,North America,45,2,0.511,1,3780.0,0.49295774647887325,5.625,0
LEAD1259,Website,Education,Large,16300.0,2,10.2,North America,56,0,0.3306,0,9128.0,0.17857142857142858,18.666666666666668,0
LEAD1260,Email,Tech,Small,79500.0,4,4.4,Asia-Pacific,53,0,0.5817,1,42135.0,0.7407407407407407,10.6,0
LEAD1261,Website,Tech,Small,4700.0,5,7.3,Europe,82,0,0.6261,0,3854.0,0.6024096385542168,13.666666666666666,0
LEAD1262,LinkedIn,Education,Small,11300.0,6,21.4,Asia-Pacific,18,2,0.1957,0,2034.0,0.26785714285714285,2.5714285714285716,0
LEAD1263,Website,Tech,Medium,55800.0,4,29.4,South America,87,1,0.8668,1,48546.0,0.13157894736842105,17.4,0
LEAD1264,Email,Manufacturing,Small,43900.0,2,2.9,Europe,69,1,0.5722,1,30291.0,0.5128205128205129,23.0,0
LEAD1265,Website,Education,Medium,12000.0,5,7.4,North America,58,0,0.4404,0,6960.0,0.5952380952380952,9.666666666666666,0
LEAD1266,Website,Healthcare,Large,26000.0,5,6.9,Asia-Pacific,26,0,0.3552,0,6760.0,0.6329113924050632,4.333333333333333,0
LEAD1267,Email,Manufacturing,Medium,3800.0,9,8.2,Middle East,22,0,0.1117,0,836.0,0.9782608695652175,2.2,0
LEAD1268,Email,Tech,Small,26900.0,7,45.2,Europe,44,1,0.3199,0,11836.0,0.15151515151515152,5.5,0
LEAD1269,Cold Call,Finance,Large,74100.0,2,8.9,Asia-Pacific,68,2,0.5105,0,50388.0,0.20202020202020202,22.666666666666668,0
LEAD1270,Website,Healthcare,Small,17400.0,7,21.4,North America,55,1,0.6326,1,9570.0,0.3125,6.875,0
LEAD1271,Cold Call,Finance,Small,15800.0,5,13.2,North America,67,0,0.1165,0,10586.0,0.35211267605633806,11.166666666666666,0
LEAD1272,LinkedIn,Manufacturing,Small,6100.0,4,1.5,Asia-Pacific,26,1,0.4962,0,1586.0,1.6,5.2,0
LEAD1273,LinkedIn,Tech,Medium,22100.0,3,14.4,South America,56,0,0.3779,1,12376.0,0.19480519480519481,14.0,0
LEAD1274,Website,Healthcare,Small,19900.0,6,12.6,Europe,77,1,0.5312,1,15323.0,0.4411764705882353,11.0,0
LEAD1275,Email,Healthcare,Small,23100.0,6,17.1,Asia-Pacific,84,0,0.4773,0,19404.0,0.3314917127071823,12.0,0
LEAD1276,Website,Retail,Small,2500.0,7,1.0,North America,30,1,0.4146,1,750.0,3.5,3.75,0
LEAD1277,Website,Tech,Small,17900.0,3,3.4,North America,48,1,0.4852,0,8592.0,0.6818181818181818,12.0,0
LEAD1278,Referral,Finance,Medium,20100.0,4,17.7,Europe,48,1,0.7314,1,9648.0,0.21390374331550802,9.6,0
LEAD1279,Website,Education,Medium,6700.0,1,5.7,North America,42,0,0.112,0,2814.0,0.14925373134328357,21.0,0
LEAD1280,Email,Tech,Medium,6700.0,7,29.1,Europe,73,0,0.5577,1,4891.0,0.23255813953488372,9.125,0
LEAD1281,Cold Call,Education,Small,8500.0,8,8.8,North America,100,0,0.706,1,8500.0,0.8163265306122448,11.11111111111111,0
LEAD1282,Cold Call,Healthcare,Small,26900.0,4,0.1,Asia-Pacific,33,1,0.4599,0,8877.0,3.6363636363636362,6.6,0
LEAD1283,Email,Retail,Large,20600.0,8,14.5,Asia-Pacific,63,0,0.4823,0,12978.0,0.5161290322580645,7.0,0
LEAD1284,Website,Retail,Small,39400.0,8,8.7,Europe,61,2,0.8134,1,24034.0,0.8247422680412372,6.777777777777778,0
LEAD1285,Website,Tech,Large,9000.0,6,4.7,North America,61,2,0.7458,1,5490.0,1.0526315789473684,8.714285714285714,0
LEAD1286,Email,Healthcare,Small,50600.0,6,0.3,Europe,82,0,0.9435,1,41492.0,4.615384615384615,11.714285714285714,1
LEAD1287,Website,Education,Large,29200.0,5,2.8,Middle East,62,1,0.8524,1,18104.0,1.3157894736842106,10.333333333333334,0
LEAD1288,Email,Finance,Small,12100.0,6,2.2,Europe,12,1,0.3275,0,1452.0,1.875,1.7142857142857142,0
LEAD1289,Website,Manufacturing,Small,4000.0,3,10.6,North America,26,0,0.0954,0,1040.0,0.25862068965517243,6.5,0
LEAD1290,Website,Finance,Medium,7900.0,5,17.7,North America,34,0,0.4216,0,2686.0,0.26737967914438504,5.666666666666667,0
LEAD1291,Email,Tech,Medium,64800.0,7,3.3,North America,40,0,0.5197,1,25920.0,1.627906976744186,5.0,0
LEAD1292,Website,Finance,Small,9400.0,6,14.5,North America,52,1,0.6862,1,4888.0,0.3870967741935484,7.428571428571429,0
LEAD1293,Email,Manufacturing,Medium,10000.0,5,27.7,Asia-Pacific,51,0,0.295,0,5100.0,0.17421602787456447,8.5,0
LEAD1294,Cold Call,Finance,Medium,6200.0,7,11.8,Asia-Pacific,19,1,0.0869,1,1178.0,0.546875,2.375,0
LEAD1295,LinkedIn,Education,Small,34900.0,5,18.0,North America,23,2,0.1764,1,8027.0,0.2631578947368421,3.8333333333333335,0
LEAD1296,Website,Education,Small,8400.0,5,2.8,North America,13,1,0.1883,0,1092.0,1.3157894736842106,2.1666666666666665,0
LEAD1297,Website,Finance,Small,10000.0,7,1.0,North America,24,3,0.6677,1,2400.0,3.5,3.0,0
LEAD1298,Website,Tech,Small,12700.0,5,5.6,South America,75,1,0.805,1,9525.0,0.7575757575757576,12.5,0
LEAD1299,Cold Call,Retail,Medium,13400.0,8,14.9,Europe,50,0,0.2995,0,6700.0,0.5031446540880503,5.555555555555555,0
LEAD1300,Cold Call,Finance,Small,12600.0,8,14.0,Asia-Pacific,36,2,0.1806,0,4536.0,0.5333333333333333,4.0,0
LEAD1301,Website,Retail,Small,16000.0,7,37.3,Europe,17,0,0.1594,1,2720.0,0.18276762402088775,2.125,0
LEAD1302,Referral,Finance,Small,35700.0,5,12.0,Europe,35,2,0.5053,0,12495.0,0.38461538461538464,5.833333333333333,0
LEAD1303,Website,Finance,Medium,36200.0,6,6.5,North America,67,1,0.8551,1,24254.0,0.8,9.571428571428571,0
LEAD1304,Email,Retail,Small,34000.0,6,19.2,North America,65,2,0.6512,1,22100.0,0.297029702970297,9.285714285714286,0
LEAD1305,Cold Call,Finance,Small,4100.0,6,2.1,Europe,50,0,0.2266,0,2050.0,1.9354838709677418,7.142857142857143,0
LEAD1306,LinkedIn,Finance,Small,34200.0,7,20.2,Europe,50,0,0.306,0,17100.0,0.33018867924528306,6.25,0
LEAD1307,Cold Call,Finance,Large,4600.0,7,5.6,North America,20,0,0.105,0,920.0,1.0606060606060606,2.5,0
LEAD1308,LinkedIn,Finance,Small,4700.0,9,2.1,North America,39,0,0.6541,1,1833.0,2.903225806451613,3.9,0
LEAD1309,Website,Healthcare,Medium,61100.0,5,2.2,North America,66,1,0.9464,1,40326.0,1.5625,11.0,0
LEAD1310,LinkedIn,Education,Small,36200.0,10,48.0,Europe,42,0,0.2828,1,15204.0,0.20408163265306123,3.8181818181818183,0
LEAD1311,Website,Finance,Small,18100.0,12,11.8,Europe,87,1,0.8673,1,15747.0,0.9375,6.6923076923076925,0
LEAD1312,LinkedIn,Healthcare,Medium,43600.0,6,2.4,South America,79,1,0.9339,1,34444.0,1.7647058823529411,11.285714285714286,0
LEAD1313,Email,Retail,Small,92900.0,6,3.9,North America,46,1,0.616,1,42734.0,1.2244897959183672,6.571428571428571,0
LEAD1314,LinkedIn,Tech,Large,20900.0,6,5.7,North America,50,1,0.7197,1,10450.0,0.8955223880597015,7.142857142857143,0
LEAD1315,Email,Tech,Large,21000.0,3,0.8,North America,99,0,0.8595,1,20790.0,1.6666666666666665,24.75,1
LEAD1316,Cold Call,Manufacturing,Medium,30100.0,5,1.5,Europe,72,0,0.6366,1,21672.0,2.0,12.0,0
LEAD1317,Email,Retail,Medium,7300.0,7,17.3,Europe,56,0,0.442,1,4088.0,0.3825136612021858,7.0,0
LEAD1318,Cold Call,Healthcare,Small,5700.0,4,18.7,Asia-Pacific,59,0,0.4316,0,3363.0,0.20304568527918782,11.8,0
LEAD1319,Website,Healthcare,Small,30500.0,7,48.0,North America,58,0,0.4069,0,17690.0,0.14285714285714285,7.25,0
LEAD1320,Website,Tech,Large,10500.0,7,0.9,Europe,55,2,0.9544,1,5775.0,3.68421052631579,6.875,0
LEAD1321,Website,Healthcare,Medium,4900.0,3,26.5,South America,34,0,0.1522,0,1666.0,0.10909090909090909,8.5,0
LEAD1322,Website,Healthcare,Medium,9600.0,3,4.7,South America,47,1,0.3465,1,4512.0,0.5263157894736842,11.75,0
LEAD1323,LinkedIn,Healthcare,Small,10900.0,8,4.9,Middle East,26,1,0.4829,1,2834.0,1.3559322033898304,2.888888888888889,0
LEAD1324,Website,Finance,Small,69200.0,8,1.7,Asia-Pacific,69,2,0.8769,1,47748.0,2.962962962962963,7.666666666666667,0
LEAD1325,Referral,Tech,Large,25900.0,6,48.0,South America,52,2,0.7736,1,13468.0,0.12244897959183673,7.428571428571429,0
LEAD1326,Website,Tech,Small,17100.0,5,47.7,North America,71,1,0.5652,1,12141.0,0.1026694045174538,11.833333333333334,0
LEAD1327,Website,Manufacturing,Small,71400.0,4,24.1,North America,30,1,0.2211,1,21420.0,0.1593625498007968,6.0,0
LEAD1328,LinkedIn,Finance,Small,48700.0,6,1.2,North America,83,0,0.7237,1,40421.0,2.727272727272727,11.857142857142858,1
LEAD1329,Cold Call,Finance,Medium,16300.0,3,22.2,Asia-Pacific,81,1,0.5633,0,13203.0,0.12931034482758622,20.25,0
LEAD1330,Email,Tech,Small,49200.0,6,12.2,Middle East,24,0,0.1708,0,11808.0,0.4545454545454546,3.4285714285714284,0
LEAD1331,Email,Tech,Medium,12400.0,7,1.8,North America,45,0,0.6252,0,5580.0,2.5,5.625,0
LEAD1332,Cold Call,Retail,Small,7200.0,8,3.7,Europe,47,2,0.3902,1,3384.0,1.702127659574468,5.222222222222222,0
LEAD1333,Website,Healthcare,Large,7300.0,7,14.1,Asia-Pacific,26,1,0.3973,0,1898.0,0.4635761589403974,3.25,0
LEAD1334,Referral,Healthcare,Medium,23700.0,5,19.6,South America,50,1,0.7201,1,11850.0,0.24271844660194172,8.333333333333334,0
LEAD1335,Referral,Tech,Small,15900.0,4,22.7,Europe,66,1,0.8145,1,10494.0,0.16877637130801687,13.2,0
LEAD1336,Cold Call,Retail,Medium,23500.0,5,9.5,Middle East,46,1,0.2319,0,10810.0,0.47619047619047616,7.666666666666667,0
LEAD1337,Website,Tech,Small,25200.0,5,9.3,North America,21,1,0.2803,1,5292.0,0.48543689320388345,3.5,0
LEAD1338,Cold Call,Tech,Small,2500.0,13,13.9,North America,70,2,0.3523,0,1750.0,0.87248322147651,5.0,0
LEAD1339,Website,Finance,Large,3100.0,7,18.1,Europe,39,1,0.4545,1,1209.0,0.36649214659685864,4.875,0
LEAD1340,Website,Tech,Small,17200.0,5,2.3,North America,41,0,0.6252,1,7052.0,1.5151515151515151,6.833333333333333,0
LEAD1341,Website,Tech,Small,6200.0,5,16.3,North America,89,0,0.8571,1,5518.0,0.2890173410404624,14.833333333333334,0
LEAD1342,Email,Healthcare,Small,22000.0,14,5.1,Asia-Pacific,63,1,0.513,1,13860.0,2.295081967213115,4.2,0
LEAD1343,LinkedIn,Retail,Small,18100.0,7,5.9,Asia-Pacific,39,1,0.2763,0,7059.0,1.0144927536231882,4.875,0
LEAD1344,Cold Call,Education,Large,19600.0,5,1.1,Asia-Pacific,31,1,0.2736,0,6076.0,2.380952380952381,5.166666666666667,0
LEAD1345,Cold Call,Finance,Small,9200.0,6,10.8,North America,74,1,0.4114,0,6808.0,0.5084745762711864,10.571428571428571,0
LEAD1346,Email,Tech,Large,22400.0,4,1.3,Europe,73,1,0.86,0,16352.0,1.7391304347826089,14.6,0
LEAD1347,Website,Tech,Large,37400.0,5,29.4,North America,45,2,0.6489,1,16830.0,0.16447368421052633,7.5,0
LEAD1348,Email,Manufacturing,Small,127000.0,7,11.7,North America,30,1,0.288,0,38100.0,0.5511811023622047,3.75,0
LEAD1349,Referral,Healthcare,Small,38500.0,6,48.0,Europe,63,0,0.4984,1,24255.0,0.12244897959183673,9.0,0
LEAD1350,Website,Retail,Large,18300.0,7,3.5,North America,67,2,0.8382,0,12261.0,1.5555555555555556,8.375,0
LEAD1351,LinkedIn,Tech,Small,6300.0,6,13.8,North America,48,0,0.2337,0,3024.0,0.4054054054054054,6.857142857142857,0
LEAD1352,Email,Healthcare,Small,24900.0,8,40.1,Asia-Pacific,33,2,0.2007,0,8217.0,0.194647201946472,3.6666666666666665,0
LEAD1353,Email,Tech,Small,57500.0,6,4.4,North America,55,1,0.3956,0,31625.0,1.111111111111111,7.857142857142857,0
LEAD1354,Cold Call,Healthcare,Medium,6800.0,8,1.3,Middle East,64,0,0.3706,0,4352.0,3.4782608695652177,7.111111111111111,0
LEAD1355,Email,Manufacturing,Medium,7900.0,6,12.2,Europe,45,1,0.1906,0,3555.0,0.4545454545454546,6.428571428571429,0
LEAD1356,LinkedIn,Manufacturing,Small,5200.0,5,5.6,Middle East,60,1,0.721,1,3120.0,0.7575757575757576,10.0,0
LEAD1357,LinkedIn,Healthcare,Small,28700.0,8,3.9,North America,62,3,0.7347,1,17794.0,1.6326530612244896,6.888888888888889,0
LEAD1358,Email,Finance,Large,12400.0,5,48.0,Europe,78,1,0.619,0,9672.0,0.10204081632653061,13.0,0
LEAD1359,Website,Manufacturing,Medium,3300.0,5,16.9,North America,47,0,0.4217,0,1551.0,0.2793296089385475,7.833333333333333,0
LEAD1360,Email,Retail,Medium,43600.0,6,8.1,Asia-Pacific,32,0,0.261,1,13952.0,0.6593406593406593,4.571428571428571,0
LEAD1361,LinkedIn,Tech,Medium,18300.0,2,0.7,North America,54,0,0.693,0,9882.0,1.1764705882352942,18.0,0
LEAD1362,Website,Finance,Small,10000.0,8,2.7,North America,89,1,0.9403,1,8900.0,2.162162162162162,9.88888888888889,0
LEAD1363,Cold Call,Tech,Medium,10400.0,2,4.4,South America,20,0,0.0285,0,2080.0,0.37037037037037035,6.666666666666667,0
LEAD1364,Cold Call,Finance,Small,8900.0,6,8.1,North America,9,1,0.0578,0,801.0,0.6593406593406593,1.2857142857142858,0
LEAD1365,Cold Call,Finance,Small,14200.0,6,8.4,North America,53,1,0.2779,1,7526.0,0.6382978723404255,7.571428571428571,0
LEAD1366,Website,Healthcare,Medium,10200.0,5,0.4,North America,47,2,0.8287,1,4794.0,3.5714285714285716,7.833333333333333,0
LEAD1367,Cold Call,Finance,Small,17900.0,5,34.6,Asia-Pacific,51,0,0.1358,0,9129.0,0.14044943820224717,8.5,0
LEAD1368,LinkedIn,Tech,Large,31700.0,6,9.5,North America,50,1,0.6431,1,15850.0,0.5714285714285714,7.142857142857143,0
LEAD1369,Website,Healthcare,Small,24400.0,8,0.3,Europe,75,0,0.9194,1,18300.0,6.153846153846153,8.333333333333334,0
LEAD1370,Website,Education,Large,9000.0,2,14.6,North America,54,1,0.2433,0,4860.0,0.12820512820512822,18.0,0
LEAD1371,Referral,Retail,Large,17000.0,9,1.0,Europe,71,2,0.98,1,12070.0,4.5,7.1,0
LEAD1372,Website,Finance,Small,38700.0,4,15.4,Asia-Pacific,5,1,0.1568,0,1935.0,0.24390243902439027,1.0,0
LEAD1373,LinkedIn,Manufacturing,Medium,3400.0,5,14.6,Europe,44,1,0.5418,1,1496.0,0.32051282051282054,7.333333333333333,0
LEAD1374,Email,Manufacturing,Small,3600.0,5,48.0,Europe,39,1,0.0688,0,1404.0,0.10204081632653061,6.5,0
LEAD1375,Website,Tech,Large,18200.0,7,5.1,North America,9,0,0.2262,0,1638.0,1.1475409836065575,1.125,0
LEAD1376,LinkedIn,Tech,Small,22400.0,7,2.0,North America,57,0,0.6351,0,12768.0,2.3333333333333335,7.125,0
LEAD1377,Email,Retail,Medium,6800.0,4,1.3,North America,53,0,0.5926,0,3604.0,1.7391304347826089,10.6,0
LEAD1378,Email,Education,Small,29300.0,4,1.0,Europe,46,0,0.3595,0,13478.0,2.0,9.2,0
LEAD1379,Email,Manufacturing,Small,22800.0,3,20.0,Europe,52,0,0.1474,0,11856.0,0.14285714285714285,13.0,0
LEAD1380,Email,Education,Small,53400.0,4,15.3,Middle East,57,1,0.432,0,30438.0,0.24539877300613497,11.4,0
LEAD1381,Website,Healthcare,Small,5700.0,6,44.8,North America,75,2,0.6766,0,4275.0,0.13100436681222707,10.714285714285714,0
LEAD1382,Email,Healthcare,Medium,29800.0,7,4.5,Europe,68,0,0.5112,0,20264.0,1.2727272727272727,8.5,0
LEAD1383,Referral,Tech,Medium,3700.0,7,19.6,Europe,62,0,0.7087,0,2294.0,0.3398058252427184,7.75,0
LEAD1384,Website,Tech,Medium,18700.0,7,1.3,Europe,100,0,0.9624,1,18700.0,3.0434782608695654,12.5,1
LEAD1385,Cold Call,Finance,Small,18100.0,6,28.2,South America,41,0,0.0405,0,7421.0,0.20547945205479454,5.857142857142857,0
LEAD1386,Website,Healthcare,Small,11800.0,6,0.7,North America,28,2,0.5581,1,3304.0,3.5294117647058822,4.0,0
LEAD1387,LinkedIn,Healthcare,Small,39200.0,7,18.7,North America,78,3,0.7631,1,30576.0,0.3553299492385787,9.75,0
LEAD1388,Website,Retail,Medium,2100.0,7,4.5,Asia-Pacific,92,0,0.8397,0,1932.0,1.2727272727272727,11.5,0
LEAD1389,Referral,Tech,Large,16700.0,6,2.5,North America,42,0,0.7587,1,7014.0,1.7142857142857142,6.0,0
LEAD1390,Email,Healthcare,Small,6900.0,7,14.7,North America,83,1,0.6553,0,5727.0,0.445859872611465,10.375,0
LEAD1391,Website,Tech,Small,29200.0,7,27.2,North America,44,0,0.3053,0,12848.0,0.24822695035460993,5.5,0
LEAD1392,Website,Finance,Small,2900.0,7,17.4,North America,67,1,0.5616,1,1943.0,0.3804347826086957,8.375,0
LEAD1393,Website,Retail,Medium,37600.0,5,4.6,Europe,68,1,0.752,1,25568.0,0.8928571428571429,11.333333333333334,0
LEAD1394,Email,Retail,Medium,38400.0,8,5.3,North America,42,2,0.6068,1,16128.0,1.2698412698412698,4.666666666666667,0
LEAD1395,Website,Manufacturing,Medium,37800.0,7,2.6,Europe,92,1,0.9342,1,34776.0,1.9444444444444444,11.5,0
LEAD1396,LinkedIn,Tech,Small,5300.0,4,21.0,Europe,94,0,0.7696,1,4982.0,0.18181818181818182,18.8,0
LEAD1397,Email,Finance,Medium,21900.0,8,1.5,Europe,35,0,0.6352,1,7665.0,3.2,3.888888888888889,0
LEAD1398,Website,Finance,Medium,2300.0,5,28.1,Middle East,59,2,0.4567,1,1357.0,0.1718213058419244,9.833333333333334,0
LEAD1399,Cold Call,Finance,Small,39700.0,10,11.1,North America,73,0,0.6415,0,28981.0,0.8264462809917356,6.636363636363637,0
LEAD1400,Cold Call,Education,Medium,27700.0,6,10.8,Middle East,17,1,0.0388,0,4709.0,0.5084745762711864,2.4285714285714284,0
LEAD1401,Website,Retail,Small,17100.0,6,21.9,Europe,56,0,0.4576,1,9576.0,0.26200873362445415,8.0,0
LEAD1402,Website,Education,Small,28200.0,10,13.3,Asia-Pacific,22,0,0.3056,1,6204.0,0.6993006993006993,2.0,0
LEAD1403,Website,Tech,Large,4000.0,6,4.5,Europe,68,0,0.6807,0,2720.0,1.0909090909090908,9.714285714285714,0
LEAD1404,Cold Call,Education,Small,17000.0,4,5.3,Europe,57,0,0.1464,0,9690.0,0.6349206349206349,11.4,0
LEAD1405,Cold Call,Tech,Medium,8900.0,6,2.4,South America,48,2,0.5838,1,4272.0,1.7647058823529411,6.857142857142857,0
LEAD1406,Email,Education,Medium,74000.0,4,7.6,South America,24,0,0.1278,0,17760.0,0.46511627906976744,4.8,0
LEAD1407,LinkedIn,Finance,Small,40900.0,6,1.5,North America,43,1,0.6904,0,17587.0,2.4,6.142857142857143,0
LEAD1408,LinkedIn,Finance,Medium,28400.0,6,12.8,North America,65,2,0.808,1,18460.0,0.43478260869565216,9.285714285714286,0
LEAD1409,Email,Healthcare,Medium,56300.0,4,2.3,Europe,54,2,0.7339,1,30402.0,1.2121212121212122,10.8,0
LEAD1410,LinkedIn,Manufacturing,Small,10500.0,8,24.0,South America,79,1,0.7952,0,8295.0,0.32,8.777777777777779,0
LEAD1411,Website,Tech,Small,48200.0,4,14.6,North America,78,0,0.701,1,37596.0,0.25641025641025644,15.6,0
LEAD1412,Website,Finance,Small,9900.0,7,26.8,Asia-Pacific,77,0,0.6288,0,7623.0,0.2517985611510791,9.625,0
LEAD1413,Website,Education,Small,28400.0,9,1.2,Asia-Pacific,44,1,0.5367,1,12496.0,4.090909090909091,4.4,0
LEAD1414,Website,Finance,Small,28700.0,4,19.3,Asia-Pacific,61,3,0.725,1,17507.0,0.19704433497536944,12.2,0
LEAD1415,Email,Tech,Small,2400.0,5,25.6,Europe,36,0,0.0816,0,864.0,0.18796992481203006,6.0,0
LEAD1416,Referral,Finance,Small,11000.0,7,0.6,Europe,30,1,0.7873,1,3300.0,4.375,3.75,0
LEAD1417,Website,Finance,Large,2400.0,6,48.0,Middle East,79,0,0.6322,0,1896.0,0.12244897959183673,11.285714285714286,0
LEAD1418,Website,Manufacturing,Small,118800.0,8,4.4,Europe,31,0,0.4787,0,36828.0,1.4814814814814814,3.4444444444444446,0
LEAD1419,Email,Retail,Medium,4600.0,11,3.0,Asia-Pacific,29,1,0.622,0,1334.0,2.75,2.4166666666666665,0
LEAD1420,Referral,Healthcare,Medium,17700.0,7,6.5,North America,57,0,0.8099,1,10089.0,0.9333333333333333,7.125,0
LEAD1421,Website,Manufacturing,Medium,33300.0,9,0.2,Asia-Pacific,50,1,0.8588,1,16650.0,7.5,5.0,0
LEAD1422,Email,Finance,Small,6500.0,4,26.1,North America,51,0,0.1032,1,3315.0,0.14760147601476015,10.2,0
LEAD1423,Website,Tech,Large,15300.0,6,3.9,North America,100,0,0.9774,1,15300.0,1.2244897959183672,14.285714285714286,0
LEAD1424,Website,Tech,Medium,20700.0,3,8.9,Asia-Pacific,35,1,0.3155,1,7245.0,0.30303030303030304,8.75,0
LEAD1425,Referral,Finance,Medium,5500.0,7,11.8,Europe,65,0,0.8118,1,3575.0,0.546875,8.125,0
LEAD1426,Referral,Tech,Small,32200.0,7,18.9,Asia-Pacific,57,1,0.8428,0,18354.0,0.35175879396984927,7.125,0
LEAD1427,Website,Manufacturing,Small,9100.0,2,3.6,North America,75,1,0.7208,1,6825.0,0.4347826086956522,25.0,0
LEAD1428,Referral,Retail,Medium,6700.0,6,15.3,Europe,39,2,0.6285,1,2613.0,0.36809815950920244,5.571428571428571,0
LEAD1429,Cold Call,Tech,Small,18300.0,3,1.6,Europe,51,0,0.1208,0,9333.0,1.1538461538461537,12.75,0
LEAD1430,LinkedIn,Healthcare,Small,12600.0,5,14.7,Europe,57,1,0.4135,0,7182.0,0.3184713375796179,9.5,0
LEAD1431,Email,Retail,Small,52600.0,4,30.3,North America,26,0,0.0553,0,13676.0,0.12779552715654952,5.2,0
LEAD1432,Email,Manufacturing,Medium,44400.0,8,1.2,Asia-Pacific,19,0,0.3282,0,8436.0,3.6363636363636362,2.111111111111111,0
LEAD1433,Email,Education,Large,15200.0,5,1.6,Asia-Pacific,55,0,0.6849,1,8360.0,1.923076923076923,9.166666666666666,0
LEAD1434,Cold Call,Healthcare,Small,10900.0,7,9.9,North America,82,0,0.3627,1,8938.0,0.6422018348623852,10.25,0
LEAD1435,Website,Retail,Medium,9900.0,10,0.7,North America,48,0,0.8328,1,4752.0,5.882352941176471,4.363636363636363,0
LEAD1436,Website,Healthcare,Medium,8200.0,5,2.6,Asia-Pacific,51,0,0.7827,1,4182.0,1.3888888888888888,8.5,0
LEAD1437,Website,Healthcare,Small,17700.0,5,2.6,Asia-Pacific,78,2,0.8967,1,13806.0,1.3888888888888888,13.0,0
LEAD1438,Cold Call,Tech,Large,34700.0,5,8.0,Asia-Pacific,52,2,0.658,1,18044.0,0.5555555555555556,8.666666666666666,0
LEAD1439,Website,Tech,Large,9400.0,5,3.5,Asia-Pacific,71,0,0.8839,1,6674.0,1.1111111111111112,11.833333333333334,0
LEAD1440,Cold Call,Healthcare,Medium,6200.0,6,7.8,North America,100,1,0.7143,1,6200.0,0.6818181818181818,14.285714285714286,0
LEAD1441,Referral,Tech,Small,14900.0,10,8.9,North America,43,0,0.6979,1,6407.0,1.0101010101010102,3.909090909090909,0
LEAD1442,Website,Tech,Medium,3400.0,4,15.8,North America,51,1,0.7972,1,1734.0,0.23809523809523808,10.2,0
LEAD1443,Cold Call,Retail,Small,26200.0,7,35.1,North America,63,1,0.2903,0,16506.0,0.19390581717451522,7.875,0
LEAD1444,Email,Tech,Small,16600.0,5,8.5,Asia-Pacific,85,0,0.5378,1,14110.0,0.5263157894736842,14.166666666666666,0
LEAD1445,LinkedIn,Healthcare,Small,15700.0,7,5.4,North America,53,1,0.7442,0,8321.0,1.09375,6.625,0
LEAD1446,Website,Healthcare,Medium,9100.0,4,3.7,Middle East,70,1,0.8936,0,6370.0,0.851063829787234,14.0,0
LEAD1447,Cold Call,Manufacturing,Large,49000.0,9,12.2,Asia-Pacific,62,1,0.5949,0,30380.0,0.6818181818181819,6.2,0
LEAD1448,LinkedIn,Finance,Small,3900.0,6,34.5,South America,54,1,0.3775,1,2106.0,0.16901408450704225,7.714285714285714,0
LEAD1449,Referral,Tech,Small,42800.0,8,17.5,South America,47,1,0.7809,1,20116.0,0.43243243243243246,5.222222222222222,0
LEAD1450,Cold Call,Healthcare,Large,11500.0,5,2.9,Europe,43,0,0.3665,0,4945.0,1.2820512820512822,7.166666666666667,0
LEAD1451,Email,Education,Small,44500.0,5,27.0,Asia-Pacific,100,0,0.5475,0,44500.0,0.17857142857142858,16.666666666666668,0
LEAD1452,Cold Call,Manufacturing,Medium,28100.0,3,16.1,North America,24,1,0.043,0,6744.0,0.17543859649122806,6.0,0
LEAD1453,LinkedIn,Finance,Small,4200.0,8,1.7,North America,26,1,0.5844,1,1092.0,2.962962962962963,2.888888888888889,0
LEAD1454,Email,Finance,Small,37600.0,6,15.1,Asia-Pacific,60,0,0.4332,1,22560.0,0.37267080745341613,8.571428571428571,0
LEAD1455,Website,Manufacturing,Large,24900.0,7,4.2,North America,59,0,0.6864,1,14691.0,1.346153846153846,7.375,0
LEAD1456,Referral,Tech,Small,2700.0,9,8.2,Middle East,64,0,0.8455,0,1728.0,0.9782608695652175,6.4,0
LEAD1457,Cold Call,Healthcare,Small,4900.0,8,4.4,Asia-Pacific,38,0,0.1963,0,1862.0,1.4814814814814814,4.222222222222222,0
LEAD1458,Cold Call,Finance,Small,22200.0,5,1.2,Asia-Pacific,34,0,0.2972,0,7548.0,2.2727272727272725,5.666666666666667,0
LEAD1459,Website,Tech,Large,23700.0,5,17.7,North America,49,1,0.7284,0,11613.0,0.26737967914438504,8.166666666666666,0
LEAD1460,Cold Call,Finance,Large,29500.0,4,21.3,Asia-Pacific,73,1,0.5763,1,21535.0,0.17937219730941703,14.6,0
LEAD1461,Email,Tech,Small,27500.0,7,3.3,North America,35,0,0.5993,0,9625.0,1.627906976744186,4.375,0
LEAD1462,Cold Call,Retail,Small,23500.0,10,3.4,Asia-Pacific,58,2,0.2549,0,13630.0,2.2727272727272725,5.2727272727272725,0
LEAD1463,Website,Manufacturing,Medium,31100.0,5,6.8,North America,45,1,0.6698,0,13995.0,0.6410256410256411,7.5,0
LEAD1464,Cold Call,Tech,Small,19100.0,9,20.1,Asia-Pacific,25,1,0.1568,1,4775.0,0.42654028436018954,2.5,0
LEAD1465,Referral,Education,Medium,8000.0,5,1.1,North America,29,0,0.6566,1,2320.0,2.380952380952381,4.833333333333333,0
LEAD1466,Website,Tech,Small,50700.0,6,19.9,North America,73,1,0.8161,1,37011.0,0.28708133971291866,10.428571428571429,0
LEAD1467,Referral,Healthcare,Small,2400.0,2,30.8,Europe,43,0,0.2726,1,1032.0,0.06289308176100629,14.333333333333334,0
LEAD1468,Email,Tech,Medium,11100.0,4,10.0,North America,80,0,0.7459,0,8880.0,0.36363636363636365,16.0,0
LEAD1469,LinkedIn,Manufacturing,Small,28100.0,6,0.8,Asia-Pacific,54,0,0.5793,1,15174.0,3.333333333333333,7.714285714285714,0
LEAD1470,LinkedIn,Retail,Large,13100.0,2,3.9,North America,28,0,0.1391,0,3668.0,0.4081632653061224,9.333333333333334,0
LEAD1471,Email,Retail,Small,2500.0,7,1.5,North America,65,0,0.4831,1,1625.0,2.8,8.125,0
LEAD1472,Cold Call,Education,Small,3400.0,6,3.7,Europe,39,0,0.1501,0,1326.0,1.276595744680851,5.571428571428571,0
LEAD1473,LinkedIn,Healthcare,Large,22900.0,7,20.1,North America,47,1,0.7562,0,10763.0,0.33175355450236965,5.875,0
LEAD1474,Email,Manufacturing,Small,69000.0,6,0.8,North America,78,0,0.7981,1,53820.0,3.333333333333333,11.142857142857142,1
LEAD1475,Website,Retail,Medium,18100.0,5,4.1,Asia-Pacific,29,0,0.1465,0,5249.0,0.9803921568627452,4.833333333333333,0
LEAD1476,Cold Call,Manufacturing,Small,16100.0,5,8.8,North America,46,1,0.2119,0,7406.0,0.5102040816326531,7.666666666666667,0
LEAD1477,LinkedIn,Healthcare,Medium,9700.0,4,25.0,North America,33,0,0.1906,0,3201.0,0.15384615384615385,6.6,0
LEAD1478,LinkedIn,Tech,Medium,7900.0,6,3.6,North America,31,1,0.5826,1,2449.0,1.3043478260869565,4.428571428571429,0
LEAD1479,LinkedIn,Healthcare,Small,2400.0,6,18.2,Europe,46,0,0.2086,0,1104.0,0.3125,6.571428571428571,0
LEAD1480,Email,Tech,Medium,8400.0,4,10.6,Europe,38,0,0.4247,1,3192.0,0.3448275862068966,7.6,0
LEAD1481,LinkedIn,Healthcare,Medium,13900.0,6,13.6,North America,50,1,0.49,1,6950.0,0.4109589041095891,7.142857142857143,0
LEAD1482,Website,Finance,Small,6400.0,7,23.8,Asia-Pacific,68,2,0.7213,0,4352.0,0.282258064516129,8.5,0
LEAD1483,Email,Healthcare,Medium,3800.0,9,0.4,North America,40,1,0.7361,1,1520.0,6.428571428571429,4.0,0
LEAD1484,Website,Tech,Medium,27300.0,8,9.2,Europe,26,1,0.6182,1,7098.0,0.7843137254901962,2.888888888888889,0
LEAD1485,Website,Tech,Small,47000.0,5,16.6,North America,68,1,0.7158,0,31960.0,0.28409090909090906,11.333333333333334,0
LEAD1486,Email,Finance,Small,57200.0,5,26.0,Europe,40,1,0.1621,0,22880.0,0.18518518518518517,6.666666666666667,0
LEAD1487,Email,Manufacturing,Small,21200.0,2,1.8,Middle East,92,1,0.7711,1,19504.0,0.7142857142857143,30.666666666666668,1
LEAD1488,Cold Call,Finance,Small,3100.0,5,5.1,Europe,47,1,0.2134,0,1457.0,0.819672131147541,7.833333333333333,0
LEAD1489,Email,Finance,Medium,29000.0,5,1.1,Middle East,52,3,0.7282,1,15080.0,2.380952380952381,8.666666666666666,0
LEAD1490,Email,Retail,Small,4300.0,8,21.7,North America,9,0,0.1347,0,387.0,0.3524229074889868,1.0,0
LEAD1491,Website,Healthcare,Large,24200.0,5,23.5,North America,32,0,0.4893,1,7744.0,0.20408163265306123,5.333333333333333,0
LEAD1492,Email,Tech,Small,32200.0,7,8.0,North America,9,0,0.0925,0,2898.0,0.7777777777777778,1.125,0
LEAD1493,Website,Finance,Small,27900.0,5,0.4,North America,61,1,0.9021,1,17019.0,3.5714285714285716,10.166666666666666,0
LEAD1494,Website,Tech,Medium,62700.0,6,1.4,North America,53,1,0.8712,0,33231.0,2.5,7.571428571428571,0
LEAD1495,Cold Call,Manufacturing,Medium,28800.0,4,11.8,North America,68,0,0.4226,1,19584.0,0.3125,13.6,0
LEAD1496,Cold Call,Tech,Medium,25600.0,4,48.0,Europe,71,0,0.2272,0,18176.0,0.08163265306122448,14.2,0
LEAD1497,Cold Call,Finance,Small,8100.0,5,22.0,North America,74,1,0.3214,0,5994.0,0.21739130434782608,12.333333333333334,0
LEAD1498,Email,Tech,Small,53700.0,9,19.3,North America,50,1,0.6809,1,26850.0,0.44334975369458124,5.0,0
LEAD1499,Email,Tech,Small,6000.0,7,6.6,North America,57,0,0.3646,1,3420.0,0.9210526315789475,7.125,0
LEAD1500,LinkedIn,Retail,Large,49100.0,6,48.0,South America,67,2,0.4383,0,32897.0,0.12244897959183673,9.571428571428571,0
LEAD1501,Email,Tech,Small,9500.0,8,21.0,North America,39,0,0.2065,0,3705.0,0.36363636363636365,4.333333333333333,0
LEAD1502,Email,Tech,Large,4800.0,9,5.0,Asia-Pacific,36,2,0.3519,1,1728.0,1.5,3.6,0
LEAD1503,Website,Finance,Medium,37100.0,5,16.7,Europe,86,0,0.9104,1,31906.0,0.2824858757062147,14.333333333333334,0
LEAD1504,Website,Tech,Small,2000.0,8,6.9,Europe,19,0,0.2277,0,380.0,1.0126582278481011,2.111111111111111,0
LEAD1505,Email,Tech,Medium,37700.0,5,13.1,North America,65,1,0.704,1,24505.0,0.3546099290780142,10.833333333333334,0
LEAD1506,Email,Education,Medium,8100.0,7,42.2,North America,62,1,0.2798,1,5022.0,0.16203703703703703,7.75,0
LEAD1507,Email,Retail,Large,45200.0,5,3.5,Europe,33,0,0.3488,0,14916.0,1.1111111111111112,5.5,0
LEAD1508,Email,Manufacturing,Small,25500.0,7,19.1,North America,42,0,0.311,0,10710.0,0.34825870646766166,5.25,0
LEAD1509,Cold Call,Education,Small,23900.0,4,10.8,North America,48,2,0.2116,0,11472.0,0.3389830508474576,9.6,0
LEAD1510,LinkedIn,Retail,Small,11100.0,3,36.0,North America,59,2,0.1337,0,6549.0,0.08108108108108109,14.75,0
LEAD1511,LinkedIn,Tech,Small,3200.0,5,1.8,South America,62,0,0.783,1,1984.0,1.7857142857142858,10.333333333333334,0
LEAD1512,Cold Call,Retail,Medium,37400.0,8,15.4,Europe,54,1,0.5111,1,20196.0,0.48780487804878053,6.0,0
LEAD1513,Referral,Education,Large,5700.0,7,0.6,Europe,59,0,0.8752,1,3363.0,4.375,7.375,0
LEAD1514,Website,Retail,Small,11300.0,11,3.5,Europe,68,1,0.8364,1,7684.0,2.4444444444444446,5.666666666666667,0
LEAD1515,Website,Healthcare,Medium,20300.0,6,4.7,South America,67,0,0.6808,1,13601.0,1.0526315789473684,9.571428571428571,0
LEAD1516,Website,Tech,Medium,15200.0,6,6.9,Europe,86,0,0.8725,1,13072.0,0.7594936708860759,12.285714285714286,0
LEAD1517,Cold Call,Education,Small,6400.0,7,40.4,Europe,76,1,0.113,0,4864.0,0.16908212560386474,9.5,0
LEAD1518,LinkedIn,Retail,Small,5000.0,7,0.9,South America,55,0,0.5944,1,2750.0,3.68421052631579,6.875,0
LEAD1519,Website,Manufacturing,Medium,4600.0,3,2.3,Asia-Pacific,68,0,0.637,1,3128.0,0.9090909090909092,17.0,0
LEAD1520,LinkedIn,Tech,Large,41800.0,4,2.8,North America,63,2,0.7981,1,26334.0,1.0526315789473684,12.6,0
LEAD1521,Website,Tech,Medium,2600.0,6,6.7,North America,58,1,0.6495,0,1508.0,0.7792207792207793,8.285714285714286,0
LEAD1522,Referral,Tech,Small,77500.0,5,0.9,Asia-Pacific,38,0,0.7931,1,29450.0,2.6315789473684212,6.333333333333333,0
LEAD1523,Email,Retail,Small,6400.0,11,40.5,Asia-Pacific,58,0,0.3483,1,3712.0,0.26506024096385544,4.833333333333333,0
LEAD1524,Website,Tech,Small,4300.0,5,9.9,Europe,14,1,0.2383,0,602.0,0.4587155963302752,2.3333333333333335,0
LEAD1525,Email,Tech,Medium,19200.0,7,20.2,Europe,76,1,0.6255,1,14592.0,0.33018867924528306,9.5,0
LEAD1526,Website,Manufacturing,Medium,3700.0,6,17.9,Europe,62,2,0.5395,1,2294.0,0.3174603174603175,8.857142857142858,0
LEAD1527,Website,Tech,Small,20400.0,10,13.1,Europe,52,1,0.7068,1,10608.0,0.7092198581560284,4.7272727272727275,0
LEAD1528,Website,Education,Medium,40000.0,6,28.3,Asia-Pacific,47,1,0.1755,1,18800.0,0.20477815699658702,6.714285714285714,0
LEAD1529,LinkedIn,Finance,Medium,3000.0,11,28.0,North America,68,1,0.5089,0,2040.0,0.3793103448275862,5.666666666666667,0
LEAD1530,Email,Education,Medium,34200.0,9,1.7,Middle East,92,0,0.8446,1,31464.0,3.333333333333333,9.2,1
LEAD1531,Website,Healthcare,Large,12000.0,7,28.0,Asia-Pacific,63,2,0.7595,1,7560.0,0.2413793103448276,7.875,0
LEAD1532,Cold Call,Manufacturing,Small,5500.0,7,9.0,Europe,93,0,0.3957,0,5115.0,0.7,11.625,0
LEAD1533,Cold Call,Manufacturing,Large,5900.0,5,3.8,North America,71,1,0.7037,1,4189.0,1.0416666666666667,11.833333333333334,0
LEAD1534,Website,Tech,Small,52200.0,6,11.4,North America,39,1,0.4761,0,20358.0,0.48387096774193544,5.571428571428571,0
LEAD1535,Email,Tech,Small,4300.0,3,4.1,Europe,65,0,0.2908,0,2795.0,0.5882352941176471,16.25,0
LEAD1536,Website,Tech,Large,42300.0,4,7.9,Asia-Pacific,63,0,0.6438,0,26649.0,0.449438202247191,12.6,0
LEAD1537,Website,Retail,Large,17700.0,8,20.4,Europe,39,1,0.5754,0,6903.0,0.3738317757009346,4.333333333333333,0
LEAD1538,Cold Call,Education,Medium,2800.0,5,0.5,North America,47,0,0.2952,0,1316.0,3.3333333333333335,7.833333333333333,0
LEAD1539,Website,Finance,Medium,14500.0,7,2.5,Europe,46,0,0.691,0,6670.0,2.0,5.75,0
LEAD1540,Email,Healthcare,Medium,36000.0,5,37.7,Asia-Pacific,57,1,0.4547,0,20520.0,0.12919896640826872,9.5,0
LEAD1541,Cold Call,Tech,Medium,27900.0,5,7.2,North America,49,2,0.3647,0,13671.0,0.6097560975609757,8.166666666666666,0
LEAD1542,Website,Education,Small,15400.0,5,4.4,Europe,60,0,0.5182,1,9240.0,0.9259259259259258,10.0,0
LEAD1543,Email,Manufacturing,Medium,41300.0,8,30.9,Asia-Pacific,64,1,0.5551,0,26432.0,0.25078369905956116,7.111111111111111,0
LEAD1544,Website,Tech,Small,4600.0,6,29.2,Europe,80,0,0.5899,0,3680.0,0.19867549668874174,11.428571428571429,0
LEAD1545,Referral,Finance,Small,50100.0,6,0.6,Asia-Pacific,66,1,0.939,1,33066.0,3.75,9.428571428571429,0
LEAD1546,Email,Tech,Small,39500.0,8,5.5,Europe,41,2,0.3144,0,16195.0,1.2307692307692308,4.555555555555555,0
LEAD1547,LinkedIn,Healthcare,Medium,26600.0,3,29.4,Middle East,97,0,0.442,1,25802.0,0.09868421052631579,24.25,0
LEAD1548,Email,Healthcare,Large,36100.0,7,2.5,North America,41,2,0.4685,1,14801.0,2.0,5.125,0
LEAD1549,Website,Tech,Medium,17700.0,7,10.5,Europe,47,2,0.6682,1,8319.0,0.6086956521739131,5.875,0
LEAD1550,Cold Call,Finance,Large,24500.0,6,4.7,North America,67,1,0.6521,0,16415.0,1.0526315789473684,9.571428571428571,0
LEAD1551,Referral,Finance,Small,18400.0,6,16.1,North America,100,1,0.9399,1,18400.0,0.3508771929824561,14.285714285714286,0
LEAD1552,Cold Call,Healthcare,Medium,10800.0,5,2.2,North America,63,2,0.6698,1,6804.0,1.5625,10.5,0
LEAD1553,LinkedIn,Healthcare,Medium,18800.0,5,11.0,North America,42,1,0.5654,0,7896.0,0.4166666666666667,7.0,0
LEAD1554,LinkedIn,Tech,Medium,8000.0,7,0.1,Middle East,22,0,0.4656,0,1760.0,6.363636363636363,2.75,0
LEAD1555,Website,Retail,Medium,13600.0,6,3.6,Middle East,21,1,0.4271,1,2856.0,1.3043478260869565,3.0,0
LEAD1556,Website,Retail,Medium,8600.0,3,2.2,North America,55,0,0.5734,1,4730.0,0.9375,13.75,0
LEAD1557,Cold Call,Finance,Large,4600.0,3,2.9,Europe,66,2,0.1794,1,3036.0,0.7692307692307693,16.5,0
LEAD1558,Email,Tech,Medium,9800.0,4,23.7,Europe,27,0,0.3201,0,2646.0,0.16194331983805668,5.4,0
LEAD1559,LinkedIn,Retail,Small,40200.0,5,29.7,Asia-Pacific,59,1,0.5187,1,23718.0,0.16286644951140067,9.833333333333334,0
LEAD1560,LinkedIn,Manufacturing,Medium,11600.0,6,17.0,Europe,29,1,0.277,0,3364.0,0.3333333333333333,4.142857142857143,0
LEAD1561,Email,Tech,Small,29600.0,7,10.8,North America,37,0,0.2586,0,10952.0,0.5932203389830508,4.625,0
LEAD1562,Website,Finance,Small,5900.0,10,3.2,Asia-Pacific,68,1,0.9296,1,4012.0,2.380952380952381,6.181818181818182,0
LEAD1563,LinkedIn,Tech,Large,13000.0,4,4.0,Asia-Pacific,40,2,0.5929,0,5200.0,0.8,8.0,0
LEAD1564,Website,Healthcare,Small,4400.0,6,4.6,Europe,81,0,0.6869,1,3564.0,1.0714285714285714,11.571428571428571,0
LEAD1565,LinkedIn,Tech,Medium,5000.0,4,18.1,South America,43,0,0.4902,0,2150.0,0.20942408376963348,8.6,0
LEAD1566,Email,Finance,Small,21200.0,5,3.6,South America,77,1,0.8213,1,16324.0,1.0869565217391306,12.833333333333334,0
LEAD1567,Cold Call,Retail,Small,20700.0,4,43.6,Europe,100,1,0.505,0,20700.0,0.08968609865470852,20.0,0
LEAD1568,Website,Healthcare,Small,6800.0,10,19.2,Europe,40,0,0.6273,0,2720.0,0.49504950495049505,3.6363636363636362,0
LEAD1569,Cold Call,Finance,Small,14900.0,7,48.0,Middle East,100,1,0.4111,0,14900.0,0.14285714285714285,12.5,0
LEAD1570,Email,Finance,Medium,41800.0,2,7.5,North America,55,1,0.2479,1,22990.0,0.23529411764705882,18.333333333333332,0
LEAD1571,Email,Healthcare,Small,5800.0,6,10.8,North America,42,0,0.0851,0,2436.0,0.5084745762711864,6.0,0
LEAD1572,Website,Tech,Small,2400.0,7,4.0,North America,49,1,0.5366,0,1176.0,1.4,6.125,0
LEAD1573,Cold Call,Tech,Small,23100.0,7,11.2,South America,47,1,0.1972,0,10857.0,0.5737704918032788,5.875,0
LEAD1574,LinkedIn,Education,Small,3100.0,5,43.8,Asia-Pacific,83,0,0.433,1,2573.0,0.11160714285714286,13.833333333333334,0
LEAD1575,Website,Tech,Medium,80200.0,5,0.5,North America,81,2,0.9792,1,64962.0,3.3333333333333335,13.5,1
LEAD1576,Website,Retail,Small,20800.0,4,4.2,Middle East,81,0,0.6349,0,16848.0,0.7692307692307692,16.2,0
LEAD1577,Website,Manufacturing,Medium,14700.0,3,4.1,Asia-Pacific,29,1,0.1799,0,4263.0,0.5882352941176471,7.25,0
LEAD1578,Cold Call,Tech,Large,13200.0,4,48.0,South America,59,0,0.3673,1,7788.0,0.08163265306122448,11.8,0
LEAD1579,Cold Call,Finance,Medium,19000.0,5,1.8,North America,24,0,0.169,1,4560.0,1.7857142857142858,4.0,0
LEAD1580,Email,Healthcare,Medium,3900.0,6,20.2,Europe,75,0,0.6433,0,2925.0,0.2830188679245283,10.714285714285714,0
LEAD1581,Website,Education,Small,55200.0,6,4.0,Asia-Pacific,45,0,0.6505,1,24840.0,1.2,6.428571428571429,0
LEAD1582,Email,Manufacturing,Small,21700.0,3,23.7,Europe,65,1,0.2118,0,14105.0,0.12145748987854252,16.25,0
LEAD1583,Email,Retail,Large,6100.0,3,8.1,Asia-Pacific,45,0,0.1019,0,2745.0,0.32967032967032966,11.25,0
LEAD1584,Email,Tech,Medium,18500.0,5,3.4,Asia-Pacific,20,1,0.576,1,3700.0,1.1363636363636362,3.3333333333333335,0
LEAD1585,Referral,Retail,Medium,4900.0,6,14.9,North America,73,2,0.9069,1,3577.0,0.3773584905660377,10.428571428571429,0
LEAD1586,Website,Finance,Medium,2400.0,7,22.2,Asia-Pacific,74,0,0.5708,0,1776.0,0.3017241379310345,9.25,0
LEAD1587,Cold Call,Finance,Small,21900.0,7,7.7,North America,58,2,0.2228,0,12702.0,0.8045977011494253,7.25,0
LEAD1588,Email,Tech,Small,22900.0,7,15.1,North America,13,0,0.1085,0,2977.0,0.43478260869565216,1.625,0
LEAD1589,Email,Tech,Medium,19500.0,5,2.5,North America,70,0,0.8657,0,13650.0,1.4285714285714286,11.666666666666666,0
LEAD1590,Cold Call,Retail,Medium,6100.0,10,33.4,North America,40,1,0.194,0,2440.0,0.29069767441860467,3.6363636363636362,0
LEAD1591,Cold Call,Finance,Small,20500.0,3,1.3,North America,65,2,0.4073,1,13325.0,1.3043478260869565,16.25,0
LEAD1592,Referral,Finance,Large,3200.0,6,3.1,Asia-Pacific,45,0,0.7983,1,1440.0,1.4634146341463417,6.428571428571429,0
LEAD1593,Website,Finance,Small,20800.0,9,4.2,Asia-Pacific,47,1,0.6396,0,9776.0,1.7307692307692306,4.7,0
LEAD1594,Website,Education,Small,18100.0,7,2.1,Europe,65,0,0.59,1,11765.0,2.258064516129032,8.125,0
LEAD1595,Cold Call,Retail,Large,23300.0,4,6.4,Asia-Pacific,39,1,0.2125,0,9087.0,0.5405405405405405,7.8,0
LEAD1596,Email,Tech,Medium,47200.0,6,7.4,North America,52,1,0.4661,1,24544.0,0.7142857142857143,7.428571428571429,0
LEAD1597,Website,Tech,Medium,40000.0,6,8.9,North America,65,1,0.7443,1,26000.0,0.6060606060606061,9.285714285714286,0
LEAD1598,Website,Tech,Small,80900.0,7,0.6,Europe,98,2,0.9685,1,79282.0,4.375,12.25,1
LEAD1599,Website,Manufacturing,Small,76800.0,10,3.1,Europe,54,2,0.8129,1,41472.0,2.439024390243903,4.909090909090909,0
LEAD1600,LinkedIn,Healthcare,Medium,31600.0,9,19.9,Asia-Pacific,72,0,0.8305,0,22752.0,0.430622009569378,7.2,0
LEAD1601,Website,Healthcare,Small,64700.0,2,20.1,Europe,32,1,0.3715,1,20704.0,0.0947867298578199,10.666666666666666,0
LEAD1602,Website,Healthcare,Medium,42400.0,8,4.9,Asia-Pacific,89,1,0.9253,1,37736.0,1.3559322033898304,9.88888888888889,0
LEAD1603,Website,Finance,Large,28000.0,5,7.5,Asia-Pacific,39,2,0.6843,0,10920.0,0.5882352941176471,6.5,0
LEAD1604,Email,Education,Medium,3600.0,4,2.5,Middle East,52,0,0.3994,1,1872.0,1.1428571428571428,10.4,0
LEAD1605,Website,Healthcare,Small,3000.0,6,20.8,North America,65,0,0.6443,1,1950.0,0.27522935779816515,9.285714285714286,0
LEAD1606,Email,Tech,Medium,38400.0,6,37.8,Europe,39,1,0.1898,0,14976.0,0.15463917525773196,5.571428571428571,0
LEAD1607,Website,Tech,Small,15500.0,5,4.2,Europe,77,0,0.6974,1,11935.0,0.9615384615384615,12.833333333333334,0
LEAD1608,LinkedIn,Healthcare,Small,35700.0,7,18.4,Middle East,42,0,0.4426,0,14994.0,0.3608247422680413,5.25,0
LEAD1609,Website,Manufacturing,Small,9500.0,10,5.3,North America,72,0,0.76,1,6840.0,1.5873015873015874,6.545454545454546,0
LEAD1610,Email,Finance,Small,12100.0,9,0.1,Europe,76,1,0.9251,1,9196.0,8.181818181818182,7.6,1
LEAD1611,LinkedIn,Education,Large,26100.0,4,11.1,North America,67,0,0.7774,0,17487.0,0.3305785123966942,13.4,0
LEAD1612,Cold Call,Retail,Small,51400.0,4,6.4,Europe,69,1,0.2376,0,35466.0,0.5405405405405405,13.8,0
LEAD1613,Email,Tech,Small,3800.0,6,17.1,North America,100,1,0.7186,1,3800.0,0.3314917127071823,14.285714285714286,0
LEAD1614,Website,Tech,Large,41500.0,9,16.7,North America,63,1,0.908,1,26145.0,0.5084745762711864,6.3,0
LEAD1615,Website,Tech,Small,33500.0,7,35.1,Europe,57,0,0.519,0,19095.0,0.19390581717451522,7.125,0
LEAD1616,Cold Call,Retail,Medium,9600.0,7,7.0,North America,62,0,0.3402,1,5952.0,0.875,7.75,0
LEAD1617,Referral,Tech,Small,10800.0,8,8.0,North America,80,1,0.9821,1,8640.0,0.8888888888888888,8.88888888888889,0
LEAD1618,Cold Call,Finance,Small,3000.0,5,6.2,North America,100,0,0.4498,0,3000.0,0.6944444444444444,16.666666666666668,0
LEAD1619,Email,Healthcare,Large,2300.0,8,4.3,North America,52,1,0.625,0,1196.0,1.509433962264151,5.777777777777778,0
LEAD1620,Cold Call,Retail,Small,15000.0,11,12.3,Middle East,37,2,0.1807,0,5550.0,0.8270676691729323,3.0833333333333335,0
LEAD1621,Email,Tech,Medium,4000.0,4,21.2,Europe,78,1,0.7791,0,3120.0,0.1801801801801802,15.6,0
LEAD1622,Website,Finance,Small,6300.0,8,2.2,Asia-Pacific,28,0,0.5197,1,1764.0,2.5,3.111111111111111,0
LEAD1623,Email,Finance,Small,39500.0,4,48.0,Europe,60,0,0.2546,0,23700.0,0.08163265306122448,12.0,0
LEAD1624,Referral,Healthcare,Small,18900.0,6,13.9,South America,61,1,0.8513,1,11529.0,0.40268456375838924,8.714285714285714,0
LEAD1625,Website,Education,Small,22100.0,2,18.3,Europe,53,1,0.272,0,11713.0,0.10362694300518134,17.666666666666668,0
LEAD1626,Cold Call,Tech,Small,6200.0,7,48.0,Europe,54,0,0.1145,0,3348.0,0.14285714285714285,6.75,0
LEAD1627,Website,Education,Medium,37300.0,3,8.5,Europe,22,0,0.1596,0,8206.0,0.3157894736842105,5.5,0
LEAD1628,Email,Retail,Small,42500.0,4,1.0,Asia-Pacific,38,0,0.7517,1,16150.0,2.0,7.6,0
LEAD1629,Website,Healthcare,Small,16800.0,3,18.8,Europe,74,1,0.3338,0,12432.0,0.15151515151515152,18.5,0
LEAD1630,Email,Retail,Small,50700.0,6,24.7,North America,14,1,0.1292,0,7098.0,0.23346303501945526,2.0,0
LEAD1631,LinkedIn,Finance,Large,39300.0,4,2.2,North America,53,1,0.8661,1,20829.0,1.25,10.6,0
LEAD1632,Website,Tech,Large,28300.0,6,0.4,Europe,49,1,0.8673,1,13867.0,4.285714285714286,7.0,0
LEAD1633,Cold Call,Retail,Medium,28500.0,3,1.9,Europe,15,1,0.0567,0,4275.0,1.0344827586206897,3.75,0
LEAD1634,LinkedIn,Healthcare,Large,4200.0,5,4.8,North America,89,0,0.8783,1,3738.0,0.8620689655172414,14.833333333333334,0
LEAD1635,LinkedIn,Healthcare,Small,8300.0,7,31.1,North America,34,1,0.1932,0,2822.0,0.21806853582554517,4.25,0
LEAD1636,Website,Finance,Small,3400.0,7,0.1,Europe,66,2,0.8582,1,2244.0,6.363636363636363,8.25,0
LEAD1637,Email,Manufacturing,Medium,2200.0,6,19.6,Asia-Pacific,46,1,0.2666,0,1012.0,0.2912621359223301,6.571428571428571,0
LEAD1638,Website,Healthcare,Medium,5400.0,2,23.3,North America,38,0,0.1408,0,2052.0,0.0823045267489712,12.666666666666666,0
LEAD1639,Referral,Tech,Small,44500.0,6,20.1,North America,50,0,0.6558,0,22250.0,0.2843601895734597,7.142857142857143,0
LEAD1640,LinkedIn,Finance,Small,7500.0,8,1.1,Asia-Pacific,48,1,0.6594,1,3600.0,3.8095238095238093,5.333333333333333,0
LEAD1641,Email,Retail,Large,72200.0,8,13.7,Europe,51,0,0.5855,0,36822.0,0.54421768707483,5.666666666666667,0
LEAD1642,LinkedIn,Retail,Medium,20200.0,5,37.0,North America,39,1,0.3234,1,7878.0,0.13157894736842105,6.5,0
LEAD1643,Email,Finance,Small,7400.0,3,1.6,Asia-Pacific,35,1,0.1415,1,2590.0,1.1538461538461537,8.75,0
LEAD1644,Cold Call,Education,Medium,15700.0,5,0.5,Europe,75,2,0.7839,1,11775.0,3.3333333333333335,12.5,0
LEAD1645,Website,Tech,Small,6900.0,5,24.9,Europe,55,1,0.3311,1,3795.0,0.19305019305019305,9.166666666666666,0
LEAD1646,LinkedIn,Finance,Small,84700.0,7,12.5,Middle East,54,1,0.7,1,45738.0,0.5185185185185185,6.75,0
LEAD1647,Website,Education,Small,39600.0,5,12.6,Middle East,37,0,0.2141,0,14652.0,0.36764705882352944,6.166666666666667,0
LEAD1648,LinkedIn,Education,Small,2500.0,4,40.1,North America,86,0,0.6403,1,2150.0,0.097323600973236,17.2,0
LEAD1649,LinkedIn,Retail,Small,61000.0,3,17.7,North America,53,0,0.2986,0,32330.0,0.16042780748663102,13.25,0
LEAD1650,Cold Call,Education,Medium,27500.0,5,6.2,North America,17,0,0.0797,0,4675.0,0.6944444444444444,2.8333333333333335,0
LEAD1651,Website,Tech,Small,3700.0,9,7.0,North America,61,0,0.6248,0,2257.0,1.125,6.1,0
LEAD1652,Website,Education,Medium,24200.0,8,2.0,North America,40,1,0.7589,1,9680.0,2.6666666666666665,4.444444444444445,0
LEAD1653,Website,Finance,Small,22800.0,6,4.4,North America,73,1,0.6614,0,16644.0,1.111111111111111,10.428571428571429,0
LEAD1654,Email,Tech,Small,6900.0,11,7.2,Middle East,76,0,0.5637,0,5244.0,1.3414634146341464,6.333333333333333,0
LEAD1655,Website,Tech,Large,30400.0,9,3.7,South America,73,0,0.9272,0,22192.0,1.9148936170212765,7.3,0
LEAD1656,Referral,Finance,Medium,3800.0,7,29.8,Europe,46,1,0.7455,0,1748.0,0.22727272727272727,5.75,0
LEAD1657,Email,Tech,Large,15400.0,5,0.2,Europe,53,1,0.8926,1,8162.0,4.166666666666667,8.833333333333334,0
LEAD1658,Website,Finance,Large,2200.0,9,10.7,North America,60,0,0.4876,1,1320.0,0.7692307692307693,6.0,0
LEAD1659,Email,Tech,Small,71300.0,3,17.8,North America,73,2,0.3746,1,52049.0,0.15957446808510636,18.25,0
LEAD1660,Email,Tech,Small,29900.0,7,15.9,North America,34,1,0.306,0,10166.0,0.4142011834319527,4.25,0
LEAD1661,Cold Call,Healthcare,Large,5500.0,3,12.5,Asia-Pacific,57,0,0.2161,0,3135.0,0.2222222222222222,14.25,0
LEAD1662,Email,Finance,Large,10400.0,11,6.4,North America,92,0,0.8825,1,9568.0,1.4864864864864864,7.666666666666667,0
LEAD1663,LinkedIn,Finance,Medium,5500.0,7,30.2,South America,44,1,0.134,0,2420.0,0.22435897435897437,5.5,0
LEAD1664,Email,Retail,Medium,31100.0,10,4.9,Europe,54,1,0.4874,0,16794.0,1.694915254237288,4.909090909090909,0
LEAD1665,Referral,Education,Medium,3200.0,4,16.7,North America,100,1,0.9567,1,3200.0,0.22598870056497175,20.0,0
LEAD1666,LinkedIn,Retail,Small,38700.0,9,31.5,North America,50,0,0.3652,0,19350.0,0.27692307692307694,5.0,0
LEAD1667,Website,Finance,Medium,59000.0,6,1.7,Europe,24,1,0.6222,1,14160.0,2.222222222222222,3.4285714285714284,0
LEAD1668,Referral,Retail,Medium,24600.0,10,35.4,South America,54,1,0.8503,1,13284.0,0.27472527472527475,4.909090909090909,0
LEAD1669,Website,Tech,Medium,6800.0,10,18.1,Asia-Pacific,88,1,0.9103,1,5984.0,0.5235602094240838,8.0,0
LEAD1670,LinkedIn,Tech,Small,10900.0,6,11.6,North America,76,0,0.7483,1,8284.0,0.4761904761904762,10.857142857142858,0
LEAD1671,Email,Finance,Small,15000.0,6,5.7,Europe,35,0,0.3611,0,5250.0,0.8955223880597015,5.0,0
LEAD1672,LinkedIn,Education,Small,20600.0,5,28.3,North America,63,0,0.3136,0,12978.0,0.1706484641638225,10.5,0
LEAD1673,LinkedIn,Tech,Small,24100.0,16,0.6,Middle East,51,3,0.8116,1,12291.0,10.0,3.0,0
LEAD1674,LinkedIn,Tech,Large,18200.0,6,6.9,Asia-Pacific,71,1,0.8057,1,12922.0,0.7594936708860759,10.142857142857142,0
LEAD1675,LinkedIn,Tech,Small,10700.0,5,17.1,Europe,43,0,0.2779,0,4601.0,0.2762430939226519,7.166666666666667,0
LEAD1676,Website,Education,Small,46300.0,6,20.1,Europe,65,1,0.396,0,30095.0,0.2843601895734597,9.285714285714286,0
LEAD1677,Website,Healthcare,Small,3700.0,7,2.8,Europe,93,2,0.8767,1,3441.0,1.842105263157895,11.625,0
LEAD1678,Email,Tech,Medium,14600.0,7,0.7,North America,3,1,0.4235,0,438.0,4.11764705882353,0.375,0
LEAD1679,Website,Healthcare,Medium,31900.0,6,19.6,North America,67,0,0.7322,1,21373.0,0.2912621359223301,9.571428571428571,0
LEAD1680,Cold Call,Healthcare,Small,3300.0,6,6.7,North America,81,2,0.5936,0,2673.0,0.7792207792207793,11.571428571428571,0
LEAD1681,Website,Retail,Small,26400.0,6,2.0,Middle East,24,2,0.4535,0,6336.0,2.0,3.4285714285714284,0
LEAD1682,Referral,Tech,Small,36300.0,7,1.2,Europe,41,0,0.8496,1,14883.0,3.1818181818181817,5.125,0
LEAD1683,Cold Call,Education,Medium,23600.0,4,12.4,North America,47,0,0.08,0,11092.0,0.29850746268656714,9.4,0
LEAD1684,LinkedIn,Finance,Small,2300.0,7,10.6,South America,40,2,0.2926,1,920.0,0.603448275862069,5.0,0
LEAD1685,Website,Retail,Large,6000.0,4,23.2,North America,39,1,0.4801,0,2340.0,0.1652892561983471,7.8,0
LEAD1686,LinkedIn,Tech,Small,10400.0,6,0.5,North America,48,0,0.6167,0,4992.0,4.0,6.857142857142857,0
LEAD1687,LinkedIn,Finance,Small,7300.0,3,24.4,North America,72,0,0.3617,1,5256.0,0.11811023622047245,18.0,0
LEAD1688,Email,Finance,Medium,67700.0,7,26.3,Europe,85,0,0.4338,0,57545.0,0.2564102564102564,10.625,0
LEAD1689,Cold Call,Healthcare,Small,23100.0,8,7.2,Europe,81,1,0.6116,1,18711.0,0.9756097560975611,9.0,0
LEAD1690,LinkedIn,Tech,Medium,9000.0,4,1.1,Europe,75,0,0.9013,1,6750.0,1.9047619047619047,15.0,0
LEAD1691,Website,Retail,Small,55100.0,5,35.3,Asia-Pacific,92,0,0.7756,1,50692.0,0.13774104683195593,15.333333333333334,0
LEAD1692,Email,Tech,Medium,29000.0,8,1.0,North America,96,0,0.9579,1,27840.0,4.0,10.666666666666666,1
LEAD1693,Email,Retail,Medium,8700.0,6,10.8,Asia-Pacific,58,0,0.3232,0,5046.0,0.5084745762711864,8.285714285714286,0
LEAD1694,Website,Education,Large,11500.0,4,8.3,North America,84,0,0.8636,0,9660.0,0.4301075268817204,16.8,0
LEAD1695,Email,Healthcare,Small,6400.0,6,21.7,Asia-Pacific,63,2,0.4324,0,4032.0,0.2643171806167401,9.0,0
LEAD1696,Website,Retail,Small,72900.0,6,8.5,Asia-Pacific,51,0,0.4089,0,37179.0,0.631578947368421,7.285714285714286,0
LEAD1697,Website,Retail,Small,16600.0,5,7.7,Asia-Pacific,54,1,0.6611,0,8964.0,0.574712643678161,9.0,0
LEAD1698,Website,Finance,Large,47300.0,3,25.6,Europe,75,0,0.532,0,35475.0,0.11278195488721804,18.75,0
LEAD1699,Referral,Education,Large,10500.0,8,40.0,Asia-Pacific,84,1,0.8938,1,8820.0,0.1951219512195122,9.333333333333334,0
LEAD1700,Email,Tech,Small,41400.0,7,9.7,North America,67,0,0.597,0,27738.0,0.6542056074766356,8.375,0
LEAD1701,Referral,Healthcare,Small,3100.0,4,7.4,South America,47,0,0.6334,1,1457.0,0.47619047619047616,9.4,0
LEAD1702,Email,Retail,Small,82400.0,2,21.4,North America,45,2,0.1842,0,37080.0,0.08928571428571429,15.0,0
LEAD1703,Website,Finance,Small,50600.0,5,21.4,North America,18,0,0.248,1,9108.0,0.22321428571428573,3.0,0
LEAD1704,Email,Finance,Small,11000.0,9,4.7,Europe,62,1,0.376,0,6820.0,1.5789473684210527,6.2,0
LEAD1705,Email,Finance,Small,31800.0,12,10.4,Asia-Pacific,61,1,0.6373,1,19398.0,1.0526315789473684,4.6923076923076925,0
LEAD1706,Website,Education,Medium,29900.0,4,2.1,North America,34,1,0.4956,0,10166.0,1.2903225806451613,6.8,0
LEAD1707,Cold Call,Manufacturing,Large,48300.0,4,12.2,South America,64,3,0.4119,1,30912.0,0.30303030303030304,12.8,0
LEAD1708,Website,Healthcare,Large,9300.0,8,21.6,Middle East,64,0,0.7329,1,5952.0,0.35398230088495575,7.111111111111111,0
LEAD1709,Cold Call,Retail,Small,14500.0,8,2.6,Europe,25,2,0.1767,0,3625.0,2.2222222222222223,2.7777777777777777,0
LEAD1710,Cold Call,Manufacturing,Medium,42000.0,4,4.8,Europe,49,1,0.2681,0,20580.0,0.6896551724137931,9.8,0
LEAD1711,Website,Tech,Large,32200.0,8,7.3,Asia-Pacific,83,0,0.9254,1,26726.0,0.9638554216867469,9.222222222222221,0
LEAD1712,Website,Tech,Small,12000.0,3,22.5,North America,42,1,0.2061,0,5040.0,0.1276595744680851,10.5,0
LEAD1713,LinkedIn,Retail,Medium,39400.0,7,15.9,Europe,55,1,0.6881,1,21670.0,0.4142011834319527,6.875,0
LEAD1714,Email,Education,Small,3000.0,7,4.7,South America,58,0,0.3126,0,1740.0,1.2280701754385965,7.25,0
LEAD1715,Website,Education,Small,32500.0,12,3.4,Middle East,54,1,0.8117,1,17550.0,2.727272727272727,4.153846153846154,0
LEAD1716,Referral,Finance,Small,6600.0,3,14.4,South America,69,0,0.6961,1,4554.0,0.19480519480519481,17.25,0
LEAD1717,Website,Tech,Small,8700.0,4,7.9,North America,74,1,0.7211,0,6438.0,0.449438202247191,14.8,0
LEAD1718,Cold Call,Finance,Medium,15600.0,7,10.9,North America,80,1,0.5684,0,12480.0,0.5882352941176471,10.0,0
LEAD1719,Referral,Tech,Small,13900.0,6,12.7,North America,49,0,0.7207,1,6811.0,0.43795620437956206,7.0,0
LEAD1720,Website,Tech,Small,16700.0,3,9.9,Europe,65,0,0.3584,1,10855.0,0.27522935779816515,16.25,0
LEAD1721,Website,Retail,Small,17700.0,5,11.5,North America,72,2,0.6054,0,12744.0,0.4,12.0,0
LEAD1722,Website,Tech,Large,10100.0,6,26.3,North America,53,0,0.4294,0,5353.0,0.21978021978021978,7.571428571428571,0
LEAD1723,Website,Education,Small,5900.0,8,24.4,Europe,41,0,0.3439,1,2419.0,0.31496062992125984,4.555555555555555,0
LEAD1724,Website,Finance,Medium,31300.0,2,2.0,Asia-Pacific,58,1,0.5875,1,18154.0,0.6666666666666666,19.333333333333332,0
LEAD1725,Cold Call,Healthcare,Medium,12200.0,4,10.7,Asia-Pacific,43,0,0.1321,0,5246.0,0.3418803418803419,8.6,0
LEAD1726,Website,Tech,Small,16100.0,7,7.0,Asia-Pacific,41,0,0.3536,0,6601.0,0.875,5.125,0
LEAD1727,Email,Finance,Small,22700.0,2,4.1,North America,59,1,0.3369,0,13393.0,0.3921568627450981,19.666666666666668,0
LEAD1728,Referral,Tech,Medium,50100.0,5,12.1,North America,51,0,0.8384,1,25551.0,0.3816793893129771,8.5,0
LEAD1729,LinkedIn,Manufacturing,Small,26600.0,7,8.7,Asia-Pacific,59,0,0.5665,1,15694.0,0.7216494845360826,7.375,0
LEAD1730,Cold Call,Education,Small,2900.0,8,18.0,Europe,24,1,0.1985,0,696.0,0.42105263157894735,2.6666666666666665,0
LEAD1731,Website,Finance,Medium,38500.0,3,1.3,Europe,51,2,0.6929,0,19635.0,1.3043478260869565,12.75,0
LEAD1732,Cold Call,Tech,Small,92900.0,6,4.4,North America,10,1,0.1259,0,9290.0,1.111111111111111,1.4285714285714286,0
LEAD1733,Email,Manufacturing,Small,14800.0,2,0.4,North America,34,1,0.5708,1,5032.0,1.4285714285714286,11.333333333333334,0
LEAD1734,Email,Finance,Small,71900.0,6,16.5,Europe,53,0,0.4758,0,38107.0,0.34285714285714286,7.571428571428571,0
LEAD1735,Website,Tech,Small,17900.0,6,29.3,South America,79,2,0.6581,1,14141.0,0.198019801980198,11.285714285714286,0
LEAD1736,LinkedIn,Healthcare,Medium,14300.0,5,10.7,South America,66,1,0.6976,1,9438.0,0.4273504273504274,11.0,0
LEAD1737,Email,Manufacturing,Medium,10100.0,4,11.6,Europe,57,1,0.6171,0,5757.0,0.31746031746031744,11.4,0
LEAD1738,Website,Tech,Medium,23400.0,3,0.7,Europe,47,2,0.5706,0,10998.0,1.7647058823529411,11.75,0
LEAD1739,Email,Tech,Medium,7200.0,5,8.5,Asia-Pacific,50,1,0.2864,1,3600.0,0.5263157894736842,8.333333333333334,0
LEAD1740,Email,Manufacturing,Small,4200.0,4,9.1,Europe,81,3,0.5224,0,3402.0,0.39603960396039606,16.2,0
LEAD1741,LinkedIn,Tech,Small,2600.0,7,0.6,Europe,33,2,0.6737,1,858.0,4.375,4.125,0
LEAD1742,Cold Call,Tech,Small,8900.0,7,18.4,South America,40,1,0.217,0,3560.0,0.3608247422680413,5.0,0
LEAD1743,LinkedIn,Healthcare,Small,12100.0,4,4.0,Asia-Pacific,76,2,0.8279,1,9196.0,0.8,15.2,0
LEAD1744,Website,Education,Large,18100.0,9,15.5,South America,48,0,0.7056,0,8688.0,0.5454545454545454,4.8,0
LEAD1745,Email,Finance,Medium,8900.0,7,6.3,North America,94,1,0.8736,1,8366.0,0.9589041095890412,11.75,0
LEAD1746,Email,Manufacturing,Small,84800.0,7,48.0,Europe,69,0,0.4028,0,58512.0,0.14285714285714285,8.625,0
LEAD1747,Website,Retail,Small,8900.0,7,3.0,Asia-Pacific,78,2,0.8471,1,6942.0,1.75,9.75,0
LEAD1748,Website,Tech,Small,13600.0,5,0.8,North America,22,0,0.6122,0,2992.0,2.7777777777777777,3.6666666666666665,0
LEAD1749,LinkedIn,Manufacturing,Small,4200.0,6,47.0,Asia-Pacific,76,2,0.5742,1,3192.0,0.125,10.857142857142858,0
LEAD1750,Website,Finance,Small,8000.0,5,3.5,North America,38,0,0.4572,0,3040.0,1.1111111111111112,6.333333333333333,0
LEAD1751,Email,Tech,Medium,3000.0,10,12.2,Asia-Pacific,69,1,0.792,1,2070.0,0.7575757575757576,6.2727272727272725,0
LEAD1752,Website,Healthcare,Large,18400.0,3,5.7,Europe,48,0,0.2894,1,8832.0,0.44776119402985076,12.0,0
LEAD1753,Website,Finance,Medium,29800.0,7,12.3,North America,59,1,0.7641,1,17582.0,0.5263157894736842,7.375,0
LEAD1754,Website,Tech,Small,6400.0,11,11.0,Europe,33,1,0.5231,1,2112.0,0.9166666666666666,2.75,0
LEAD1755,Referral,Tech,Small,11200.0,7,14.8,Asia-Pacific,21,2,0.4698,1,2352.0,0.4430379746835443,2.625,0
LEAD1756,LinkedIn,Finance,Medium,2300.0,5,0.3,Europe,58,1,0.8382,1,1334.0,3.846153846153846,9.666666666666666,0
LEAD1757,Referral,Education,Medium,38600.0,8,21.8,Europe,49,1,0.8627,1,18914.0,0.3508771929824561,5.444444444444445,0
LEAD1758,Email,Healthcare,Medium,32300.0,6,7.9,South America,37,0,0.217,1,11951.0,0.6741573033707865,5.285714285714286,0
LEAD1759,Website,Manufacturing,Large,3300.0,6,8.9,Europe,21,0,0.2593,1,693.0,0.6060606060606061,3.0,0
LEAD1760,Email,Tech,Medium,11100.0,5,6.5,Europe,1,2,0.2839,0,111.0,0.6666666666666666,0.16666666666666666,0
LEAD1761,Email,Tech,Medium,64100.0,5,48.0,North America,65,0,0.3825,0,41665.0,0.10204081632653061,10.833333333333334,0
LEAD1762,LinkedIn,Tech,Small,12000.0,7,19.5,South America,50,2,0.6376,1,6000.0,0.34146341463414637,6.25,0
LEAD1763,Website,Tech,Medium,16900.0,5,4.6,North America,43,0,0.5095,1,7267.0,0.8928571428571429,7.166666666666667,0
LEAD1764,Email,Tech,Small,10800.0,6,18.4,Europe,59,0,0.5562,1,6372.0,0.30927835051546393,8.428571428571429,0
LEAD1765,Website,Retail,Small,20100.0,3,7.0,Asia-Pacific,75,2,0.4417,0,15075.0,0.375,18.75,0
LEAD1766,Website,Manufacturing,Medium,78500.0,11,24.6,North America,60,2,0.6858,1,47100.0,0.4296875,5.0,0
LEAD1767,Cold Call,Manufacturing,Small,121800.0,8,0.5,Europe,46,0,0.7482,0,56028.0,5.333333333333333,5.111111111111111,0
LEAD1768,Email,Tech,Small,31800.0,5,5.4,North America,98,1,0.8472,1,31164.0,0.78125,16.333333333333332,0
LEAD1769,Email,Education,Small,12400.0,4,6.8,Asia-Pacific,42,2,0.2937,0,5208.0,0.5128205128205129,8.4,0
LEAD1770,Email,Finance,Small,15600.0,4,16.5,Europe,27,0,0.205,0,4212.0,0.22857142857142856,5.4,0
LEAD1771,Email,Tech,Small,10800.0,8,2.5,South America,57,0,0.438,1,6156.0,2.2857142857142856,6.333333333333333,0
LEAD1772,LinkedIn,Education,Small,86800.0,7,4.1,South America,50,1,0.524,1,43400.0,1.3725490196078431,6.25,0
LEAD1773,LinkedIn,Healthcare,Small,26600.0,4,15.5,Europe,74,0,0.5357,1,19684.0,0.24242424242424243,14.8,0
LEAD1774,Referral,Tech,Small,13900.0,10,1.1,Asia-Pacific,44,1,0.9107,1,6116.0,4.761904761904762,4.0,0
LEAD1775,LinkedIn,Finance,Large,2200.0,3,2.8,Europe,52,1,0.5225,0,1144.0,0.7894736842105263,13.0,0
LEAD1776,Website,Tech,Small,16700.0,7,16.9,North America,38,2,0.3492,0,6346.0,0.3910614525139665,4.75,0
LEAD1777,Cold Call,Retail,Small,84600.0,9,25.1,Europe,71,2,0.2583,1,60066.0,0.3448275862068965,7.1,0
LEAD1778,Email,Finance,Medium,16800.0,5,15.8,South America,58,1,0.5738,0,9744.0,0.2976190476190476,9.666666666666666,0
LEAD1779,Website,Manufacturing,Large,6000.0,7,9.1,Europe,49,1,0.826,1,2940.0,0.6930693069306931,6.125,0
LEAD1780,LinkedIn,Tech,Medium,2400.0,5,1.4,North America,52,1,0.8365,1,1248.0,2.0833333333333335,8.666666666666666,0
LEAD1781,Website,Finance,Small,10800.0,5,21.2,North America,55,0,0.5486,0,5940.0,0.22522522522522523,9.166666666666666,0
LEAD1782,LinkedIn,Finance,Medium,52100.0,5,1.7,Europe,26,2,0.6292,1,13546.0,1.8518518518518516,4.333333333333333,0
LEAD1783,Email,Healthcare,Medium,115400.0,2,5.9,North America,78,0,0.5831,1,90012.0,0.2898550724637681,26.0,0
LEAD1784,Cold Call,Finance,Medium,60100.0,4,0.7,Europe,77,0,0.7542,1,46277.0,2.3529411764705883,15.4,1
LEAD1785,Cold Call,Retail,Medium,28100.0,3,14.9,Europe,56,1,0.1222,0,15736.0,0.18867924528301885,14.0,0
LEAD1786,LinkedIn,Education,Large,18300.0,7,8.5,Europe,54,0,0.603,0,9882.0,0.7368421052631579,6.75,0
LEAD1787,Cold Call,Manufacturing,Large,19900.0,4,28.7,North America,35,0,0.0672,0,6965.0,0.13468013468013468,7.0,0
LEAD1788,Cold Call,Education,Medium,17500.0,9,1.9,Europe,90,0,0.8475,1,15750.0,3.103448275862069,9.0,1
LEAD1789,Website,Education,Small,26600.0,4,20.6,South America,85,0,0.582,1,22610.0,0.18518518518518517,17.0,0
LEAD1790,Email,Healthcare,Medium,12900.0,8,8.7,Middle East,63,1,0.6055,1,8127.0,0.8247422680412372,7.0,0
LEAD1791,Website,Education,Medium,24100.0,6,5.6,Europe,71,1,0.8455,0,17111.0,0.9090909090909092,10.142857142857142,0
LEAD1792,Cold Call,Finance,Small,4600.0,8,12.5,North America,80,0,0.4393,0,3680.0,0.5925925925925926,8.88888888888889,0
LEAD1793,Email,Finance,Large,8200.0,5,18.9,Middle East,76,0,0.6836,1,6232.0,0.2512562814070352,12.666666666666666,0
LEAD1794,Cold Call,Finance,Small,38200.0,2,7.1,Asia-Pacific,38,1,0.1009,0,14516.0,0.2469135802469136,12.666666666666666,0
LEAD1795,Website,Finance,Small,48800.0,8,3.3,North America,49,1,0.8783,1,23912.0,1.8604651162790697,5.444444444444445,0
LEAD1796,Website,Tech,Large,17500.0,7,29.8,North America,64,1,0.7506,1,11200.0,0.22727272727272727,8.0,0
LEAD1797,Cold Call,Manufacturing,Small,2600.0,6,4.6,North America,59,2,0.236,0,1534.0,1.0714285714285714,8.428571428571429,0
LEAD1798,Website,Finance,Small,54300.0,4,48.0,North America,70,0,0.6397,1,38010.0,0.08163265306122448,14.0,0
LEAD1799,Website,Tech,Small,26200.0,6,17.6,North America,68,1,0.7927,1,17816.0,0.3225806451612903,9.714285714285714,0
LEAD1800,Website,Healthcare,Small,12700.0,5,14.1,South America,60,1,0.7407,1,7620.0,0.33112582781456956,10.0,0
LEAD1801,Referral,Tech,Small,20200.0,7,0.2,Europe,3,2,0.8696,1,606.0,5.833333333333334,0.375,0
LEAD1802,Cold Call,Tech,Small,13200.0,5,7.2,Asia-Pacific,78,0,0.4789,0,10296.0,0.6097560975609757,13.0,0
LEAD1803,Email,Tech,Small,14500.0,4,8.5,Asia-Pacific,72,0,0.4694,0,10440.0,0.42105263157894735,14.4,0
LEAD1804,Website,Finance,Large,45600.0,7,5.8,Asia-Pacific,96,0,0.9522,1,43776.0,1.0294117647058825,12.0,0
LEAD1805,Website,Finance,Large,5500.0,6,2.0,South America,45,1,0.7408,0,2475.0,2.0,6.428571428571429,0
LEAD1806,LinkedIn,Retail,Small,4200.0,6,5.6,Middle East,18,0,0.1348,0,756.0,0.9090909090909092,2.5714285714285716,0
LEAD1807,Cold Call,Retail,Medium,2100.0,9,1.0,Europe,51,2,0.6116,1,1071.0,4.5,5.1,0
LEAD1808,Website,Finance,Small,9500.0,5,4.2,Middle East,64,2,0.6129,1,6080.0,0.9615384615384615,10.666666666666666,0
LEAD1809,Website,Finance,Small,5200.0,6,1.1,Asia-Pacific,46,0,0.5074,0,2392.0,2.857142857142857,6.571428571428571,0
LEAD1810,Website,Finance,Small,7000.0,5,16.9,North America,82,1,0.5864,0,5740.0,0.2793296089385475,13.666666666666666,0
LEAD1811,Cold Call,Retail,Large,2200.0,4,13.4,Asia-Pacific,42,0,0.1408,0,924.0,0.2777777777777778,8.4,0
LEAD1812,LinkedIn,Tech,Large,7200.0,5,33.8,Asia-Pacific,53,2,0.5708,1,3816.0,0.14367816091954025,8.833333333333334,0
LEAD1813,Website,Tech,Small,10100.0,5,5.8,South America,50,0,0.4821,1,5050.0,0.7352941176470589,8.333333333333334,0
LEAD1814,Website,Retail,Small,2600.0,5,18.6,North America,100,3,0.8219,1,2600.0,0.25510204081632654,16.666666666666668,0
LEAD1815,Website,Finance,Small,20700.0,8,10.7,Europe,37,0,0.499,0,7659.0,0.6837606837606838,4.111111111111111,0
LEAD1816,Referral,Tech,Medium,18800.0,4,12.6,North America,67,0,0.8228,1,12596.0,0.29411764705882354,13.4,0
LEAD1817,Website,Tech,Medium,4000.0,5,9.6,North America,31,1,0.3153,0,1240.0,0.4716981132075472,5.166666666666667,0
LEAD1818,LinkedIn,Manufacturing,Small,20100.0,10,18.2,North America,62,0,0.6588,0,12462.0,0.5208333333333334,5.636363636363637,0
LEAD1819,Cold Call,Education,Medium,134200.0,5,0.6,Europe,36,0,0.4188,1,48312.0,3.125,6.0,0
LEAD1820,Email,Retail,Small,59800.0,3,1.1,Asia-Pacific,77,1,0.6549,1,46046.0,1.4285714285714286,19.25,1
LEAD1821,Website,Finance,Large,2100.0,6,1.3,North America,73,1,0.8737,1,1533.0,2.608695652173913,10.428571428571429,0
LEAD1822,Website,Healthcare,Medium,33700.0,6,4.2,Europe,60,2,0.8282,1,20220.0,1.1538461538461537,8.571428571428571,0
LEAD1823,Cold Call,Manufacturing,Small,10700.0,4,10.8,North America,27,0,0.0394,0,2889.0,0.3389830508474576,5.4,0
LEAD1824,LinkedIn,Manufacturing,Medium,3300.0,12,12.5,North America,54,1,0.5875,0,1782.0,0.8888888888888888,4.153846153846154,0
LEAD1825,Cold Call,Tech,Medium,9000.0,4,15.1,Europe,49,1,0.3771,0,4410.0,0.24844720496894407,9.8,0
LEAD1826,Email,Education,Small,9800.0,6,4.1,North America,72,1,0.5947,1,7056.0,1.1764705882352942,10.285714285714286,0
LEAD1827,Website,Tech,Small,16800.0,8,12.7,Europe,37,0,0.3876,0,6216.0,0.5839416058394161,4.111111111111111,0
LEAD1828,Referral,Tech,Large,23600.0,8,1.6,North America,78,0,0.991,1,18408.0,3.0769230769230766,8.666666666666666,1
LEAD1829,LinkedIn,Retail,Small,29700.0,6,0.2,North America,74,0,0.8469,1,21978.0,5.0,10.571428571428571,0
LEAD1830,Website,Finance,Small,7600.0,6,14.3,Europe,28,1,0.3278,0,2128.0,0.39215686274509803,4.0,0
LEAD1831,Referral,Manufacturing,Small,9800.0,6,15.2,Europe,51,2,0.7936,0,4998.0,0.3703703703703704,7.285714285714286,0
LEAD1832,Cold Call,Tech,Medium,9400.0,2,11.8,North America,54,1,0.2824,0,5076.0,0.15625,18.0,0
LEAD1833,Email,Healthcare,Medium,11000.0,3,3.7,Europe,75,1,0.6374,0,8250.0,0.6382978723404255,18.75,0
LEAD1834,Cold Call,Manufacturing,Large,150000.0,8,31.6,Asia-Pacific,41,0,0.3012,0,61500.0,0.24539877300613497,4.555555555555555,0
LEAD1835,LinkedIn,Manufacturing,Medium,32100.0,4,25.1,Asia-Pacific,59,0,0.3606,1,18939.0,0.1532567049808429,11.8,0
LEAD1836,Cold Call,Tech,Small,75800.0,3,8.8,North America,77,0,0.4262,0,58366.0,0.3061224489795918,19.25,0
LEAD1837,Website,Finance,Medium,25600.0,5,48.0,Europe,60,1,0.5988,1,15360.0,0.10204081632653061,10.0,0
LEAD1838,Website,Healthcare,Medium,12400.0,5,4.4,Asia-Pacific,18,0,0.2727,0,2232.0,0.9259259259259258,3.0,0
LEAD1839,LinkedIn,Tech,Small,11900.0,8,8.2,North America,45,0,0.4487,0,5355.0,0.8695652173913044,5.0,0
LEAD1840,Website,Manufacturing,Small,15400.0,6,31.7,South America,73,0,0.5031,1,11242.0,0.18348623853211007,10.428571428571429,0
LEAD1841,Email,Manufacturing,Small,12800.0,4,7.5,South America,71,0,0.3951,0,9088.0,0.47058823529411764,14.2,0
LEAD1842,Email,Tech,Medium,37200.0,6,7.7,South America,10,0,0.1506,0,3720.0,0.6896551724137931,1.4285714285714286,0
LEAD1843,Email,Tech,Large,14500.0,6,1.1,Asia-Pacific,59,2,0.7945,1,8555.0,2.857142857142857,8.428571428571429,0
LEAD1844,Cold Call,Tech,Medium,9000.0,4,2.9,Asia-Pacific,74,0,0.4966,1,6660.0,1.0256410256410258,14.8,0
LEAD1845,Referral,Manufacturing,Large,31800.0,7,2.2,Europe,66,1,0.9373,1,20988.0,2.1875,8.25,0
LEAD1846,Website,Tech,Small,40500.0,4,10.1,Asia-Pacific,68,3,0.5715,1,27540.0,0.3603603603603604,13.6,0
LEAD1847,Website,Finance,Large,12900.0,6,4.7,Asia-Pacific,96,0,0.8514,1,12384.0,1.0526315789473684,13.714285714285714,0
LEAD1848,Website,Finance,Medium,24000.0,12,1.1,Asia-Pacific,54,2,0.8671,1,12960.0,5.714285714285714,4.153846153846154,0
LEAD1849,LinkedIn,Healthcare,Small,3200.0,3,8.7,North America,61,0,0.3195,1,1952.0,0.30927835051546393,15.25,0
LEAD1850,Cold Call,Tech,Large,17100.0,5,13.4,North America,36,3,0.2391,0,6156.0,0.3472222222222222,6.0,0
LEAD1851,Website,Tech,Small,2900.0,9,16.1,South America,42,2,0.5303,1,1218.0,0.5263157894736842,4.2,0
LEAD1852,LinkedIn,Manufacturing,Large,2600.0,8,21.9,North America,48,2,0.7269,1,1248.0,0.3493449781659389,5.333333333333333,0
LEAD1853,LinkedIn,Manufacturing,Large,21000.0,4,8.0,Asia-Pacific,72,0,0.8028,0,15120.0,0.4444444444444444,14.4,0
LEAD1854,LinkedIn,Retail,Medium,9200.0,9,6.0,Middle East,40,2,0.6163,1,3680.0,1.2857142857142858,4.0,0
LEAD1855,LinkedIn,Tech,Medium,29100.0,7,13.9,Asia-Pacific,80,2,0.8652,1,23280.0,0.4697986577181208,10.0,0
LEAD1856,Website,Finance,Small,47300.0,5,0.3,Middle East,33,1,0.6769,1,15609.0,3.846153846153846,5.5,0
LEAD1857,LinkedIn,Healthcare,Medium,5000.0,4,12.1,Asia-Pacific,68,0,0.6677,1,3400.0,0.3053435114503817,13.6,0
LEAD1858,Email,Tech,Small,27800.0,10,6.3,North America,66,0,0.753,1,18348.0,1.36986301369863,6.0,0
LEAD1859,LinkedIn,Manufacturing,Medium,16500.0,8,7.3,Asia-Pacific,60,0,0.8131,1,9900.0,0.9638554216867469,6.666666666666667,0
LEAD1860,Cold Call,Healthcare,Medium,4400.0,5,4.3,North America,75,1,0.733,1,3300.0,0.9433962264150944,12.5,0
LEAD1861,LinkedIn,Tech,Large,23100.0,6,1.7,Europe,40,0,0.8028,1,9240.0,2.222222222222222,5.714285714285714,0
LEAD1862,Cold Call,Manufacturing,Small,20800.0,6,6.3,North America,46,2,0.1911,0,9568.0,0.8219178082191781,6.571428571428571,0
LEAD1863,Website,Manufacturing,Medium,16500.0,1,4.5,North America,36,1,0.1552,0,5940.0,0.18181818181818182,18.0,0
LEAD1864,Email,Tech,Large,54200.0,3,38.8,Europe,55,0,0.2659,1,29810.0,0.07537688442211056,13.75,0
LEAD1865,Referral,Healthcare,Medium,16700.0,6,34.6,North America,53,1,0.7978,1,8851.0,0.16853932584269662,7.571428571428571,0
LEAD1866,Referral,Finance,Small,95200.0,3,12.5,Europe,72,1,0.548,1,68544.0,0.2222222222222222,18.0,0
LEAD1867,Website,Finance,Small,16200.0,8,28.2,Asia-Pacific,63,0,0.3678,0,10206.0,0.273972602739726,7.0,0
LEAD1868,Website,Tech,Small,4500.0,6,16.8,North America,69,0,0.5831,1,3105.0,0.33707865168539325,9.857142857142858,0
LEAD1869,Website,Healthcare,Medium,14700.0,8,5.2,North America,51,1,0.6527,0,7497.0,1.2903225806451613,5.666666666666667,0
LEAD1870,Cold Call,Manufacturing,Medium,6000.0,8,11.2,Asia-Pacific,63,1,0.2743,0,3780.0,0.6557377049180328,7.0,0
LEAD1871,LinkedIn,Healthcare,Large,20200.0,6,3.1,Asia-Pacific,91,1,0.957,1,18382.0,1.4634146341463417,13.0,0
LEAD1872,Website,Tech,Small,25600.0,6,14.0,South America,28,0,0.4407,0,7168.0,0.4,4.0,0
LEAD1873,Email,Healthcare,Small,14600.0,5,0.7,North America,18,0,0.2831,0,2628.0,2.9411764705882355,3.0,0
LEAD1874,LinkedIn,Finance,Medium,4100.0,6,21.5,South America,68,1,0.5345,1,2788.0,0.26666666666666666,9.714285714285714,0
LEAD1875,Cold Call,Education,Medium,14600.0,7,10.6,Europe,38,1,0.1609,1,5548.0,0.603448275862069,4.75,0
LEAD1876,Email,Finance,Large,3700.0,8,0.8,Europe,27,1,0.5443,0,999.0,4.444444444444445,3.0,0
LEAD1877,Email,Tech,Medium,24900.0,5,24.7,North America,66,1,0.4169,0,16434.0,0.19455252918287938,11.0,0
LEAD1878,Email,Tech,Small,33200.0,7,25.3,Europe,35,0,0.2076,0,11620.0,0.2661596958174905,4.375,0
LEAD1879,Website,Retail,Medium,67600.0,14,23.1,North America,86,0,0.936,1,58136.0,0.5809128630705394,5.733333333333333,0
LEAD1880,Email,Tech,Large,5200.0,5,18.0,North America,58,0,0.4991,0,3016.0,0.2631578947368421,9.666666666666666,0
LEAD1881,Cold Call,Retail,Small,17200.0,4,13.7,Europe,51,1,0.2755,0,8772.0,0.272108843537415,10.2,0
LEAD1882,LinkedIn,Tech,Small,18800.0,8,6.2,Asia-Pacific,39,0,0.3332,1,7332.0,1.1111111111111112,4.333333333333333,0
LEAD1883,Cold Call,Finance,Small,53100.0,4,1.9,Asia-Pacific,59,0,0.4895,1,31329.0,1.3793103448275863,11.8,0
LEAD1884,LinkedIn,Finance,Small,21700.0,7,4.2,Europe,23,0,0.1827,0,4991.0,1.346153846153846,2.875,0
LEAD1885,Website,Manufacturing,Medium,5100.0,6,5.2,Europe,6,0,0.0756,0,306.0,0.9677419354838709,0.8571428571428571,0
LEAD1886,Email,Manufacturing,Small,13500.0,8,5.4,Europe,24,2,0.1644,1,3240.0,1.25,2.6666666666666665,0
LEAD1887,Website,Tech,Small,23300.0,5,10.1,Middle East,78,1,0.8483,1,18174.0,0.45045045045045046,13.0,0
LEAD1888,Website,Finance,Small,26100.0,9,2.9,Europe,37,1,0.5499,1,9657.0,2.307692307692308,3.7,0
LEAD1889,Cold Call,Tech,Medium,41800.0,10,2.6,North America,26,2,0.3616,0,10868.0,2.7777777777777777,2.3636363636363638,0
LEAD1890,Referral,Healthcare,Small,6000.0,9,15.2,North America,53,0,0.8295,0,3180.0,0.5555555555555556,5.3,0
LEAD1891,Website,Finance,Medium,62500.0,7,0.2,Europe,99,1,0.9776,1,61875.0,5.833333333333334,12.375,1
LEAD1892,Email,Manufacturing,Small,3200.0,6,2.0,Europe,77,1,0.5519,1,2464.0,2.0,11.0,0
LEAD1893,LinkedIn,Manufacturing,Small,84400.0,4,7.0,North America,39,2,0.3955,0,32916.0,0.5,7.8,0
LEAD1894,Website,Finance,Small,41000.0,5,2.0,Asia-Pacific,39,3,0.7171,0,15990.0,1.6666666666666667,6.5,0
LEAD1895,Email,Finance,Small,23600.0,5,38.7,Asia-Pacific,39,1,0.1187,0,9204.0,0.12594458438287154,6.5,0
LEAD1896,Cold Call,Education,Small,28600.0,7,13.4,Asia-Pacific,37,1,0.1849,0,10582.0,0.4861111111111111,4.625,0
LEAD1897,Cold Call,Education,Small,3500.0,6,6.9,North America,66,2,0.2934,0,2310.0,0.7594936708860759,9.428571428571429,0
LEAD1898,Website,Tech,Large,2800.0,4,1.5,North America,48,2,0.7984,1,1344.0,1.6,9.6,0
LEAD1899,Email,Finance,Medium,4100.0,7,5.9,Middle East,33,2,0.3418,0,1353.0,1.0144927536231882,4.125,0
LEAD1900,LinkedIn,Finance,Small,3800.0,6,12.7,South America,28,0,0.2025,1,1064.0,0.43795620437956206,4.0,0
LEAD1901,Email,Tech,Small,17900.0,9,41.7,North America,100,1,0.835,1,17900.0,0.21077283372365338,10.0,0
LEAD1902,Website,Tech,Large,6900.0,4,7.8,North America,70,1,0.8372,1,4830.0,0.45454545454545453,14.0,0
LEAD1903,LinkedIn,Tech,Medium,41400.0,6,14.2,Europe,38,0,0.5583,0,15732.0,0.39473684210526316,5.428571428571429,0
LEAD1904,Website,Healthcare,Small,13800.0,3,2.7,North America,79,1,0.8275,1,10902.0,0.8108108108108107,19.75,0
LEAD1905,Cold Call,Tech,Medium,25800.0,5,11.8,Asia-Pacific,32,0,0.1136,0,8256.0,0.390625,5.333333333333333,0
LEAD1906,Website,Tech,Medium,23200.0,7,3.4,Middle East,52,1,0.765,1,12064.0,1.5909090909090908,6.5,0
LEAD1907,Referral,Tech,Medium,9700.0,5,2.7,North America,50,2,0.8796,1,4850.0,1.3513513513513513,8.333333333333334,0
LEAD1908,Email,Education,Small,7600.0,7,8.6,North America,59,0,0.233,0,4484.0,0.7291666666666667,7.375,0
LEAD1909,Website,Education,Small,10400.0,2,3.0,South America,36,1,0.3378,1,3744.0,0.5,12.0,0
LEAD1910,Website,Finance,Small,33900.0,9,15.4,North America,58,1,0.6052,0,19662.0,0.5487804878048781,5.8,0
LEAD1911,Website,Finance,Large,19700.0,5,33.3,Middle East,20,1,0.3169,1,3940.0,0.1457725947521866,3.3333333333333335,0
LEAD1912,LinkedIn,Manufacturing,Medium,7800.0,5,6.1,Asia-Pacific,47,1,0.6413,0,3666.0,0.7042253521126761,7.833333333333333,0
LEAD1913,Referral,Tech,Small,36100.0,8,4.8,Middle East,82,1,0.9434,1,29602.0,1.3793103448275863,9.11111111111111,0
LEAD1914,Email,Tech,Large,3100.0,5,2.4,North America,76,2,0.9183,1,2356.0,1.4705882352941178,12.666666666666666,0
LEAD1915,Email,Tech,Large,26000.0,5,6.0,North America,41,0,0.5614,1,10660.0,0.7142857142857143,6.833333333333333,0
LEAD1916,Cold Call,Tech,Large,13600.0,6,9.9,Europe,24,1,0.1579,0,3264.0,0.5504587155963303,3.4285714285714284,0
LEAD1917,LinkedIn,Finance,Large,28300.0,5,5.7,Europe,11,0,0.312,0,3113.0,0.7462686567164178,1.8333333333333333,0
LEAD1918,Email,Manufacturing,Large,54500.0,7,11.8,North America,67,1,0.6394,0,36515.0,0.546875,8.375,0
LEAD1919,Email,Healthcare,Small,29700.0,7,13.1,Middle East,61,2,0.4142,0,18117.0,0.49645390070921985,7.625,0
LEAD1920,Email,Finance,Medium,13700.0,6,1.3,Asia-Pacific,63,0,0.6424,1,8631.0,2.608695652173913,9.0,0
LEAD1921,Cold Call,Manufacturing,Medium,5300.0,3,14.5,Asia-Pacific,89,0,0.4079,1,4717.0,0.1935483870967742,22.25,0
LEAD1922,Website,Tech,Small,34800.0,7,27.8,North America,58,1,0.4751,1,20184.0,0.24305555555555555,7.25,0
LEAD1923,Cold Call,Tech,Small,14300.0,7,0.4,Asia-Pacific,60,0,0.5501,1,8580.0,5.0,7.5,0
LEAD1924,Email,Healthcare,Large,3600.0,6,9.7,Asia-Pacific,27,1,0.1932,1,972.0,0.5607476635514019,3.857142857142857,0
LEAD1925,LinkedIn,Healthcare,Small,27400.0,3,11.2,Europe,87,0,0.6491,0,23838.0,0.24590163934426232,21.75,0
LEAD1926,Website,Tech,Large,8900.0,6,14.9,South America,52,0,0.7219,0,4628.0,0.3773584905660377,7.428571428571429,0
LEAD1927,Email,Finance,Small,3000.0,9,5.9,North America,39,1,0.2697,0,1170.0,1.3043478260869565,3.9,0
LEAD1928,Email,Healthcare,Small,48600.0,6,20.6,North America,59,1,0.2915,0,28674.0,0.27777777777777773,8.428571428571429,0
LEAD1929,Cold Call,Retail,Small,15200.0,5,9.4,North America,95,1,0.5695,0,14440.0,0.4807692307692307,15.833333333333334,0
LEAD1930,Website,Healthcare,Small,8600.0,7,6.4,Asia-Pacific,98,2,0.9014,1,8428.0,0.9459459459459459,12.25,0
LEAD1931,Email,Finance,Medium,27200.0,6,15.3,Europe,36,1,0.3841,1,9792.0,0.36809815950920244,5.142857142857143,0
LEAD1932,Email,Tech,Medium,45400.0,5,31.6,North America,79,1,0.6855,1,35866.0,0.15337423312883436,13.166666666666666,0
LEAD1933,Email,Finance,Small,2000.0,5,20.2,North America,62,3,0.4819,1,1240.0,0.2358490566037736,10.333333333333334,0
LEAD1934,Cold Call,Tech,Small,25300.0,6,32.1,North America,75,0,0.2229,0,18975.0,0.18126888217522658,10.714285714285714,0
LEAD1935,Cold Call,Manufacturing,Small,31100.0,5,3.8,North America,61,1,0.3301,0,18971.0,1.0416666666666667,10.166666666666666,0
LEAD1936,LinkedIn,Finance,Small,6700.0,3,1.6,Europe,67,0,0.553,1,4489.0,1.1538461538461537,16.75,0
LEAD1937,Website,Finance,Medium,15500.0,5,9.3,North America,81,1,0.8081,0,12555.0,0.48543689320388345,13.5,0
LEAD1938,LinkedIn,Retail,Small,3900.0,6,0.6,North America,20,1,0.2821,0,780.0,3.75,2.857142857142857,0
LEAD1939,Email,Finance,Small,29500.0,4,13.6,South America,62,1,0.6137,1,18290.0,0.273972602739726,12.4,0
LEAD1940,Website,Finance,Small,39600.0,2,3.4,Europe,32,0,0.1812,0,12672.0,0.45454545454545453,10.666666666666666,0
LEAD1941,Website,Education,Small,4300.0,8,7.4,Asia-Pacific,46,0,0.2881,0,1978.0,0.9523809523809523,5.111111111111111,0
LEAD1942,Website,Education,Small,35900.0,6,12.9,North America,55,0,0.6232,0,19745.0,0.4316546762589928,7.857142857142857,0
LEAD1943,LinkedIn,Retail,Small,31500.0,5,8.0,North America,35,0,0.4339,1,11025.0,0.5555555555555556,5.833333333333333,0
LEAD1944,Cold Call,Tech,Large,10500.0,3,3.3,Europe,43,0,0.2758,0,4515.0,0.6976744186046512,10.75,0
LEAD1945,LinkedIn,Healthcare,Large,25400.0,9,25.6,North America,27,1,0.4511,0,6858.0,0.3383458646616541,2.7,0
LEAD1946,Email,Retail,Medium,2000.0,6,17.5,North America,43,0,0.3387,0,860.0,0.32432432432432434,6.142857142857143,0
LEAD1947,Email,Tech,Small,55700.0,6,11.1,South America,65,0,0.7505,1,36205.0,0.49586776859504134,9.285714285714286,0
LEAD1948,Website,Tech,Small,18000.0,6,14.5,Middle East,72,1,0.8513,0,12960.0,0.3870967741935484,10.285714285714286,0
LEAD1949,Website,Education,Medium,21400.0,8,6.5,North America,40,1,0.5782,1,8560.0,1.0666666666666667,4.444444444444445,0
LEAD1950,Email,Tech,Medium,23900.0,6,5.8,North America,82,0,0.8167,0,19598.0,0.8823529411764706,11.714285714285714,0
LEAD1951,Website,Retail,Large,18500.0,4,2.2,Middle East,67,1,0.8579,1,12395.0,1.25,13.4,0
LEAD1952,Website,Finance,Small,40900.0,9,19.6,North America,84,3,0.9038,1,34356.0,0.4368932038834951,8.4,0
LEAD1953,Email,Finance,Small,20800.0,6,5.9,Europe,20,0,0.1459,0,4160.0,0.8695652173913043,2.857142857142857,0
LEAD1954,Cold Call,Tech,Medium,49700.0,5,14.2,Middle East,61,0,0.3838,1,30317.0,0.32894736842105265,10.166666666666666,0
LEAD1955,Referral,Education,Medium,19500.0,12,4.4,Middle East,67,3,0.8833,1,13065.0,2.222222222222222,5.153846153846154,0
LEAD1956,Referral,Finance,Medium,5800.0,3,19.2,Europe,21,0,0.3532,0,1218.0,0.1485148514851485,5.25,0
LEAD1957,Cold Call,Healthcare,Medium,51000.0,3,1.4,North America,100,0,0.5558,0,51000.0,1.25,25.0,1
LEAD1958,Email,Retail,Large,24900.0,8,11.9,North America,42,1,0.5683,1,10458.0,0.6201550387596899,4.666666666666667,0
LEAD1959,Cold Call,Retail,Medium,26000.0,3,19.9,South America,66,1,0.1354,0,17160.0,0.14354066985645933,16.5,0
LEAD1960,LinkedIn,Manufacturing,Large,86600.0,6,13.1,South America,74,0,0.611,1,64084.0,0.425531914893617,10.571428571428571,0
LEAD1961,Website,Healthcare,Large,3600.0,5,14.4,Europe,57,0,0.7331,1,2052.0,0.3246753246753247,9.5,0
LEAD1962,Email,Finance,Medium,13200.0,5,9.1,Asia-Pacific,83,0,0.8201,0,10956.0,0.49504950495049505,13.833333333333334,0
LEAD1963,LinkedIn,Manufacturing,Small,7500.0,6,9.9,Asia-Pacific,95,1,0.7861,1,7125.0,0.5504587155963303,13.571428571428571,0
LEAD1964,Email,Healthcare,Small,21900.0,5,0.9,Asia-Pacific,33,1,0.5496,0,7227.0,2.6315789473684212,5.5,0
LEAD1965,Email,Tech,Medium,34900.0,6,3.6,Asia-Pacific,57,2,0.7383,1,19893.0,1.3043478260869565,8.142857142857142,0
LEAD1966,Email,Tech,Small,69800.0,3,15.5,Asia-Pacific,73,0,0.3654,1,50954.0,0.18181818181818182,18.25,0
LEAD1967,Website,Education,Large,14100.0,4,35.0,Europe,22,0,0.1182,0,3102.0,0.1111111111111111,4.4,0
LEAD1968,Email,Finance,Small,32900.0,5,9.5,North America,76,1,0.7357,1,25004.0,0.47619047619047616,12.666666666666666,0
LEAD1969,Website,Retail,Small,51800.0,4,15.6,Asia-Pacific,89,0,0.7849,1,46102.0,0.24096385542168672,17.8,0
LEAD1970,Website,Finance,Medium,25000.0,6,13.9,Europe,81,0,0.8527,1,20250.0,0.40268456375838924,11.571428571428571,0
LEAD1971,Website,Tech,Small,7600.0,8,48.0,North America,64,0,0.7074,1,4864.0,0.16326530612244897,7.111111111111111,0
LEAD1972,LinkedIn,Healthcare,Small,20700.0,4,19.1,Asia-Pacific,86,0,0.7878,1,17802.0,0.1990049751243781,17.2,0
LEAD1973,Website,Tech,Small,72100.0,8,12.0,Asia-Pacific,62,1,0.8248,1,44702.0,0.6153846153846154,6.888888888888889,0
LEAD1974,Email,Finance,Medium,89700.0,6,1.6,Middle East,29,2,0.4636,0,26013.0,2.3076923076923075,4.142857142857143,0
LEAD1975,Website,Healthcare,Small,22600.0,4,5.5,North America,45,0,0.4268,0,10170.0,0.6153846153846154,9.0,0
LEAD1976,Referral,Finance,Large,45600.0,6,3.6,Europe,50,1,0.862,1,22800.0,1.3043478260869565,7.142857142857143,0
LEAD1977,Website,Retail,Small,6500.0,5,23.2,North America,54,2,0.6787,0,3510.0,0.2066115702479339,9.0,0
LEAD1978,Email,Education,Large,7600.0,4,7.2,South America,53,0,0.2711,0,4028.0,0.48780487804878053,10.6,0
LEAD1979,LinkedIn,Retail,Small,63100.0,5,9.3,North America,48,2,0.2987,0,30288.0,0.48543689320388345,8.0,0
LEAD1980,LinkedIn,Tech,Small,4900.0,4,40.3,Asia-Pacific,59,1,0.3915,1,2891.0,0.09685230024213076,11.8,0
LEAD1981,Website,Tech,Small,6200.0,9,21.8,Asia-Pacific,85,0,0.8577,1,5270.0,0.39473684210526316,8.5,0
LEAD1982,LinkedIn,Healthcare,Small,12900.0,5,18.8,North America,59,2,0.7151,1,7611.0,0.25252525252525254,9.833333333333334,0
LEAD1983,Email,Manufacturing,Medium,19800.0,3,1.9,Middle East,68,1,0.579,1,13464.0,1.0344827586206897,17.0,0
LEAD1984,Email,Education,Small,20500.0,5,0.4,South America,11,0,0.2595,1,2255.0,3.5714285714285716,1.8333333333333333,0
LEAD1985,Website,Education,Small,8900.0,7,1.7,North America,58,1,0.748,1,5162.0,2.5925925925925926,7.25,0
LEAD1986,Website,Finance,Medium,52700.0,2,16.3,North America,77,1,0.7796,1,40579.0,0.11560693641618497,25.666666666666668,0
LEAD1987,Cold Call,Finance,Small,51300.0,6,6.4,North America,80,1,0.4363,1,41040.0,0.8108108108108107,11.428571428571429,0
LEAD1988,Email,Finance,Small,12000.0,8,1.6,North America,78,1,0.881,0,9360.0,3.0769230769230766,8.666666666666666,1
LEAD1989,Email,Tech,Medium,13400.0,4,16.2,South America,61,0,0.3864,0,8174.0,0.23255813953488372,12.2,0
LEAD1990,Cold Call,Tech,Large,26200.0,3,2.7,Middle East,63,1,0.6693,1,16506.0,0.8108108108108107,15.75,0
LEAD1991,LinkedIn,Manufacturing,Small,23800.0,6,10.8,North America,42,1,0.4787,0,9996.0,0.5084745762711864,6.0,0
LEAD1992,Website,Tech,Small,11600.0,6,16.3,Europe,72,1,0.7098,0,8352.0,0.3468208092485549,10.285714285714286,0
LEAD1993,Cold Call,Tech,Large,12700.0,10,11.3,Europe,42,1,0.4404,1,5334.0,0.8130081300813008,3.8181818181818183,0
LEAD1994,Website,Tech,Small,10600.0,3,48.0,North America,69,1,0.247,0,7314.0,0.061224489795918366,17.25,0
LEAD1995,LinkedIn,Manufacturing,Large,7400.0,7,6.9,North America,56,3,0.4646,0,4144.0,0.8860759493670886,7.0,0
LEAD1996,Cold Call,Healthcare,Small,14300.0,6,4.6,North America,55,1,0.349,0,7865.0,1.0714285714285714,7.857142857142857,0
LEAD1997,Referral,Retail,Large,25200.0,4,2.8,Europe,75,2,0.9448,1,18900.0,1.0526315789473684,15.0,0
LEAD1998,Website,Manufacturing,Small,29100.0,5,8.5,Asia-Pacific,66,0,0.59,1,19206.0,0.5263157894736842,11.0,0
LEAD1999,Website,Finance,Large,32200.0,6,23.1,Asia-Pacific,61,0,0.7605,1,19642.0,0.24896265560165973,8.714285714285714,0
LEAD2000,Website,Healthcare,Small,11400.0,6,35.3,North America,45,0,0.2334,0,5130.0,0.1652892561983471,6.428571428571429,0
LEAD2001,Website,Tech,Medium,30900.0,8,43.0,Asia-Pacific,87,0,0.7656,1,26883.0,0.18181818181818182,9.666666666666666,0
LEAD2002,Website,Tech,Small,2100.0,3,9.2,Asia-Pacific,62,2,0.379,1,1302.0,0.29411764705882354,15.5,0
LEAD2003,LinkedIn,Education,Small,15000.0,7,11.3,South America,70,0,0.5267,0,10500.0,0.5691056910569106,8.75,0
LEAD2004,Website,Retail,Medium,33600.0,8,10.6,Europe,57,1,0.8324,1,19152.0,0.6896551724137931,6.333333333333333,0
LEAD2005,Website,Finance,Medium,21900.0,9,7.6,South America,41,0,0.8094,1,8979.0,1.0465116279069768,4.1,0
LEAD2006,LinkedIn,Finance,Large,14900.0,3,2.1,South America,62,1,0.47,1,9238.0,0.9677419354838709,15.5,0
LEAD2007,Email,Healthcare,Small,22700.0,10,0.9,Europe,43,0,0.5678,1,9761.0,5.2631578947368425,3.909090909090909,0
LEAD2008,LinkedIn,Tech,Large,49500.0,2,7.0,North America,64,1,0.6475,1,31680.0,0.25,21.333333333333332,0
LEAD2009,Website,Tech,Small,18700.0,10,2.6,Middle East,1,0,0.395,0,187.0,2.7777777777777777,0.09090909090909091,0
LEAD2010,Email,Tech,Large,34200.0,4,26.2,Asia-Pacific,47,0,0.3704,0,16074.0,0.14705882352941177,9.4,0
LEAD2011,Website,Tech,Large,81000.0,4,17.3,South America,55,0,0.8304,1,44550.0,0.2185792349726776,11.0,0
LEAD2012,Website,Education,Small,26500.0,6,11.7,Asia-Pacific,36,1,0.2081,0,9540.0,0.4724409448818898,5.142857142857143,0
LEAD2013,LinkedIn,Tech,Large,19000.0,7,0.7,Europe,62,0,0.8775,1,11780.0,4.11764705882353,7.75,0
LEAD2014,Website,Tech,Medium,2800.0,9,11.8,North America,47,3,0.7919,1,1316.0,0.703125,4.7,0
LEAD2015,Email,Healthcare,Small,11400.0,7,11.7,North America,55,0,0.2701,1,6270.0,0.5511811023622047,6.875,0
LEAD2016,Email,Education,Medium,18700.0,6,7.0,Middle East,44,0,0.0898,0,8228.0,0.75,6.285714285714286,0
LEAD2017,Website,Tech,Small,33900.0,7,13.0,North America,74,1,0.7455,1,25086.0,0.5,9.25,0
LEAD2018,LinkedIn,Tech,Medium,13500.0,5,23.5,North America,66,0,0.7229,1,8910.0,0.20408163265306123,11.0,0
LEAD2019,Website,Finance,Small,66400.0,4,17.1,Asia-Pacific,61,1,0.7124,1,40504.0,0.22099447513812154,12.2,0
LEAD2020,Cold Call,Retail,Small,8300.0,6,7.8,Asia-Pacific,56,0,0.1043,0,4648.0,0.6818181818181818,8.0,0
LEAD2021,Referral,Healthcare,Small,29300.0,7,3.8,North America,100,1,0.9716,1,29300.0,1.4583333333333335,12.5,0
LEAD2022,Email,Education,Medium,12900.0,7,7.9,North America,52,0,0.2051,0,6708.0,0.7865168539325842,6.5,0
LEAD2023,Referral,Manufacturing,Large,15300.0,8,35.1,Europe,41,2,0.5837,1,6273.0,0.22160664819944598,4.555555555555555,0
LEAD2024,Website,Retail,Large,34400.0,5,20.7,North America,32,1,0.418,0,11008.0,0.2304147465437788,5.333333333333333,0
LEAD2025,Email,Healthcare,Small,9000.0,6,0.4,Asia-Pacific,73,1,0.8415,1,6570.0,4.285714285714286,10.428571428571429,0
LEAD2026,Website,Finance,Small,4000.0,9,18.4,North America,88,2,0.7019,1,3520.0,0.4639175257731959,8.8,0
LEAD2027,Cold Call,Tech,Medium,16700.0,3,2.3,South America,38,1,0.2878,1,6346.0,0.9090909090909092,9.5,0
LEAD2028,Referral,Manufacturing,Medium,17000.0,11,10.3,Asia-Pacific,49,1,0.8356,1,8330.0,0.9734513274336283,4.083333333333333,0
LEAD2029,Website,Finance,Small,33900.0,7,19.8,Asia-Pacific,48,2,0.4512,0,16272.0,0.3365384615384615,6.0,0
LEAD2030,Cold Call,Tech,Small,71000.0,6,10.0,North America,53,0,0.1888,0,37630.0,0.5454545454545454,7.571428571428571,0
LEAD2031,Website,Retail,Medium,3100.0,6,6.3,Europe,20,1,0.2028,0,620.0,0.8219178082191781,2.857142857142857,0
LEAD2032,Email,Tech,Small,19900.0,6,4.8,Europe,71,0,0.5701,1,14129.0,1.0344827586206897,10.142857142857142,0
LEAD2033,Email,Healthcare,Medium,24900.0,2,4.5,North America,79,0,0.4767,1,19671.0,0.36363636363636365,26.333333333333332,0
LEAD2034,Referral,Healthcare,Medium,87100.0,4,21.9,Asia-Pacific,17,0,0.4972,1,14807.0,0.17467248908296945,3.4,0
LEAD2035,Cold Call,Finance,Large,59200.0,9,21.0,Europe,90,2,0.7923,0,53280.0,0.4090909090909091,9.0,0
LEAD2036,Website,Education,Medium,26900.0,4,20.9,Asia-Pacific,87,1,0.8477,1,23403.0,0.18264840182648404,17.4,0
LEAD2037,Website,Tech,Small,16800.0,6,4.1,North America,1,0,0.053,0,168.0,1.1764705882352942,0.14285714285714285,0
LEAD2038,Website,Finance,Large,5500.0,5,19.3,North America,12,0,0.148,0,660.0,0.24630541871921183,2.0,0
LEAD2039,Website,Healthcare,Medium,11700.0,3,0.5,Middle East,52,1,0.6161,1,6084.0,2.0,13.0,0
LEAD2040,Website,Retail,Small,19600.0,11,2.9,Europe,81,1,0.8548,1,15876.0,2.8205128205128207,6.75,0
LEAD2041,LinkedIn,Retail,Medium,27800.0,4,8.8,Europe,61,1,0.6546,1,16958.0,0.4081632653061224,12.2,0
LEAD2042,Email,Finance,Small,22200.0,8,6.4,Europe,55,1,0.4271,0,12210.0,1.081081081081081,6.111111111111111,0
LEAD2043,Email,Healthcare,Medium,27000.0,11,1.5,North America,66,1,0.9244,0,17820.0,4.4,5.5,0
LEAD2044,Website,Tech,Small,13200.0,4,0.6,Asia-Pacific,39,2,0.604,1,5148.0,2.5,7.8,0
LEAD2045,LinkedIn,Manufacturing,Medium,28000.0,3,11.4,North America,81,0,0.7045,1,22680.0,0.24193548387096772,20.25,0
LEAD2046,Cold Call,Finance,Small,5100.0,4,4.6,Europe,53,2,0.1063,0,2703.0,0.7142857142857143,10.6,0
LEAD2047,Website,Retail,Small,5500.0,6,0.3,Europe,22,0,0.6221,1,1210.0,4.615384615384615,3.142857142857143,0
LEAD2048,Cold Call,Tech,Large,5600.0,10,6.9,South America,39,0,0.3191,1,2184.0,1.2658227848101264,3.5454545454545454,0
LEAD2049,Email,Tech,Medium,46300.0,4,4.5,Europe,62,0,0.6841,1,28706.0,0.7272727272727273,12.4,0
LEAD2050,Website,Finance,Small,3600.0,6,10.4,North America,49,0,0.2666,0,1764.0,0.5263157894736842,7.0,0
LEAD2051,Email,Education,Small,34300.0,5,32.0,Europe,47,3,0.1637,0,16121.0,0.15151515151515152,7.833333333333333,0
LEAD2052,Email,Healthcare,Small,7300.0,6,4.5,North America,59,0,0.3451,0,4307.0,1.0909090909090908,8.428571428571429,0
LEAD2053,Website,Manufacturing,Medium,14600.0,8,48.0,North America,62,1,0.6272,1,9052.0,0.16326530612244897,6.888888888888889,0
LEAD2054,Referral,Finance,Medium,51500.0,8,1.2,North America,30,1,0.926,1,15450.0,3.6363636363636362,3.3333333333333335,0
LEAD2055,LinkedIn,Finance,Medium,19600.0,5,1.2,Europe,79,1,0.9281,1,15484.0,2.2727272727272725,13.166666666666666,1
LEAD2056,Cold Call,Tech,Medium,6700.0,9,15.1,North America,52,0,0.3113,0,3484.0,0.5590062111801242,5.2,0
LEAD2057,Email,Education,Medium,8700.0,8,16.7,Europe,63,0,0.6143,0,5481.0,0.4519774011299435,7.0,0
LEAD2058,Email,Tech,Small,52600.0,7,6.7,Middle East,57,1,0.6837,1,29982.0,0.9090909090909091,7.125,0
LEAD2059,Cold Call,Education,Small,13100.0,10,4.1,Asia-Pacific,47,2,0.1668,1,6157.0,1.9607843137254903,4.2727272727272725,0
LEAD2060,Email,Manufacturing,Medium,19700.0,8,19.1,North America,73,1,0.7087,0,14381.0,0.3980099502487562,8.11111111111111,0
LEAD2061,Website,Manufacturing,Large,14300.0,4,37.6,North America,57,2,0.7658,0,8151.0,0.10362694300518134,11.4,0
LEAD2062,Email,Healthcare,Medium,11500.0,3,48.0,Asia-Pacific,56,1,0.1579,0,6440.0,0.061224489795918366,14.0,0
LEAD2063,LinkedIn,Retail,Medium,7100.0,6,12.2,South America,5,0,0.0848,0,355.0,0.4545454545454546,0.7142857142857143,0
LEAD2064,Email,Retail,Medium,25200.0,12,16.3,North America,71,0,0.6684,1,17892.0,0.6936416184971098,5.461538461538462,0
LEAD2065,Website,Tech,Large,27300.0,2,20.8,Asia-Pacific,52,1,0.6475,1,14196.0,0.09174311926605504,17.333333333333332,0
LEAD2066,LinkedIn,Healthcare,Small,8400.0,6,19.3,Europe,70,0,0.6599,0,5880.0,0.29556650246305416,10.0,0
LEAD2067,Website,Tech,Small,33100.0,8,48.0,Europe,88,0,0.7844,1,29128.0,0.16326530612244897,9.777777777777779,0
LEAD2068,Website,Finance,Large,40600.0,9,20.1,Middle East,71,0,0.8983,1,28826.0,0.42654028436018954,7.1,0
LEAD2069,Website,Tech,Large,52700.0,4,13.1,Asia-Pacific,56,0,0.7616,1,29512.0,0.28368794326241137,11.2,0
LEAD2070,Website,Tech,Small,5500.0,10,5.8,South America,49,1,0.6135,0,2695.0,1.4705882352941178,4.454545454545454,0
LEAD2071,LinkedIn,Finance,Small,9200.0,8,11.0,North America,100,1,0.9021,1,9200.0,0.6666666666666666,11.11111111111111,0
LEAD2072,Email,Finance,Small,41400.0,4,25.6,Europe,65,1,0.4461,1,26910.0,0.15037593984962405,13.0,0
LEAD2073,Website,Healthcare,Small,6400.0,11,4.5,Europe,59,1,0.6491,1,3776.0,2.0,4.916666666666667,0
LEAD2074,LinkedIn,Tech,Large,2100.0,7,0.5,North America,51,1,0.8417,1,1071.0,4.666666666666667,6.375,0
LEAD2075,LinkedIn,Healthcare,Small,42900.0,5,4.9,Europe,37,1,0.4087,0,15873.0,0.847457627118644,6.166666666666667,0
LEAD2076,LinkedIn,Tech,Large,9900.0,2,38.8,North America,16,0,0.0325,0,1584.0,0.05025125628140704,5.333333333333333,0
LEAD2077,Website,Healthcare,Small,12700.0,9,19.1,North America,85,2,0.8486,1,10795.0,0.4477611940298507,8.5,0
LEAD2078,Email,Healthcare,Medium,13800.0,6,2.6,North America,39,0,0.4182,0,5382.0,1.6666666666666665,5.571428571428571,0
LEAD2079,Referral,Healthcare,Small,39700.0,8,0.2,Asia-Pacific,51,0,0.9673,1,20247.0,6.666666666666667,5.666666666666667,0
LEAD2080,LinkedIn,Retail,Medium,10200.0,4,13.4,South America,53,0,0.4555,1,5406.0,0.2777777777777778,10.6,0
LEAD2081,Website,Finance,Medium,46600.0,6,10.5,Europe,84,0,0.8722,1,39144.0,0.5217391304347826,12.0,0
LEAD2082,Website,Retail,Medium,21200.0,4,1.1,Europe,40,1,0.8414,1,8480.0,1.9047619047619047,8.0,0
LEAD2083,Email,Finance,Small,17000.0,6,40.7,North America,60,0,0.1547,1,10200.0,0.14388489208633093,8.571428571428571,0
LEAD2084,LinkedIn,Finance,Small,9900.0,7,11.6,South America,65,1,0.4695,0,6435.0,0.5555555555555556,8.125,0
LEAD2085,Email,Healthcare,Small,7600.0,9,12.8,Europe,27,1,0.1981,1,2052.0,0.6521739130434783,2.7,0
LEAD2086,Email,Tech,Small,21600.0,4,23.2,Asia-Pacific,25,1,0.2065,0,5400.0,0.1652892561983471,5.0,0
LEAD2087,Website,Retail,Medium,13800.0,5,5.0,Asia-Pacific,41,0,0.3921,0,5658.0,0.8333333333333334,6.833333333333333,0
LEAD2088,Cold Call,Healthcare,Medium,50300.0,7,9.9,North America,60,1,0.3824,1,30180.0,0.6422018348623852,7.5,0
LEAD2089,LinkedIn,Finance,Medium,15500.0,5,10.4,Europe,57,1,0.5302,1,8835.0,0.43859649122807015,9.5,0
LEAD2090,Email,Tech,Medium,16300.0,6,41.2,Middle East,53,0,0.4045,0,8639.0,0.14218009478672985,7.571428571428571,0
LEAD2091,LinkedIn,Tech,Small,12800.0,12,1.8,North America,68,2,0.8427,1,8704.0,4.285714285714286,5.230769230769231,0
LEAD2092,Referral,Manufacturing,Small,33100.0,3,17.2,Asia-Pacific,38,0,0.4454,0,12578.0,0.16483516483516483,9.5,0
LEAD2093,Website,Retail,Small,13100.0,12,10.4,Middle East,52,1,0.5098,0,6812.0,1.0526315789473684,4.0,0
LEAD2094,Email,Tech,Medium,8300.0,8,22.5,North America,53,1,0.8005,1,4399.0,0.3404255319148936,5.888888888888889,0
LEAD2095,Website,Finance,Medium,41600.0,8,21.5,South America,38,0,0.3984,0,15808.0,0.35555555555555557,4.222222222222222,0
LEAD2096,LinkedIn,Healthcare,Small,20200.0,7,0.2,Middle East,100,2,0.9622,1,20200.0,5.833333333333334,12.5,1
LEAD2097,Email,Education,Small,19900.0,6,3.7,Asia-Pacific,12,0,0.0809,0,2388.0,1.276595744680851,1.7142857142857142,0
LEAD2098,Cold Call,Tech,Large,20900.0,6,2.5,North America,80,1,0.8122,1,16720.0,1.7142857142857142,11.428571428571429,0
LEAD2099,LinkedIn,Tech,Medium,27400.0,5,7.5,North America,71,0,0.6557,1,19454.0,0.5882352941176471,11.833333333333334,0
LEAD2100,Email,Education,Medium,9500.0,6,28.4,North America,71,1,0.2035,0,6745.0,0.20408163265306123,10.142857142857142,0
LEAD2101,LinkedIn,Tech,Small,2700.0,4,0.2,Asia-Pacific,57,2,0.7254,1,1539.0,3.3333333333333335,11.4,0
LEAD2102,Email,Tech,Small,35300.0,4,8.1,Asia-Pacific,82,1,0.8685,1,28946.0,0.43956043956043955,16.4,0
LEAD2103,Website,Manufacturing,Large,4800.0,5,26.0,Europe,46,0,0.2284,0,2208.0,0.18518518518518517,7.666666666666667,0
LEAD2104,Cold Call,Healthcare,Medium,27600.0,6,31.4,North America,63,1,0.3307,0,17388.0,0.1851851851851852,9.0,0
LEAD2105,LinkedIn,Tech,Small,3700.0,4,13.0,North America,56,1,0.5349,0,2072.0,0.2857142857142857,11.2,0
LEAD2106,Website,Tech,Medium,11400.0,8,21.3,Asia-Pacific,50,1,0.6981,0,5700.0,0.35874439461883406,5.555555555555555,0
LEAD2107,LinkedIn,Tech,Medium,3300.0,4,4.8,Asia-Pacific,57,2,0.8064,1,1881.0,0.6896551724137931,11.4,0
LEAD2108,LinkedIn,Tech,Small,16800.0,9,4.1,South America,36,2,0.4647,1,6048.0,1.7647058823529413,3.6,0
LEAD2109,Website,Education,Small,23200.0,9,0.7,Asia-Pacific,42,0,0.7053,1,9744.0,5.294117647058823,4.2,0
LEAD2110,Referral,Finance,Small,5800.0,7,8.5,Asia-Pacific,87,1,0.9237,1,5046.0,0.7368421052631579,10.875,0
LEAD2111,Website,Retail,Small,11300.0,8,7.4,Asia-Pacific,100,2,0.9569,1,11300.0,0.9523809523809523,11.11111111111111,0
LEAD2112,Website,Manufacturing,Medium,55300.0,8,5.7,Europe,65,0,0.644,1,35945.0,1.1940298507462686,7.222222222222222,0
LEAD2113,Website,Finance,Small,13700.0,7,1.5,Europe,72,0,0.9179,1,9864.0,2.8,9.0,0
LEAD2114,LinkedIn,Tech,Medium,34400.0,6,3.2,South America,60,0,0.8827,1,20640.0,1.4285714285714286,8.571428571428571,0
LEAD2115,Cold Call,Healthcare,Large,54400.0,9,2.8,Asia-Pacific,64,0,0.7414,1,34816.0,2.368421052631579,6.4,0
LEAD2116,Website,Manufacturing,Small,75300.0,5,34.7,North America,66,2,0.6316,1,49698.0,0.1400560224089636,11.0,0
LEAD2117,Email,Education,Small,47700.0,6,40.8,North America,76,0,0.3271,0,36252.0,0.14354066985645933,10.857142857142858,0
LEAD2118,Cold Call,Tech,Medium,9600.0,5,0.1,North America,86,0,0.8278,1,8256.0,4.545454545454545,14.333333333333334,1
LEAD2119,Website,Retail,Medium,67700.0,7,2.3,Europe,37,0,0.6505,0,25049.0,2.121212121212121,4.625,0
LEAD2120,LinkedIn,Healthcare,Medium,35500.0,5,26.5,North America,100,0,0.7372,1,35500.0,0.18181818181818182,16.666666666666668,0
LEAD2121,LinkedIn,Manufacturing,Small,38300.0,2,0.6,North America,58,1,0.7698,1,22214.0,1.25,19.333333333333332,0
LEAD2122,Email,Tech,Small,2300.0,7,34.6,Europe,58,1,0.2964,0,1334.0,0.19662921348314605,7.25,0
LEAD2123,Referral,Healthcare,Medium,63700.0,8,5.8,North America,47,1,0.8845,1,29939.0,1.1764705882352942,5.222222222222222,0
LEAD2124,Email,Education,Large,32100.0,8,9.4,Asia-Pacific,47,0,0.3688,0,15087.0,0.7692307692307692,5.222222222222222,0
LEAD2125,Referral,Finance,Small,31200.0,9,17.4,Europe,67,1,0.9465,1,20904.0,0.48913043478260876,6.7,0
LEAD2126,Cold Call,Finance,Large,3700.0,7,3.5,Europe,68,2,0.6333,1,2516.0,1.5555555555555556,8.5,0
LEAD2127,Cold Call,Tech,Small,7300.0,9,1.4,North America,66,0,0.4798,1,4818.0,3.75,6.6,0
LEAD2128,Website,Tech,Large,67500.0,11,20.0,North America,46,0,0.6463,0,31050.0,0.5238095238095238,3.8333333333333335,0
LEAD2129,LinkedIn,Finance,Medium,15900.0,2,48.0,Europe,1,0,0.0246,0,159.0,0.04081632653061224,0.3333333333333333,0
LEAD2130,Email,Manufacturing,Small,12100.0,5,13.0,Asia-Pacific,19,0,0.0622,0,2299.0,0.35714285714285715,3.1666666666666665,0
LEAD2131,Website,Tech,Medium,38600.0,6,21.0,Asia-Pacific,55,1,0.7703,1,21230.0,0.2727272727272727,7.857142857142857,0
LEAD2132,Website,Finance,Small,3800.0,7,34.1,North America,62,1,0.5325,0,2356.0,0.19943019943019943,7.75,0
LEAD2133,Email,Retail,Small,12800.0,6,3.2,Europe,47,0,0.358,0,6016.0,1.4285714285714286,6.714285714285714,0
LEAD2134,Email,Tech,Small,11400.0,9,5.3,North America,41,0,0.375,0,4674.0,1.4285714285714286,4.1,0
LEAD2135,Cold Call,Finance,Small,10600.0,5,3.1,Middle East,61,1,0.6033,1,6466.0,1.2195121951219514,10.166666666666666,0
LEAD2136,LinkedIn,Retail,Small,9400.0,4,0.9,Middle East,53,0,0.6573,1,4982.0,2.1052631578947367,10.6,0
LEAD2137,Website,Education,Medium,6700.0,5,15.9,Europe,45,2,0.4386,0,3015.0,0.2958579881656805,7.5,0
LEAD2138,Cold Call,Healthcare,Medium,5800.0,7,2.0,Asia-Pacific,23,1,0.1897,0,1334.0,2.3333333333333335,2.875,0
LEAD2139,Website,Retail,Small,22500.0,3,1.3,Asia-Pacific,38,0,0.2197,0,8550.0,1.3043478260869565,9.5,0
LEAD2140,LinkedIn,Tech,Large,52400.0,6,5.4,Asia-Pacific,74,0,0.8037,1,38776.0,0.9375,10.571428571428571,0
LEAD2141,LinkedIn,Manufacturing,Medium,16200.0,7,0.8,Asia-Pacific,36,2,0.622,1,5832.0,3.888888888888889,4.5,0
LEAD2142,Email,Tech,Large,9100.0,3,2.5,Middle East,68,1,0.6936,1,6188.0,0.8571428571428571,17.0,0
LEAD2143,Cold Call,Retail,Medium,5500.0,10,1.0,Europe,83,1,0.846,1,4565.0,5.0,7.545454545454546,1
LEAD2144,Website,Tech,Small,37500.0,4,25.3,Europe,39,0,0.3272,0,14625.0,0.1520912547528517,7.8,0
LEAD2145,Email,Manufacturing,Small,73200.0,5,18.3,Asia-Pacific,46,0,0.4172,0,33672.0,0.25906735751295334,7.666666666666667,0
LEAD2146,LinkedIn,Retail,Medium,10600.0,8,23.7,Asia-Pacific,75,1,0.7422,1,7950.0,0.32388663967611336,8.333333333333334,0
LEAD2147,Email,Retail,Small,8900.0,4,24.4,Asia-Pacific,80,1,0.3713,0,7120.0,0.15748031496062992,16.0,0
LEAD2148,Email,Tech,Small,20400.0,3,34.8,North America,42,0,0.0941,0,8568.0,0.08379888268156425,10.5,0
LEAD2149,Email,Finance,Small,31900.0,5,2.6,North America,23,0,0.2455,0,7337.0,1.3888888888888888,3.8333333333333335,0
LEAD2150,LinkedIn,Healthcare,Small,14200.0,4,27.7,North America,80,0,0.5417,0,11360.0,0.13937282229965156,16.0,0
LEAD2151,Website,Retail,Small,21900.0,5,9.0,Europe,67,1,0.695,1,14673.0,0.5,11.166666666666666,0
LEAD2152,Website,Tech,Small,27200.0,6,2.3,Europe,63,0,0.6979,0,17136.0,1.8181818181818183,9.0,0
LEAD2153,Cold Call,Manufacturing,Small,66700.0,5,12.9,Middle East,73,1,0.5118,0,48691.0,0.3597122302158273,12.166666666666666,0
LEAD2154,LinkedIn,Education,Medium,5600.0,8,4.9,Europe,31,0,0.3039,0,1736.0,1.3559322033898304,3.4444444444444446,0
LEAD2155,Website,Tech,Medium,120900.0,7,0.7,Asia-Pacific,63,1,0.9105,1,76167.0,4.11764705882353,7.875,0
LEAD2156,Website,Education,Small,12000.0,4,1.1,North America,49,0,0.4843,0,5880.0,1.9047619047619047,9.8,0
LEAD2157,Website,Healthcare,Small,27700.0,11,6.7,Asia-Pacific,67,0,0.7267,1,18559.0,1.4285714285714286,5.583333333333333,0
LEAD2158,Website,Finance,Small,19000.0,3,21.1,Europe,71,0,0.5269,1,13490.0,0.13574660633484162,17.75,0
LEAD2159,Email,Finance,Small,15300.0,6,4.6,Asia-Pacific,75,0,0.6946,1,11475.0,1.0714285714285714,10.714285714285714,0
LEAD2160,Cold Call,Healthcare,Small,26000.0,3,17.5,North America,67,1,0.1919,0,17420.0,0.16216216216216217,16.75,0
LEAD2161,Cold Call,Retail,Small,12100.0,4,0.8,Europe,60,0,0.2884,0,7260.0,2.2222222222222223,12.0,0
LEAD2162,Cold Call,Finance,Medium,4700.0,4,6.1,Europe,61,3,0.4392,1,2867.0,0.5633802816901409,12.2,0
LEAD2163,Email,Healthcare,Medium,15400.0,4,1.7,Europe,62,1,0.8874,1,9548.0,1.4814814814814814,12.4,0
LEAD2164,LinkedIn,Retail,Small,16800.0,6,24.0,South America,43,0,0.3901,0,7224.0,0.24,6.142857142857143,0
LEAD2165,Email,Retail,Small,6500.0,5,41.4,South America,48,1,0.1669,0,3120.0,0.1179245283018868,8.0,0
LEAD2166,Referral,Tech,Medium,56900.0,5,4.8,Middle East,63,2,0.9257,1,35847.0,0.8620689655172414,10.5,0
LEAD2167,Cold Call,Education,Large,7200.0,4,48.0,Asia-Pacific,68,2,0.3193,1,4896.0,0.08163265306122448,13.6,0
LEAD2168,Website,Finance,Medium,12500.0,4,16.8,Middle East,42,2,0.5719,0,5250.0,0.2247191011235955,8.4,0
LEAD2169,Cold Call,Tech,Medium,5400.0,4,0.1,Asia-Pacific,33,2,0.5559,0,1782.0,3.6363636363636362,6.6,0
LEAD2170,Website,Tech,Small,17300.0,10,8.1,North America,21,0,0.222,0,3633.0,1.098901098901099,1.9090909090909092,0
LEAD2171,Cold Call,Finance,Small,9400.0,3,21.7,Europe,30,0,0.0273,0,2820.0,0.13215859030837004,7.5,0
LEAD2172,Website,Education,Large,15400.0,6,9.3,North America,44,1,0.5894,0,6776.0,0.5825242718446602,6.285714285714286,0
LEAD2173,Website,Finance,Small,7100.0,5,9.7,North America,46,1,0.5658,1,3266.0,0.4672897196261683,7.666666666666667,0
LEAD2174,LinkedIn,Retail,Large,3100.0,3,7.2,North America,49,0,0.187,0,1519.0,0.3658536585365854,12.25,0
LEAD2175,Website,Tech,Medium,32200.0,3,6.1,North America,31,0,0.1838,0,9982.0,0.4225352112676057,7.75,0
LEAD2176,LinkedIn,Finance,Medium,22500.0,8,0.4,Asia-Pacific,19,2,0.6274,0,4275.0,5.714285714285714,2.111111111111111,0
LEAD2177,Website,Manufacturing,Small,10300.0,10,11.8,Europe,58,2,0.5891,1,5974.0,0.78125,5.2727272727272725,0
LEAD2178,Cold Call,Retail,Medium,3000.0,8,17.6,North America,58,0,0.335,0,1740.0,0.4301075268817204,6.444444444444445,0
LEAD2179,Cold Call,Tech,Small,42100.0,3,18.8,Asia-Pacific,67,0,0.1726,0,28207.0,0.15151515151515152,16.75,0
LEAD2180,Email,Healthcare,Small,5700.0,4,11.9,Asia-Pacific,71,2,0.6998,1,4047.0,0.31007751937984496,14.2,0
LEAD2181,Website,Tech,Small,55400.0,5,5.1,Middle East,63,0,0.561,0,34902.0,0.819672131147541,10.5,0
LEAD2182,Website,Finance,Large,15000.0,8,0.4,Europe,57,1,0.934,1,8550.0,5.714285714285714,6.333333333333333,0
LEAD2183,Website,Retail,Medium,10300.0,8,27.2,Europe,73,0,0.7163,1,7519.0,0.28368794326241137,8.11111111111111,0
LEAD2184,Website,Retail,Small,29100.0,6,6.8,North America,83,1,0.8362,1,24153.0,0.7692307692307693,11.857142857142858,0
LEAD2185,Cold Call,Tech,Small,43900.0,3,11.1,North America,41,0,0.0441,0,17999.0,0.24793388429752067,10.25,0
LEAD2186,Referral,Manufacturing,Medium,11300.0,6,2.7,North America,70,2,0.9612,1,7910.0,1.6216216216216215,10.0,0
LEAD2187,LinkedIn,Healthcare,Medium,12500.0,6,1.9,Europe,43,0,0.5919,0,5375.0,2.0689655172413794,6.142857142857143,0
LEAD2188,LinkedIn,Finance,Medium,13400.0,6,1.2,Middle East,59,1,0.9041,1,7906.0,2.727272727272727,8.428571428571429,0
LEAD2189,LinkedIn,Healthcare,Medium,53100.0,6,19.3,North America,76,1,0.8236,0,40356.0,0.29556650246305416,10.857142857142858,0
LEAD2190,Cold Call,Healthcare,Small,25600.0,9,12.6,North America,50,1,0.4513,0,12800.0,0.6617647058823529,5.0,0
LEAD2191,Website,Healthcare,Medium,7700.0,4,11.7,North America,36,0,0.3437,0,2772.0,0.31496062992125984,7.2,0
LEAD2192,LinkedIn,Finance,Small,6100.0,6,30.3,Asia-Pacific,46,1,0.2531,0,2806.0,0.19169329073482427,6.571428571428571,0
LEAD2193,Cold Call,Healthcare,Large,7200.0,3,2.2,North America,36,0,0.145,1,2592.0,0.9375,9.0,0
LEAD2194,Email,Tech,Medium,8100.0,7,2.3,Europe,34,2,0.3159,0,2754.0,2.121212121212121,4.25,0
LEAD2195,Website,Education,Small,7200.0,5,2.6,North America,79,0,0.5534,0,5688.0,1.3888888888888888,13.166666666666666,0
LEAD2196,Email,Healthcare,Small,23500.0,12,6.7,Europe,66,2,0.5996,1,15510.0,1.5584415584415585,5.076923076923077,0
LEAD2197,Email,Tech,Medium,4500.0,9,25.0,North America,41,1,0.2037,0,1845.0,0.34615384615384615,4.1,0
LEAD2198,LinkedIn,Retail,Small,11800.0,5,25.7,Europe,35,0,0.0538,0,4130.0,0.18726591760299627,5.833333333333333,0
LEAD2199,Email,Manufacturing,Small,21600.0,5,10.8,North America,37,0,0.2627,0,7992.0,0.423728813559322,6.166666666666667,0
LEAD2200,Email,Manufacturing,Medium,8900.0,6,13.0,Asia-Pacific,41,2,0.2658,1,3649.0,0.42857142857142855,5.857142857142857,0
LEAD2201,Referral,Finance,Small,3400.0,6,27.5,Europe,78,0,0.6895,1,2652.0,0.21052631578947367,11.142857142857142,0
LEAD2202,Website,Tech,Medium,3700.0,5,11.8,Asia-Pacific,53,1,0.6525,0,1961.0,0.390625,8.833333333333334,0
LEAD2203,Email,Healthcare,Small,4700.0,9,3.2,Europe,98,0,0.9034,1,4606.0,2.142857142857143,9.8,0
LEAD2204,Website,Tech,Medium,38100.0,8,14.7,North America,54,2,0.8234,1,20574.0,0.5095541401273885,6.0,0
LEAD2205,Cold Call,Manufacturing,Small,23500.0,8,17.7,North America,43,1,0.2553,0,10105.0,0.42780748663101603,4.777777777777778,0
LEAD2206,LinkedIn,Tech,Small,3300.0,3,12.2,Europe,74,2,0.5122,1,2442.0,0.2272727272727273,18.5,0
LEAD2207,Website,Tech,Large,11900.0,7,3.9,Europe,22,2,0.5512,0,2618.0,1.4285714285714284,2.75,0
LEAD2208,LinkedIn,Finance,Medium,8500.0,8,6.2,Europe,59,1,0.675,1,5015.0,1.1111111111111112,6.555555555555555,0
LEAD2209,Website,Finance,Small,19300.0,4,7.7,Asia-Pacific,31,0,0.1337,0,5983.0,0.4597701149425288,6.2,0
LEAD2210,LinkedIn,Retail,Small,16800.0,6,2.0,Asia-Pacific,11,0,0.2474,0,1848.0,2.0,1.5714285714285714,0
LEAD2211,LinkedIn,Finance,Medium,15100.0,4,7.3,Asia-Pacific,53,0,0.4633,1,8003.0,0.48192771084337344,10.6,0
LEAD2212,LinkedIn,Tech,Medium,9600.0,6,2.2,North America,72,0,0.9231,0,6912.0,1.875,10.285714285714286,0
LEAD2213,Website,Tech,Large,5000.0,6,8.4,Europe,59,1,0.8087,0,2950.0,0.6382978723404255,8.428571428571429,0
LEAD2214,Referral,Healthcare,Large,29100.0,7,0.7,North America,57,2,0.9762,1,16587.0,4.11764705882353,7.125,0
LEAD2215,Cold Call,Tech,Medium,44400.0,3,35.7,Asia-Pacific,3,0,0.0158,0,1332.0,0.08174386920980926,0.75,0
LEAD2216,Website,Healthcare,Small,59700.0,10,3.5,North America,52,0,0.8099,1,31044.0,2.2222222222222223,4.7272727272727275,0
LEAD2217,LinkedIn,Healthcare,Small,3200.0,10,7.7,North America,52,1,0.6026,1,1664.0,1.149425287356322,4.7272727272727275,0
LEAD2218,Website,Retail,Medium,28900.0,5,0.5,South America,67,2,0.9334,1,19363.0,3.3333333333333335,11.166666666666666,0
LEAD2219,LinkedIn,Manufacturing,Small,27900.0,5,2.7,Europe,34,0,0.4224,1,9486.0,1.3513513513513513,5.666666666666667,0
LEAD2220,Website,Manufacturing,Small,60800.0,3,14.3,North America,72,0,0.3861,1,43776.0,0.19607843137254902,18.0,0
LEAD2221,Cold Call,Manufacturing,Small,7800.0,4,1.5,North America,45,0,0.1297,1,3510.0,1.6,9.0,0
LEAD2222,Email,Tech,Small,29100.0,11,12.0,Europe,49,0,0.514,1,14259.0,0.8461538461538461,4.083333333333333,0
LEAD2223,Website,Tech,Small,3100.0,10,0.1,South America,66,1,0.9472,1,2046.0,9.09090909090909,6.0,0
LEAD2224,Website,Finance,Small,22000.0,9,7.6,Europe,31,1,0.4727,1,6820.0,1.0465116279069768,3.1,0
LEAD2225,Website,Education,Medium,10600.0,7,15.4,Middle East,71,2,0.7287,1,7526.0,0.426829268292683,8.875,0
LEAD2226,Email,Manufacturing,Small,31300.0,4,31.4,North America,28,2,0.0688,0,8764.0,0.1234567901234568,5.6,0
LEAD2227,Website,Education,Small,41800.0,7,8.2,Europe,68,2,0.6187,1,28424.0,0.7608695652173914,8.5,0
LEAD2228,Email,Tech,Small,11100.0,9,22.1,Asia-Pacific,50,1,0.3858,1,5550.0,0.3896103896103896,5.0,0
LEAD2229,Website,Manufacturing,Medium,16900.0,6,19.6,Europe,52,0,0.406,1,8788.0,0.2912621359223301,7.428571428571429,0
LEAD2230,Website,Finance,Small,4500.0,6,4.3,North America,1,0,0.0967,0,45.0,1.1320754716981132,0.14285714285714285,0
LEAD2231,Cold Call,Tech,Medium,12800.0,3,25.0,Europe,43,1,0.0605,0,5504.0,0.11538461538461539,10.75,0
LEAD2232,Website,Finance,Large,11000.0,4,12.4,Europe,51,2,0.7651,1,5610.0,0.29850746268656714,10.2,0
LEAD2233,LinkedIn,Tech,Small,6000.0,9,1.4,Asia-Pacific,86,1,0.9435,1,5160.0,3.75,8.6,1
LEAD2234,LinkedIn,Healthcare,Small,47000.0,12,33.7,Asia-Pacific,54,2,0.4147,0,25380.0,0.34582132564841495,4.153846153846154,0
LEAD2235,Cold Call,Finance,Small,5200.0,5,2.4,Asia-Pacific,42,0,0.0967,0,2184.0,1.4705882352941178,7.0,0
LEAD2236,Email,Finance,Large,22200.0,6,7.7,Asia-Pacific,72,0,0.6015,1,15984.0,0.6896551724137931,10.285714285714286,0
LEAD2237,LinkedIn,Healthcare,Medium,46200.0,5,7.6,North America,45,1,0.504,0,20790.0,0.5813953488372093,7.5,0
LEAD2238,Website,Education,Large,50600.0,4,11.9,Europe,76,2,0.8688,1,38456.0,0.31007751937984496,15.2,0
LEAD2239,Website,Retail,Small,33500.0,4,13.2,Asia-Pacific,60,1,0.7017,1,20100.0,0.28169014084507044,12.0,0
LEAD2240,Website,Finance,Large,5900.0,6,3.3,Middle East,37,0,0.6076,0,2183.0,1.3953488372093024,5.285714285714286,0
LEAD2241,LinkedIn,Education,Small,36000.0,5,5.3,North America,74,0,0.665,1,26640.0,0.7936507936507937,12.333333333333334,0
LEAD2242,Website,Manufacturing,Small,8500.0,6,2.0,Europe,67,0,0.8884,1,5695.0,2.0,9.571428571428571,0
LEAD2243,Email,Tech,Large,53100.0,6,1.7,North America,73,0,0.849,0,38763.0,2.222222222222222,10.428571428571429,0
LEAD2244,Referral,Healthcare,Large,26700.0,3,21.0,North America,51,0,0.5928,0,13617.0,0.13636363636363635,12.75,0
LEAD2245,LinkedIn,Tech,Small,32800.0,2,16.8,Europe,67,1,0.3961,0,21976.0,0.11235955056179775,22.333333333333332,0
LEAD2246,Email,Tech,Small,3800.0,2,7.1,Europe,93,1,0.5903,1,3534.0,0.2469135802469136,31.0,0
LEAD2247,Website,Retail,Small,19500.0,2,1.3,North America,58,1,0.6383,1,11310.0,0.8695652173913044,19.333333333333332,0
LEAD2248,LinkedIn,Education,Small,36400.0,5,7.3,Asia-Pacific,47,1,0.3544,0,17108.0,0.6024096385542168,7.833333333333333,0
LEAD2249,Email,Tech,Small,41600.0,8,4.3,Asia-Pacific,86,1,0.8294,1,35776.0,1.509433962264151,9.555555555555555,0
LEAD2250,Website,Education,Large,2600.0,3,18.2,Middle East,68,0,0.3146,1,1768.0,0.15625,17.0,0
LEAD2251,Website,Education,Medium,58000.0,3,1.3,North America,46,0,0.2685,0,26680.0,1.3043478260869565,11.5,0
LEAD2252,LinkedIn,Manufacturing,Medium,2900.0,8,7.3,Europe,90,0,0.8342,1,2610.0,0.9638554216867469,10.0,0
LEAD2253,Cold Call,Tech,Medium,21100.0,2,10.8,Europe,31,0,0.0639,0,6541.0,0.1694915254237288,10.333333333333334,0
LEAD2254,LinkedIn,Manufacturing,Medium,25600.0,7,48.0,North America,66,0,0.4637,0,16896.0,0.14285714285714285,8.25,0
LEAD2255,LinkedIn,Finance,Medium,4300.0,8,1.2,Europe,78,0,0.9438,1,3354.0,3.6363636363636362,8.666666666666666,1
LEAD2256,Email,Healthcare,Medium,3000.0,4,1.6,Asia-Pacific,76,0,0.7651,1,2280.0,1.5384615384615383,15.2,1
LEAD2257,Email,Tech,Small,32700.0,6,48.0,North America,37,1,0.1363,0,12099.0,0.12244897959183673,5.285714285714286,0
LEAD2258,Email,Tech,Medium,11700.0,8,6.3,Middle East,30,3,0.483,1,3510.0,1.095890410958904,3.3333333333333335,0
LEAD2259,Website,Retail,Medium,4300.0,7,16.4,Asia-Pacific,60,2,0.6036,0,2580.0,0.40229885057471265,7.5,0
LEAD2260,Email,Finance,Medium,30800.0,12,18.5,Asia-Pacific,69,1,0.7554,0,21252.0,0.6153846153846154,5.3076923076923075,0
LEAD2261,LinkedIn,Tech,Large,39800.0,5,4.6,Asia-Pacific,33,1,0.5379,0,13134.0,0.8928571428571429,5.5,0
LEAD2262,Cold Call,Tech,Small,19700.0,10,3.0,North America,61,2,0.5865,0,12017.0,2.5,5.545454545454546,0
LEAD2263,LinkedIn,Retail,Medium,5500.0,10,4.0,Asia-Pacific,26,1,0.5567,1,1430.0,2.0,2.3636363636363638,0
LEAD2264,Email,Tech,Small,2300.0,8,17.4,North America,76,1,0.859,1,1748.0,0.4347826086956522,8.444444444444445,0
LEAD2265,Cold Call,Education,Medium,26100.0,6,22.1,South America,44,1,0.1723,0,11484.0,0.2597402597402597,6.285714285714286,0
LEAD2266,Cold Call,Tech,Small,18000.0,4,14.5,North America,52,0,0.2213,0,9360.0,0.25806451612903225,10.4,0
LEAD2267,Email,Tech,Small,23000.0,5,7.1,North America,72,0,0.6107,0,16560.0,0.617283950617284,12.0,0
LEAD2268,Cold Call,Finance,Small,35600.0,7,3.8,Europe,70,0,0.465,0,24920.0,1.4583333333333335,8.75,0
LEAD2269,Website,Finance,Medium,13400.0,5,6.7,North America,64,0,0.6457,1,8576.0,0.6493506493506493,10.666666666666666,0
LEAD2270,Email,Finance,Small,4700.0,5,29.6,Europe,76,1,0.5562,1,3572.0,0.16339869281045752,12.666666666666666,0
LEAD2271,Website,Finance,Large,58300.0,8,24.0,Europe,63,2,0.854,1,36729.0,0.32,7.0,0
LEAD2272,Email,Manufacturing,Small,17800.0,3,4.8,South America,84,2,0.3614,0,14952.0,0.5172413793103449,21.0,0
LEAD2273,Email,Healthcare,Large,21100.0,3,4.9,Europe,21,0,0.1888,0,4431.0,0.5084745762711864,5.25,0
LEAD2274,Cold Call,Tech,Medium,56200.0,6,18.3,North America,54,2,0.2968,0,30348.0,0.31088082901554404,7.714285714285714,0
LEAD2275,Referral,Finance,Small,55600.0,6,6.8,North America,53,1,0.8682,0,29468.0,0.7692307692307693,7.571428571428571,0
LEAD2276,Cold Call,Education,Small,19000.0,4,10.3,Europe,51,0,0.1225,0,9690.0,0.35398230088495575,10.2,0
LEAD2277,Cold Call,Finance,Medium,9100.0,5,6.7,Europe,65,1,0.3009,0,5915.0,0.6493506493506493,10.833333333333334,0
LEAD2278,Email,Tech,Medium,119000.0,7,3.4,Asia-Pacific,59,0,0.7192,1,70210.0,1.5909090909090908,7.375,0
LEAD2279,Cold Call,Retail,Medium,24800.0,5,2.6,North America,71,0,0.529,1,17608.0,1.3888888888888888,11.833333333333334,0
LEAD2280,Website,Healthcare,Small,12500.0,2,1.9,North America,31,1,0.1565,0,3875.0,0.6896551724137931,10.333333333333334,0
LEAD2281,Website,Healthcare,Small,18400.0,3,0.2,North America,100,1,0.932,1,18400.0,2.5,25.0,1
LEAD2282,Email,Tech,Large,12800.0,4,4.1,North America,47,0,0.4975,1,6016.0,0.7843137254901962,9.4,0
LEAD2283,Email,Tech,Small,45800.0,10,2.4,North America,61,2,0.7803,1,27938.0,2.9411764705882355,5.545454545454546,0
LEAD2284,Website,Healthcare,Small,15200.0,4,3.7,Asia-Pacific,51,1,0.7495,0,7752.0,0.851063829787234,10.2,0
LEAD2285,Website,Tech,Small,36700.0,6,1.0,North America,57,0,0.8478,1,20919.0,3.0,8.142857142857142,0
LEAD2286,Website,Healthcare,Medium,38700.0,4,5.1,Europe,44,1,0.7402,1,17028.0,0.6557377049180328,8.8,0
LEAD2287,Referral,Healthcare,Medium,36800.0,3,8.9,Europe,59,1,0.6157,0,21712.0,0.30303030303030304,14.75,0
LEAD2288,Website,Tech,Small,27600.0,6,34.8,North America,67,1,0.5731,0,18492.0,0.1675977653631285,9.571428571428571,0
LEAD2289,Email,Manufacturing,Small,40600.0,7,5.2,Asia-Pacific,7,1,0.1603,0,2842.0,1.129032258064516,0.875,0
LEAD2290,Website,Education,Small,11800.0,5,0.5,Europe,48,0,0.6819,0,5664.0,3.3333333333333335,8.0,0
LEAD2291,Cold Call,Retail,Small,4400.0,10,5.5,Europe,48,1,0.0921,1,2112.0,1.5384615384615385,4.363636363636363,0
LEAD2292,Website,Tech,Small,39000.0,11,20.5,Asia-Pacific,100,1,0.8962,1,39000.0,0.5116279069767442,8.333333333333334,0
LEAD2293,Website,Tech,Large,15800.0,6,5.1,North America,72,1,0.8617,1,11376.0,0.9836065573770493,10.285714285714286,0
LEAD2294,Email,Finance,Small,4700.0,6,4.2,South America,85,0,0.7733,1,3995.0,1.1538461538461537,12.142857142857142,0
LEAD2295,Website,Tech,Small,4500.0,4,30.3,Europe,66,1,0.4693,1,2970.0,0.12779552715654952,13.2,0
LEAD2296,Website,Manufacturing,Large,5500.0,7,4.3,Europe,57,2,0.7385,1,3135.0,1.3207547169811322,7.125,0
LEAD2297,Website,Tech,Small,29800.0,7,42.3,South America,62,1,0.5688,1,18476.0,0.16166281755196307,7.75,0
LEAD2298,Website,Finance,Medium,26800.0,4,21.6,Asia-Pacific,77,2,0.8841,1,20636.0,0.17699115044247787,15.4,0
LEAD2299,Website,Finance,Small,6600.0,6,13.9,Europe,90,0,0.8617,1,5940.0,0.40268456375838924,12.857142857142858,0
LEAD2300,Website,Healthcare,Small,39500.0,8,11.0,Asia-Pacific,61,0,0.7813,1,24095.0,0.6666666666666666,6.777777777777778,0
LEAD2301,LinkedIn,Tech,Large,8600.0,7,3.2,Europe,43,0,0.7451,1,3698.0,1.6666666666666665,5.375,0
LEAD2302,Email,Finance,Medium,33500.0,8,15.8,Europe,73,1,0.7637,1,24455.0,0.47619047619047616,8.11111111111111,0
LEAD2303,Email,Tech,Small,15400.0,4,5.2,North America,38,2,0.3094,1,5852.0,0.6451612903225806,7.6,0
LEAD2304,Website,Education,Medium,28300.0,8,8.1,North America,63,2,0.8028,1,17829.0,0.8791208791208791,7.0,0
LEAD2305,Referral,Tech,Large,11600.0,6,1.4,Asia-Pacific,69,0,0.9558,1,8004.0,2.5,9.857142857142858,0
LEAD2306,Email,Manufacturing,Small,10500.0,9,4.3,North America,53,1,0.5414,0,5565.0,1.6981132075471699,5.3,0
LEAD2307,Website,Education,Medium,38800.0,9,9.1,North America,37,3,0.352,0,14356.0,0.8910891089108911,3.7,0
LEAD2308,Cold Call,Tech,Large,2700.0,8,7.7,Asia-Pacific,46,0,0.4185,1,1242.0,0.9195402298850576,5.111111111111111,0
LEAD2309,Website,Retail,Small,75600.0,7,5.2,North America,49,1,0.3811,0,37044.0,1.129032258064516,6.125,0
LEAD2310,Website,Tech,Medium,22900.0,7,7.8,North America,34,2,0.4467,0,7786.0,0.7954545454545454,4.25,0
LEAD2311,Email,Manufacturing,Medium,13300.0,7,16.5,Europe,47,2,0.4347,1,6251.0,0.4,5.875,0
LEAD2312,LinkedIn,Healthcare,Medium,21800.0,13,7.5,Europe,26,0,0.3734,0,5668.0,1.5294117647058822,1.8571428571428572,0
LEAD2313,Email,Finance,Small,4600.0,6,8.6,Asia-Pacific,67,0,0.5995,1,3082.0,0.625,9.571428571428571,0
LEAD2314,Cold Call,Finance,Small,16400.0,8,14.6,Europe,62,1,0.312,0,10168.0,0.5128205128205129,6.888888888888889,0
LEAD2315,Referral,Tech,Medium,86100.0,5,22.2,Europe,60,2,0.8938,1,51660.0,0.21551724137931036,10.0,0
LEAD2316,Website,Manufacturing,Small,7400.0,7,9.1,Asia-Pacific,47,1,0.2519,0,3478.0,0.6930693069306931,5.875,0
LEAD2317,Website,Tech,Small,27600.0,7,35.6,Europe,50,1,0.4515,0,13800.0,0.1912568306010929,6.25,0
LEAD2318,Email,Retail,Small,13400.0,7,5.3,Europe,38,2,0.24,0,5092.0,1.1111111111111112,4.75,0
LEAD2319,Email,Finance,Small,23100.0,3,3.6,South America,65,0,0.2804,0,15015.0,0.6521739130434783,16.25,0
LEAD2320,Email,Manufacturing,Large,6600.0,5,14.3,Europe,28,1,0.403,0,1848.0,0.32679738562091504,4.666666666666667,0
LEAD2321,LinkedIn,Tech,Small,14700.0,5,2.4,North America,57,0,0.769,1,8379.0,1.4705882352941178,9.5,0
LEAD2322,Cold Call,Healthcare,Large,80300.0,3,27.7,North America,42,0,0.0656,0,33726.0,0.10452961672473868,10.5,0
LEAD2323,Cold Call,Finance,Small,6300.0,7,6.0,Europe,90,0,0.6111,0,5670.0,1.0,11.25,0
LEAD2324,Website,Retail,Medium,22200.0,7,14.5,North America,66,0,0.6697,1,14652.0,0.45161290322580644,8.25,0
LEAD2325,LinkedIn,Tech,Small,19100.0,3,10.2,Europe,55,2,0.4264,0,10505.0,0.26785714285714285,13.75,0
LEAD2326,Referral,Tech,Medium,18700.0,6,0.8,Asia-Pacific,33,0,0.8991,1,6171.0,3.333333333333333,4.714285714285714,0
LEAD2327,LinkedIn,Tech,Medium,21100.0,5,14.9,Europe,28,0,0.2385,1,5908.0,0.31446540880503143,4.666666666666667,0
LEAD2328,Website,Retail,Small,16000.0,5,18.8,North America,65,1,0.6998,1,10400.0,0.25252525252525254,10.833333333333334,0
LEAD2329,Cold Call,Tech,Large,2300.0,6,48.0,Asia-Pacific,91,1,0.5574,1,2093.0,0.12244897959183673,13.0,0
LEAD2330,Website,Healthcare,Small,48100.0,9,6.6,North America,63,1,0.701,1,30303.0,1.1842105263157896,6.3,0
LEAD2331,Website,Tech,Medium,37100.0,6,8.5,Asia-Pacific,59,1,0.6531,0,21889.0,0.631578947368421,8.428571428571429,0
LEAD2332,Website,Education,Large,5800.0,6,25.0,Europe,59,0,0.4401,0,3422.0,0.23076923076923078,8.428571428571429,0
LEAD2333,Cold Call,Manufacturing,Large,12700.0,7,3.9,North America,57,0,0.4169,1,7239.0,1.4285714285714284,7.125,0
LEAD2334,Cold Call,Healthcare,Large,31400.0,5,2.6,South America,59,0,0.3822,0,18526.0,1.3888888888888888,9.833333333333334,0
LEAD2335,Website,Finance,Small,80300.0,9,1.8,North America,41,2,0.815,1,32923.0,3.2142857142857144,4.1,0
LEAD2336,Email,Tech,Small,62400.0,5,46.0,Middle East,36,1,0.2992,1,22464.0,0.10638297872340426,6.0,0
LEAD2337,Email,Tech,Small,47900.0,4,3.9,North America,57,0,0.4988,0,27303.0,0.8163265306122448,11.4,0
LEAD2338,Email,Tech,Medium,5400.0,10,17.1,North America,85,0,0.7961,0,4590.0,0.5524861878453038,7.7272727272727275,0
LEAD2339,Website,Retail,Medium,51200.0,7,7.3,North America,71,1,0.8935,1,36352.0,0.8433734939759036,8.875,0
LEAD2340,Email,Healthcare,Small,44100.0,2,3.4,North America,30,0,0.106,0,13230.0,0.45454545454545453,10.0,0
LEAD2341,LinkedIn,Manufacturing,Medium,11500.0,7,29.4,Asia-Pacific,50,1,0.5529,1,5750.0,0.23026315789473686,6.25,0
LEAD2342,Website,Finance,Small,12000.0,7,7.6,Asia-Pacific,70,0,0.6239,1,8400.0,0.813953488372093,8.75,0
LEAD2343,Website,Retail,Small,14300.0,3,10.1,Asia-Pacific,85,0,0.5126,1,12155.0,0.2702702702702703,21.25,0
LEAD2344,Email,Finance,Medium,23400.0,7,3.1,North America,91,2,0.8494,1,21294.0,1.707317073170732,11.375,0
LEAD2345,Referral,Healthcare,Small,8000.0,7,4.8,Europe,51,0,0.515,1,4080.0,1.206896551724138,6.375,0
LEAD2346,Cold Call,Tech,Medium,2500.0,4,16.6,Asia-Pacific,71,1,0.3832,1,1775.0,0.22727272727272727,14.2,0
LEAD2347,Cold Call,Finance,Small,5000.0,6,5.1,Europe,60,0,0.2887,1,3000.0,0.9836065573770493,8.571428571428571,0
LEAD2348,Email,Finance,Medium,13600.0,4,8.6,Asia-Pacific,53,1,0.7589,0,7208.0,0.4166666666666667,10.6,0
LEAD2349,Email,Retail,Small,8600.0,10,1.6,Europe,56,0,0.811,1,4816.0,3.846153846153846,5.090909090909091,0
LEAD2350,Website,Manufacturing,Small,30900.0,7,22.9,North America,56,0,0.5001,0,17304.0,0.29288702928870297,7.0,0
LEAD2351,Cold Call,Finance,Medium,4300.0,6,16.2,Asia-Pacific,79,0,0.4068,0,3397.0,0.3488372093023256,11.285714285714286,0
LEAD2352,LinkedIn,Tech,Large,51900.0,10,17.3,Asia-Pacific,27,2,0.4983,1,14013.0,0.5464480874316939,2.4545454545454546,0
LEAD2353,Cold Call,Finance,Small,47100.0,7,2.5,Asia-Pacific,64,2,0.6794,1,30144.0,2.0,8.0,0
LEAD2354,LinkedIn,Healthcare,Small,49900.0,6,8.3,North America,86,0,0.7236,1,42914.0,0.6451612903225806,12.285714285714286,0
LEAD2355,Cold Call,Tech,Medium,28900.0,6,0.4,North America,84,0,0.8187,0,24276.0,4.285714285714286,12.0,1
LEAD2356,Website,Retail,Small,4300.0,5,4.6,North America,66,1,0.6653,0,2838.0,0.8928571428571429,11.0,0
LEAD2357,LinkedIn,Manufacturing,Medium,13500.0,4,5.2,North America,40,1,0.4938,0,5400.0,0.6451612903225806,8.0,0
LEAD2358,Website,Manufacturing,Medium,4800.0,6,29.5,North America,71,1,0.5144,0,3408.0,0.19672131147540983,10.142857142857142,0
LEAD2359,Email,Tech,Small,90000.0,4,48.0,Asia-Pacific,81,1,0.6339,1,72900.0,0.08163265306122448,16.2,0
LEAD2360,Website,Education,Small,10100.0,8,11.6,Europe,45,1,0.4156,0,4545.0,0.6349206349206349,5.0,0
LEAD2361,Website,Retail,Medium,19600.0,6,8.8,Europe,62,0,0.5479,1,12152.0,0.6122448979591836,8.857142857142858,0
LEAD2362,Email,Finance,Small,32200.0,5,7.1,North America,51,0,0.2693,1,16422.0,0.617283950617284,8.5,0
LEAD2363,Website,Healthcare,Medium,52700.0,9,0.3,South America,43,2,0.8048,1,22661.0,6.9230769230769225,4.3,0
LEAD2364,Email,Education,Small,30200.0,4,19.4,North America,49,1,0.3624,1,14798.0,0.19607843137254904,9.8,0
LEAD2365,Email,Finance,Medium,24400.0,5,13.5,Asia-Pacific,58,2,0.5712,0,14152.0,0.3448275862068966,9.666666666666666,0
LEAD2366,Website,Finance,Small,14500.0,4,12.7,Middle East,37,1,0.3108,1,5365.0,0.29197080291970806,7.4,0
LEAD2367,Website,Finance,Medium,20600.0,8,20.0,Asia-Pacific,33,1,0.4534,1,6798.0,0.38095238095238093,3.6666666666666665,0
LEAD2368,Email,Healthcare,Small,4000.0,4,31.7,Middle East,37,1,0.0818,0,1480.0,0.12232415902140671,7.4,0
LEAD2369,Website,Tech,Small,45100.0,10,6.0,Asia-Pacific,62,0,0.687,1,27962.0,1.4285714285714286,5.636363636363637,0
LEAD2370,Cold Call,Manufacturing,Medium,17700.0,4,6.8,North America,26,0,0.1438,0,4602.0,0.5128205128205129,5.2,0
LEAD2371,Cold Call,Retail,Small,2800.0,4,44.4,North America,11,2,0.0145,0,308.0,0.0881057268722467,2.2,0
LEAD2372,LinkedIn,Healthcare,Small,52500.0,4,13.2,North America,82,0,0.8004,1,43050.0,0.28169014084507044,16.4,0
LEAD2373,Cold Call,Tech,Small,15400.0,4,23.0,North America,35,0,0.2137,1,5390.0,0.16666666666666666,7.0,0
LEAD2374,Email,Healthcare,Small,42600.0,7,3.1,Asia-Pacific,51,1,0.6312,0,21726.0,1.707317073170732,6.375,0
LEAD2375,Cold Call,Tech,Large,40900.0,9,4.7,North America,73,1,0.6661,1,29857.0,1.5789473684210527,7.3,0
LEAD2376,Website,Tech,Medium,35800.0,1,6.1,Asia-Pacific,26,0,0.1811,0,9308.0,0.14084507042253522,13.0,0
LEAD2377,Website,Healthcare,Small,3300.0,4,4.7,North America,26,1,0.2588,0,858.0,0.7017543859649122,5.2,0
LEAD2378,LinkedIn,Finance,Medium,7700.0,8,26.0,Europe,42,0,0.5205,0,3234.0,0.2962962962962963,4.666666666666667,0
LEAD2379,Email,Healthcare,Medium,43700.0,4,8.7,Middle East,74,2,0.5761,1,32338.0,0.4123711340206186,14.8,0
LEAD2380,LinkedIn,Tech,Large,47900.0,8,37.0,North America,55,2,0.7932,1,26345.0,0.21052631578947367,6.111111111111111,0
LEAD2381,LinkedIn,Finance,Small,14300.0,3,4.8,Asia-Pacific,55,2,0.1748,0,7865.0,0.5172413793103449,13.75,0
LEAD2382,LinkedIn,Tech,Medium,13600.0,7,0.6,Asia-Pacific,49,2,0.8807,1,6664.0,4.375,6.125,0
LEAD2383,LinkedIn,Manufacturing,Medium,5900.0,5,1.9,North America,66,1,0.7566,1,3894.0,1.7241379310344829,11.0,0
LEAD2384,Email,Healthcare,Small,71100.0,6,3.0,Europe,84,2,0.9366,1,59724.0,1.5,12.0,0
LEAD2385,Website,Retail,Small,6800.0,4,12.4,North America,100,0,0.8648,1,6800.0,0.29850746268656714,20.0,0
LEAD2386,Email,Finance,Small,6200.0,7,2.5,Asia-Pacific,52,0,0.5312,1,3224.0,2.0,6.5,0
LEAD2387,Email,Tech,Medium,23600.0,7,5.9,Europe,86,1,0.7659,1,20296.0,1.0144927536231882,10.75,0
LEAD2388,Cold Call,Manufacturing,Small,7600.0,8,19.1,Europe,75,2,0.6758,0,5700.0,0.3980099502487562,8.333333333333334,0
LEAD2389,Cold Call,Tech,Large,57900.0,4,1.7,Asia-Pacific,60,1,0.8901,1,34740.0,1.4814814814814814,12.0,0
LEAD2390,Cold Call,Finance,Small,2200.0,3,1.1,North America,11,0,0.0548,1,242.0,1.4285714285714286,2.75,0
LEAD2391,Email,Healthcare,Medium,2100.0,9,9.4,Asia-Pacific,47,2,0.3607,0,987.0,0.8653846153846153,4.7,0
LEAD2392,Website,Tech,Large,16100.0,3,14.5,South America,48,1,0.447,1,7728.0,0.1935483870967742,12.0,0
LEAD2393,Email,Education,Medium,15400.0,9,29.1,South America,62,1,0.3079,1,9548.0,0.2990033222591362,6.2,0
LEAD2394,Website,Healthcare,Large,5600.0,5,13.1,Asia-Pacific,51,1,0.5951,0,2856.0,0.3546099290780142,8.5,0
LEAD2395,LinkedIn,Tech,Medium,15600.0,8,35.2,Europe,44,1,0.5212,1,6864.0,0.22099447513812154,4.888888888888889,0
LEAD2396,Website,Tech,Small,12600.0,5,3.5,Middle East,96,0,0.9415,1,12096.0,1.1111111111111112,16.0,0
LEAD2397,Website,Tech,Medium,46200.0,8,5.1,North America,81,0,0.918,1,37422.0,1.3114754098360657,9.0,0
LEAD2398,Website,Education,Small,2200.0,4,22.0,Europe,15,2,0.062,0,330.0,0.17391304347826086,3.0,0
LEAD2399,Cold Call,Retail,Medium,76800.0,6,20.1,North America,49,0,0.2438,0,37632.0,0.2843601895734597,7.0,0
LEAD2400,Cold Call,Tech,Small,21600.0,7,13.2,Middle East,68,1,0.4892,0,14688.0,0.49295774647887325,8.5,0
LEAD2401,Website,Tech,Medium,5300.0,9,8.6,Asia-Pacific,82,0,0.9061,1,4346.0,0.9375,8.2,0
LEAD2402,Website,Retail,Medium,3000.0,8,0.3,Asia-Pacific,47,2,0.8561,1,1410.0,6.153846153846153,5.222222222222222,0
LEAD2403,Email,Healthcare,Small,17400.0,6,4.0,North America,51,1,0.6286,1,8874.0,1.2,7.285714285714286,0
LEAD2404,Website,Finance,Small,7400.0,10,2.2,Asia-Pacific,57,1,0.7926,0,4218.0,3.125,5.181818181818182,0
LEAD2405,Cold Call,Finance,Large,9200.0,7,0.7,Asia-Pacific,68,0,0.7404,1,6256.0,4.11764705882353,8.5,0
LEAD2406,Cold Call,Tech,Small,7600.0,10,18.1,Asia-Pacific,24,0,0.268,0,1824.0,0.5235602094240838,2.1818181818181817,0
LEAD2407,Email,Retail,Small,23000.0,7,1.8,North America,15,1,0.3335,0,3450.0,2.5,1.875,0
LEAD2408,Website,Manufacturing,Small,18100.0,10,5.4,Europe,80,0,0.8157,1,14480.0,1.5625,7.2727272727272725,0
LEAD2409,Referral,Tech,Large,3600.0,6,45.6,North America,35,1,0.6503,0,1260.0,0.12875536480686695,5.0,0
LEAD2410,Email,Healthcare,Large,17000.0,9,6.4,Europe,97,1,0.926,1,16490.0,1.2162162162162162,9.7,0
LEAD2411,Cold Call,Finance,Medium,33300.0,5,1.9,North America,38,1,0.3848,0,12654.0,1.7241379310344829,6.333333333333333,0
LEAD2412,Website,Finance,Large,3700.0,6,14.1,North America,51,0,0.6715,0,1887.0,0.3973509933774835,7.285714285714286,0
LEAD2413,Email,Tech,Small,46100.0,1,20.0,North America,62,1,0.2986,1,28582.0,0.047619047619047616,31.0,0
LEAD2414,Website,Education,Large,19300.0,3,4.0,North America,12,1,0.1833,0,2316.0,0.6,3.0,0
LEAD2415,Email,Finance,Small,62200.0,3,20.0,North America,100,0,0.4803,1,62200.0,0.14285714285714285,25.0,0
LEAD2416,Referral,Healthcare,Small,5200.0,3,3.9,South America,47,1,0.6869,1,2444.0,0.6122448979591836,11.75,0
LEAD2417,Email,Finance,Small,102900.0,3,14.3,Europe,38,0,0.202,0,39102.0,0.19607843137254902,9.5,0
LEAD2418,Website,Tech,Medium,22700.0,3,1.7,North America,32,0,0.4046,1,7264.0,1.111111111111111,8.0,0
LEAD2419,Website,Tech,Medium,18800.0,3,6.8,Europe,62,0,0.4389,0,11656.0,0.38461538461538464,15.5,0
LEAD2420,Email,Retail,Small,16500.0,12,8.9,Europe,61,0,0.4818,0,10065.0,1.2121212121212122,4.6923076923076925,0
LEAD2421,Website,Tech,Large,2500.0,7,15.6,South America,32,2,0.4938,1,800.0,0.4216867469879518,4.0,0
LEAD2422,Website,Retail,Small,58100.0,4,12.7,North America,28,1,0.4721,0,16268.0,0.29197080291970806,5.6,0
LEAD2423,LinkedIn,Finance,Small,22700.0,4,23.1,North America,76,0,0.7805,1,17252.0,0.16597510373443983,15.2,0
LEAD2424,Email,Finance,Small,3900.0,6,2.5,Middle East,42,0,0.2211,0,1638.0,1.7142857142857142,6.0,0
LEAD2425,Website,Finance,Medium,2400.0,6,13.1,North America,21,1,0.217,1,504.0,0.425531914893617,3.0,0
LEAD2426,LinkedIn,Finance,Medium,3000.0,3,1.7,North America,52,1,0.5091,0,1560.0,1.111111111111111,13.0,0
LEAD2427,Website,Tech,Small,20800.0,6,7.9,North America,47,0,0.3374,0,9776.0,0.6741573033707865,6.714285714285714,0
LEAD2428,Referral,Finance,Medium,21000.0,8,9.0,North America,94,0,0.9775,1,19740.0,0.8,10.444444444444445,0
LEAD2429,Website,Retail,Small,15800.0,7,0.4,Middle East,45,2,0.7162,1,7110.0,5.0,5.625,0
LEAD2430,LinkedIn,Retail,Medium,9300.0,4,1.0,North America,49,0,0.7748,1,4557.0,2.0,9.8,0
LEAD2431,Cold Call,Tech,Large,17200.0,7,22.0,South America,59,0,0.3988,1,10148.0,0.30434782608695654,7.375,0
LEAD2432,LinkedIn,Finance,Small,16500.0,2,4.2,Middle East,44,0,0.1712,0,7260.0,0.3846153846153846,14.666666666666666,0
LEAD2433,Referral,Tech,Large,2400.0,12,5.2,Europe,64,1,0.8801,1,1536.0,1.9354838709677418,4.923076923076923,0
LEAD2434,Website,Tech,Medium,8600.0,5,12.4,North America,35,1,0.4372,1,3010.0,0.3731343283582089,5.833333333333333,0
LEAD2435,Referral,Tech,Small,3100.0,6,3.1,North America,50,1,0.827,1,1550.0,1.4634146341463417,7.142857142857143,0
LEAD2436,Email,Education,Large,48100.0,5,2.7,Europe,63,0,0.6783,1,30303.0,1.3513513513513513,10.5,0
LEAD2437,Email,Tech,Small,27800.0,2,6.7,Europe,78,1,0.5729,1,21684.0,0.2597402597402597,26.0,0
LEAD2438,Website,Tech,Small,113000.0,6,0.8,Europe,43,0,0.7255,0,48590.0,3.333333333333333,6.142857142857143,0
LEAD2439,Email,Tech,Small,9200.0,7,30.0,Europe,43,1,0.2079,0,3956.0,0.22580645161290322,5.375,0
LEAD2440,Website,Tech,Small,44200.0,8,33.9,Middle East,86,1,0.9126,1,38012.0,0.22922636103151864,9.555555555555555,0
LEAD2441,Email,Healthcare,Medium,20500.0,7,7.2,Europe,44,2,0.5311,1,9020.0,0.853658536585366,5.5,0
LEAD2442,Email,Tech,Medium,14100.0,9,2.9,Asia-Pacific,54,1,0.792,1,7614.0,2.307692307692308,5.4,0
LEAD2443,LinkedIn,Tech,Large,7000.0,5,7.7,South America,89,1,0.8193,1,6230.0,0.574712643678161,14.833333333333334,0
LEAD2444,LinkedIn,Healthcare,Small,28800.0,12,1.4,North America,56,1,0.6847,1,16128.0,5.0,4.3076923076923075,0
LEAD2445,Email,Finance,Small,48900.0,8,6.2,North America,50,0,0.5455,0,24450.0,1.1111111111111112,5.555555555555555,0
LEAD2446,Website,Retail,Small,7400.0,9,1.0,North America,52,1,0.8733,0,3848.0,4.5,5.2,0
LEAD2447,Website,Healthcare,Medium,5900.0,7,14.8,North America,40,0,0.2232,0,2360.0,0.4430379746835443,5.0,0
LEAD2448,Website,Tech,Large,25800.0,8,4.0,Europe,64,1,0.9507,1,16512.0,1.6,7.111111111111111,0
LEAD2449,Website,Retail,Medium,77400.0,3,8.9,North America,37,0,0.1904,0,28638.0,0.30303030303030304,9.25,0
LEAD2450,Website,Tech,Small,29700.0,7,0.3,Europe,71,0,0.8773,1,21087.0,5.384615384615384,8.875,0
LEAD2451,Website,Healthcare,Large,8700.0,4,9.0,Middle East,55,1,0.7851,1,4785.0,0.4,11.0,0
LEAD2452,Referral,Finance,Medium,12900.0,7,0.1,North America,60,1,0.9675,1,7740.0,6.363636363636363,7.5,0
LEAD2453,Email,Tech,Small,11700.0,7,31.2,Europe,90,1,0.6348,1,10530.0,0.21739130434782608,11.25,0
LEAD2454,Website,Healthcare,Medium,40200.0,4,8.4,North America,26,1,0.5153,1,10452.0,0.425531914893617,5.2,0
LEAD2455,Email,Education,Small,31500.0,10,1.4,North America,55,0,0.5139,1,17325.0,4.166666666666667,5.0,0
LEAD2456,Website,Manufacturing,Small,19800.0,4,5.1,Europe,68,2,0.6114,1,13464.0,0.6557377049180328,13.6,0
LEAD2457,Email,Healthcare,Small,8400.0,7,0.7,Middle East,43,0,0.6517,0,3612.0,4.11764705882353,5.375,0
LEAD2458,Cold Call,Finance,Small,57600.0,6,9.2,North America,74,0,0.5697,0,42624.0,0.5882352941176471,10.571428571428571,0
LEAD2459,Email,Tech,Small,23200.0,3,1.7,North America,44,0,0.1957,0,10208.0,1.111111111111111,11.0,0
LEAD2460,Email,Tech,Small,72500.0,7,7.8,North America,61,1,0.5533,1,44225.0,0.7954545454545454,7.625,0
LEAD2461,Referral,Finance,Small,19400.0,7,4.5,North America,53,0,0.7951,1,10282.0,1.2727272727272727,6.625,0
LEAD2462,LinkedIn,Finance,Medium,36400.0,5,17.3,North America,58,0,0.5504,0,21112.0,0.27322404371584696,9.666666666666666,0
LEAD2463,Cold Call,Manufacturing,Large,35500.0,9,8.0,Europe,56,1,0.5964,0,19880.0,1.0,5.6,0
LEAD2464,Email,Finance,Medium,10200.0,3,22.7,North America,54,1,0.2014,1,5508.0,0.12658227848101267,13.5,0
LEAD2465,Cold Call,Finance,Small,68500.0,7,34.1,Europe,46,1,0.1318,0,31510.0,0.19943019943019943,5.75,0
LEAD2466,Website,Finance,Small,2400.0,8,42.0,Europe,42,1,0.436,0,1008.0,0.18604651162790697,4.666666666666667,0
LEAD2467,Email,Education,Small,31300.0,5,3.7,Europe,61,3,0.493,1,19093.0,1.0638297872340425,10.166666666666666,0
LEAD2468,Website,Retail,Small,69400.0,5,17.6,North America,56,2,0.57,0,38864.0,0.26881720430107525,9.333333333333334,0
LEAD2469,Email,Healthcare,Medium,10300.0,8,7.0,Middle East,41,0,0.434,0,4223.0,1.0,4.555555555555555,0
LEAD2470,Email,Finance,Medium,22900.0,6,6.8,North America,62,1,0.4341,1,14198.0,0.7692307692307693,8.857142857142858,0
LEAD2471,Website,Education,Medium,18500.0,2,24.4,Asia-Pacific,46,1,0.1611,0,8510.0,0.07874015748031496,15.333333333333334,0
LEAD2472,Referral,Tech,Medium,30700.0,4,2.0,North America,86,0,0.9816,1,26402.0,1.3333333333333333,17.2,0
LEAD2473,LinkedIn,Education,Small,42200.0,6,7.9,Europe,100,0,0.8593,1,42200.0,0.6741573033707865,14.285714285714286,0
LEAD2474,Cold Call,Healthcare,Small,20500.0,4,10.9,North America,83,1,0.5355,1,17015.0,0.3361344537815126,16.6,0
LEAD2475,Email,Finance,Medium,35800.0,5,0.9,North America,82,1,0.9328,1,29356.0,2.6315789473684212,13.666666666666666,1
LEAD2476,LinkedIn,Finance,Small,9500.0,6,24.1,North America,71,1,0.684,0,6745.0,0.2390438247011952,10.142857142857142,0
LEAD2477,Website,Retail,Small,7200.0,5,4.6,North America,51,0,0.5547,1,3672.0,0.8928571428571429,8.5,0
LEAD2478,LinkedIn,Tech,Small,13300.0,2,12.9,South America,17,2,0.096,0,2261.0,0.14388489208633093,5.666666666666667,0
LEAD2479,Website,Education,Small,24600.0,10,31.7,Asia-Pacific,34,1,0.2064,0,8364.0,0.3058103975535168,3.090909090909091,0
LEAD2480,LinkedIn,Finance,Small,6100.0,4,15.4,North America,41,2,0.4775,1,2501.0,0.24390243902439027,8.2,0
LEAD2481,Website,Finance,Medium,24800.0,11,26.2,Europe,79,0,0.8451,1,19592.0,0.40441176470588236,6.583333333333333,0
LEAD2482,LinkedIn,Tech,Large,12000.0,3,1.0,South America,60,1,0.8724,1,7200.0,1.5,15.0,0
LEAD2483,Referral,Finance,Small,33800.0,3,8.2,Asia-Pacific,42,1,0.5558,1,14196.0,0.32608695652173914,10.5,0
LEAD2484,Website,Finance,Small,2800.0,5,10.1,North America,18,0,0.1369,0,504.0,0.45045045045045046,3.0,0
LEAD2485,Email,Finance,Medium,24100.0,8,14.1,South America,100,0,0.7976,1,24100.0,0.5298013245033113,11.11111111111111,0
LEAD2486,Referral,Retail,Small,23000.0,6,1.6,North America,66,0,0.9441,1,15180.0,2.3076923076923075,9.428571428571429,0
LEAD2487,Email,Finance,Small,58600.0,3,12.9,Europe,73,3,0.6268,1,42778.0,0.2158273381294964,18.25,0
LEAD2488,LinkedIn,Manufacturing,Small,27000.0,7,2.0,Europe,44,1,0.5018,1,11880.0,2.3333333333333335,5.5,0
LEAD2489,Email,Healthcare,Small,33800.0,7,0.9,South America,52,0,0.6786,1,17576.0,3.68421052631579,6.5,0
LEAD2490,Email,Education,Medium,49000.0,5,7.7,Middle East,48,1,0.3933,0,23520.0,0.574712643678161,8.0,0
LEAD2491,Website,Tech,Medium,24500.0,5,11.1,South America,56,1,0.7399,1,13720.0,0.4132231404958678,9.333333333333334,0
LEAD2492,Website,Finance,Small,8900.0,4,38.2,North America,92,0,0.6456,0,8188.0,0.1020408163265306,18.4,0
LEAD2493,LinkedIn,Finance,Small,42800.0,2,14.5,South America,31,3,0.2268,0,13268.0,0.12903225806451613,10.333333333333334,0
LEAD2494,Email,Healthcare,Small,29500.0,6,10.8,North America,54,1,0.3447,1,15930.0,0.5084745762711864,7.714285714285714,0
LEAD2495,Email,Education,Small,13000.0,5,3.0,North America,62,0,0.4423,0,8060.0,1.25,10.333333333333334,0
LEAD2496,Email,Tech,Large,26800.0,3,2.1,Europe,53,1,0.6466,1,14204.0,0.9677419354838709,13.25,0
LEAD2497,Email,Tech,Medium,42500.0,3,11.3,Europe,75,1,0.3505,1,31875.0,0.24390243902439024,18.75,0
LEAD2498,LinkedIn,Education,Medium,76300.0,9,3.1,Europe,20,0,0.4655,0,15260.0,2.1951219512195124,2.0,0
LEAD2499,Referral,Tech,Medium,62900.0,7,14.8,Europe,93,2,0.9649,1,58497.0,0.4430379746835443,11.625,0
LEAD2500,Email,Retail,Medium,9900.0,5,1.6,Middle East,28,1,0.5536,0,2772.0,1.923076923076923,4.666666666666667,0
LEAD2501,LinkedIn,Healthcare,Medium,13000.0,5,5.1,North America,32,1,0.4363,0,4160.0,0.819672131147541,5.333333333333333,0
LEAD2502,LinkedIn,Education,Small,4300.0,4,17.9,North America,46,0,0.1838,0,1978.0,0.21164021164021166,9.2,0
LEAD2503,Email,Tech,Small,7700.0,4,21.4,South America,42,0,0.4032,1,3234.0,0.17857142857142858,8.4,0
LEAD2504,Referral,Tech,Medium,44800.0,6,5.2,North America,63,0,0.8766,1,28224.0,0.9677419354838709,9.0,0
LEAD2505,Website,Healthcare,Small,11000.0,5,2.9,Europe,61,0,0.7182,1,6710.0,1.2820512820512822,10.166666666666666,0
LEAD2506,Website,Manufacturing,Large,21400.0,8,38.2,Asia-Pacific,57,2,0.7468,1,12198.0,0.2040816326530612,6.333333333333333,0
LEAD2507,LinkedIn,Finance,Medium,23900.0,8,17.3,Europe,27,2,0.4204,1,6453.0,0.4371584699453552,3.0,0
LEAD2508,Email,Finance,Large,32400.0,6,19.8,Asia-Pacific,52,0,0.6804,1,16848.0,0.28846153846153844,7.428571428571429,0
LEAD2509,LinkedIn,Healthcare,Small,6000.0,6,3.1,North America,55,1,0.7193,1,3300.0,1.4634146341463417,7.857142857142857,0
LEAD2510,LinkedIn,Manufacturing,Large,9300.0,5,6.7,South America,80,0,0.7148,0,7440.0,0.6493506493506493,13.333333333333334,0
LEAD2511,Website,Education,Small,13900.0,4,0.9,North America,59,0,0.6884,1,8201.0,2.1052631578947367,11.8,0
LEAD2512,LinkedIn,Manufacturing,Large,11100.0,5,1.5,Europe,63,0,0.6554,0,6993.0,2.0,10.5,0
LEAD2513,Email,Tech,Small,83400.0,3,3.1,North America,94,0,0.775,1,78396.0,0.7317073170731708,23.5,0
LEAD2514,Email,Tech,Medium,38000.0,3,4.4,Europe,32,0,0.1303,0,12160.0,0.5555555555555555,8.0,0
LEAD2515,Cold Call,Healthcare,Medium,15100.0,7,48.0,Asia-Pacific,47,0,0.1315,0,7097.0,0.14285714285714285,5.875,0
LEAD2516,LinkedIn,Education,Small,44300.0,8,6.7,Middle East,32,1,0.213,0,14176.0,1.0389610389610389,3.5555555555555554,0
LEAD2517,Website,Tech,Small,10500.0,3,14.5,Asia-Pacific,87,0,0.5431,0,9135.0,0.1935483870967742,21.75,0
LEAD2518,Email,Tech,Large,32800.0,5,28.3,Europe,88,1,0.7015,1,28864.0,0.1706484641638225,14.666666666666666,0
LEAD2519,Cold Call,Retail,Small,7100.0,8,3.5,Middle East,86,2,0.7725,1,6106.0,1.7777777777777777,9.555555555555555,0
LEAD2520,Cold Call,Tech,Medium,31600.0,3,2.0,Europe,66,0,0.2868,0,20856.0,1.0,16.5,0
LEAD2521,Cold Call,Finance,Small,14200.0,7,3.4,Europe,63,1,0.5529,0,8946.0,1.5909090909090908,7.875,0
LEAD2522,Website,Healthcare,Medium,4300.0,6,25.8,Europe,46,0,0.2448,0,1978.0,0.22388059701492538,6.571428571428571,0
LEAD2523,Website,Healthcare,Medium,8400.0,10,13.2,Europe,70,1,0.9146,1,5880.0,0.7042253521126761,6.363636363636363,0
LEAD2524,Email,Retail,Small,12300.0,6,7.3,Asia-Pacific,29,0,0.1467,1,3567.0,0.7228915662650601,4.142857142857143,0
LEAD2525,LinkedIn,Finance,Small,29700.0,4,20.7,North America,29,1,0.4332,1,8613.0,0.18433179723502305,5.8,0
LEAD2526,Website,Healthcare,Medium,3500.0,6,3.3,Europe,47,1,0.6828,1,1645.0,1.3953488372093024,6.714285714285714,0
LEAD2527,Website,Healthcare,Small,23500.0,3,3.4,Asia-Pacific,93,0,0.846,1,21855.0,0.6818181818181818,23.25,0
LEAD2528,Referral,Healthcare,Small,27200.0,16,10.2,South America,45,0,0.6673,1,12240.0,1.4285714285714286,2.6470588235294117,0
LEAD2529,Website,Healthcare,Medium,23200.0,9,18.8,South America,47,1,0.7063,1,10904.0,0.45454545454545453,4.7,0
LEAD2530,Referral,Tech,Small,30600.0,7,3.7,Europe,61,0,0.8693,0,18666.0,1.4893617021276595,7.625,0
LEAD2531,Cold Call,Tech,Small,5900.0,5,2.9,Europe,73,0,0.6983,0,4307.0,1.2820512820512822,12.166666666666666,0
LEAD2532,LinkedIn,Tech,Medium,19700.0,11,7.8,North America,80,1,0.8324,1,15760.0,1.25,6.666666666666667,0
LEAD2533,Website,Tech,Small,58700.0,4,1.8,Europe,33,0,0.7557,0,19371.0,1.4285714285714286,6.6,0
LEAD2534,Website,Healthcare,Small,20900.0,4,16.6,South America,53,0,0.3543,1,11077.0,0.22727272727272727,10.6,0
LEAD2535,Cold Call,Education,Small,20900.0,7,10.4,Middle East,59,1,0.2972,1,12331.0,0.6140350877192983,7.375,0
LEAD2536,LinkedIn,Retail,Medium,28700.0,6,8.7,South America,61,1,0.6138,1,17507.0,0.6185567010309279,8.714285714285714,0
LEAD2537,Cold Call,Retail,Medium,10100.0,7,24.8,North America,72,1,0.3135,0,7272.0,0.2713178294573643,9.0,0
LEAD2538,Website,Finance,Medium,26100.0,6,15.9,South America,71,2,0.81,1,18531.0,0.3550295857988166,10.142857142857142,0
LEAD2539,LinkedIn,Finance,Small,51600.0,7,2.0,Middle East,56,2,0.6838,1,28896.0,2.3333333333333335,7.0,0
LEAD2540,LinkedIn,Finance,Small,2200.0,7,6.6,North America,78,0,0.6256,1,1716.0,0.9210526315789475,9.75,0
LEAD2541,Cold Call,Tech,Small,42800.0,9,4.8,Europe,74,1,0.5732,1,31672.0,1.5517241379310345,7.4,0
LEAD2542,LinkedIn,Tech,Small,6900.0,3,19.5,Asia-Pacific,73,1,0.5455,0,5037.0,0.14634146341463414,18.25,0
LEAD2543,LinkedIn,Healthcare,Large,14200.0,6,15.3,Europe,44,2,0.4721,0,6248.0,0.36809815950920244,6.285714285714286,0
LEAD2544,Cold Call,Manufacturing,Small,40300.0,5,7.8,Middle East,69,2,0.4464,0,27807.0,0.5681818181818181,11.5,0
LEAD2545,Website,Tech,Small,36700.0,3,20.9,Europe,79,1,0.7398,0,28993.0,0.13698630136986303,19.75,0
LEAD2546,Email,Tech,Small,46500.0,7,6.4,Asia-Pacific,45,1,0.4227,1,20925.0,0.9459459459459459,5.625,0
LEAD2547,Website,Retail,Medium,58400.0,8,19.6,Asia-Pacific,58,0,0.599,0,33872.0,0.3883495145631068,6.444444444444445,0
LEAD2548,Email,Tech,Medium,13900.0,7,0.5,Europe,86,0,0.9588,1,11954.0,4.666666666666667,10.75,1
LEAD2549,Email,Education,Medium,23400.0,10,1.8,South America,63,1,0.8018,1,14742.0,3.5714285714285716,5.7272727272727275,0
LEAD2550,Website,Retail,Large,11900.0,5,17.0,Europe,53,0,0.5114,1,6307.0,0.2777777777777778,8.833333333333334,0
LEAD2551,Website,Manufacturing,Small,10600.0,6,1.6,Europe,84,0,0.8656,1,8904.0,2.3076923076923075,12.0,1
LEAD2552,Website,Finance,Small,13300.0,4,13.9,North America,46,2,0.333,0,6118.0,0.2684563758389262,9.2,0
LEAD2553,LinkedIn,Retail,Small,29200.0,1,15.5,North America,21,2,0.1578,1,6132.0,0.06060606060606061,10.5,0
LEAD2554,Referral,Finance,Medium,15900.0,9,13.1,Asia-Pacific,39,0,0.8876,1,6201.0,0.6382978723404256,3.9,0
LEAD2555,Website,Healthcare,Medium,35600.0,6,20.6,South America,78,2,0.8986,1,27768.0,0.27777777777777773,11.142857142857142,0
LEAD2556,Referral,Finance,Medium,29300.0,8,8.7,North America,65,2,0.8962,1,19045.0,0.8247422680412372,7.222222222222222,0
LEAD2557,Email,Tech,Medium,2400.0,8,27.4,North America,56,1,0.2345,0,1344.0,0.28169014084507044,6.222222222222222,0
LEAD2558,Website,Healthcare,Medium,21900.0,6,10.2,North America,76,1,0.9055,1,16644.0,0.5357142857142857,10.857142857142858,0
LEAD2559,Website,Healthcare,Large,13500.0,3,8.6,Asia-Pacific,58,2,0.5064,1,7830.0,0.3125,14.5,0
LEAD2560,Email,Education,Medium,14200.0,7,8.6,Middle East,51,0,0.2778,0,7242.0,0.7291666666666667,6.375,0
LEAD2561,LinkedIn,Retail,Medium,36100.0,4,29.3,Europe,72,2,0.7402,1,25992.0,0.132013201320132,14.4,0
LEAD2562,Cold Call,Retail,Small,17900.0,10,3.5,Europe,47,0,0.2661,0,8413.0,2.2222222222222223,4.2727272727272725,0
LEAD2563,Website,Tech,Medium,45400.0,3,14.4,Europe,65,1,0.6955,1,29510.0,0.19480519480519481,16.25,0
LEAD2564,Website,Retail,Large,27000.0,4,3.4,North America,39,0,0.6487,1,10530.0,0.9090909090909091,7.8,0
LEAD2565,Email,Healthcare,Small,18100.0,12,1.3,Asia-Pacific,34,1,0.536,1,6154.0,5.217391304347826,2.6153846153846154,0
LEAD2566,Website,Education,Medium,30100.0,7,37.0,Europe,38,1,0.4538,0,11438.0,0.18421052631578946,4.75,0
LEAD2567,Website,Manufacturing,Medium,2800.0,2,1.8,Asia-Pacific,54,0,0.3405,0,1512.0,0.7142857142857143,18.0,0
LEAD2568,Website,Tech,Small,2500.0,9,14.0,South America,42,1,0.4621,1,1050.0,0.6,4.2,0
LEAD2569,LinkedIn,Education,Medium,3700.0,9,6.7,Asia-Pacific,43,2,0.432,1,1591.0,1.1688311688311688,4.3,0
LEAD2570,LinkedIn,Tech,Small,13500.0,9,21.9,Asia-Pacific,52,2,0.5152,0,7020.0,0.39301310043668125,5.2,0
LEAD2571,Email,Finance,Large,7400.0,4,17.9,South America,54,2,0.668,1,3996.0,0.21164021164021166,10.8,0
LEAD2572,LinkedIn,Healthcare,Medium,85000.0,9,2.0,Middle East,24,1,0.7337,1,20400.0,3.0,2.4,0
LEAD2573,Website,Tech,Small,17600.0,8,7.7,Europe,5,1,0.2619,0,880.0,0.9195402298850576,0.5555555555555556,0
LEAD2574,Email,Retail,Small,23700.0,5,0.4,North America,63,1,0.6951,1,14931.0,3.5714285714285716,10.5,0
LEAD2575,Website,Tech,Medium,8500.0,7,6.8,Europe,58,1,0.4198,1,4930.0,0.8974358974358975,7.25,0
LEAD2576,Cold Call,Tech,Small,9800.0,8,14.6,Asia-Pacific,28,0,0.088,0,2744.0,0.5128205128205129,3.111111111111111,0
LEAD2577,Referral,Healthcare,Small,10200.0,3,3.3,North America,64,0,0.6856,0,6528.0,0.6976744186046512,16.0,0
LEAD2578,Cold Call,Retail,Medium,26000.0,9,20.0,North America,64,0,0.2389,0,16640.0,0.42857142857142855,6.4,0
LEAD2579,Email,Manufacturing,Small,14800.0,15,0.8,North America,49,1,0.8929,0,7252.0,8.333333333333334,3.0625,0
LEAD2580,Cold Call,Retail,Small,16600.0,7,0.5,Asia-Pacific,94,0,0.8108,0,15604.0,4.666666666666667,11.75,1
LEAD2581,Website,Retail,Medium,19900.0,3,0.4,Europe,80,0,0.85,0,15920.0,2.142857142857143,20.0,1
LEAD2582,LinkedIn,Finance,Large,31300.0,4,4.0,North America,47,0,0.707,1,14711.0,0.8,9.4,0
LEAD2583,Email,Tech,Medium,3900.0,6,7.7,North America,47,0,0.43,0,1833.0,0.6896551724137931,6.714285714285714,0
LEAD2584,Email,Tech,Medium,32000.0,9,1.5,Asia-Pacific,26,2,0.5441,1,8320.0,3.6,2.6,0
LEAD2585,Email,Healthcare,Small,18600.0,6,48.0,North America,79,1,0.5037,0,14694.0,0.12244897959183673,11.285714285714286,0
LEAD2586,Cold Call,Retail,Small,24100.0,2,48.0,North America,60,1,0.1251,0,14460.0,0.04081632653061224,20.0,0
LEAD2587,Website,Finance,Small,9900.0,5,8.9,Asia-Pacific,71,0,0.7599,1,7029.0,0.5050505050505051,11.833333333333334,0
LEAD2588,Cold Call,Retail,Medium,12500.0,8,10.2,Europe,12,1,0.1028,0,1500.0,0.7142857142857143,1.3333333333333333,0
LEAD2589,Website,Healthcare,Large,7300.0,13,31.5,North America,71,1,0.8924,1,5183.0,0.4,5.071428571428571,0
LEAD2590,Cold Call,Tech,Medium,79600.0,2,17.7,Europe,45,0,0.1185,1,35820.0,0.10695187165775401,15.0,0
LEAD2591,LinkedIn,Tech,Large,15700.0,7,2.3,North America,67,3,0.8642,1,10519.0,2.121212121212121,8.375,0
LEAD2592,LinkedIn,Education,Medium,112800.0,3,19.0,Asia-Pacific,65,2,0.487,0,73320.0,0.15,16.25,0
LEAD2593,Email,Retail,Small,15500.0,2,3.3,North America,55,3,0.3616,1,8525.0,0.46511627906976744,18.333333333333332,0
LEAD2594,Email,Education,Small,7000.0,13,6.9,North America,41,0,0.1433,0,2870.0,1.6455696202531644,2.9285714285714284,0
LEAD2595,Website,Tech,Small,16200.0,6,9.2,Asia-Pacific,63,1,0.749,1,10206.0,0.5882352941176471,9.0,0
LEAD2596,LinkedIn,Manufacturing,Small,2800.0,10,15.2,Asia-Pacific,38,0,0.5176,0,1064.0,0.617283950617284,3.4545454545454546,0
LEAD2597,Website,Tech,Medium,49000.0,4,2.1,North America,76,1,0.9532,1,37240.0,1.2903225806451613,15.2,0
LEAD2598,Email,Tech,Small,36100.0,5,1.1,North America,41,2,0.6182,1,14801.0,2.380952380952381,6.833333333333333,0
LEAD2599,Website,Manufacturing,Medium,27900.0,4,24.2,Asia-Pacific,55,0,0.4662,0,15345.0,0.15873015873015872,11.0,0
LEAD2600,Website,Tech,Medium,20800.0,2,21.1,Asia-Pacific,40,0,0.1897,0,8320.0,0.09049773755656108,13.333333333333334,0
LEAD2601,Cold Call,Retail,Small,19300.0,5,9.0,North America,58,0,0.1426,0,11194.0,0.5,9.666666666666666,0
LEAD2602,Website,Tech,Small,116400.0,7,13.1,Asia-Pacific,34,1,0.5324,1,39576.0,0.49645390070921985,4.25,0
LEAD2603,Cold Call,Healthcare,Small,8500.0,6,15.3,North America,39,1,0.1255,0,3315.0,0.36809815950920244,5.571428571428571,0
LEAD2604,Website,Manufacturing,Small,32300.0,5,7.9,Europe,100,1,0.8209,1,32300.0,0.5617977528089887,16.666666666666668,0
LEAD2605,Website,Finance,Medium,19400.0,7,3.7,North America,72,1,0.8816,1,13968.0,1.4893617021276595,9.0,0
LEAD2606,Email,Retail,Small,76500.0,5,8.0,North America,62,2,0.6002,1,47430.0,0.5555555555555556,10.333333333333334,0
LEAD2607,Website,Tech,Medium,37200.0,3,36.2,North America,65,2,0.5023,0,24180.0,0.08064516129032258,16.25,0
LEAD2608,Website,Healthcare,Large,132400.0,8,21.9,Europe,61,0,0.7831,1,80764.0,0.3493449781659389,6.777777777777778,0
LEAD2609,Cold Call,Finance,Large,19800.0,4,7.6,Europe,53,0,0.3182,1,10494.0,0.46511627906976744,10.6,0
LEAD2610,Website,Tech,Large,6600.0,4,3.2,Europe,70,2,0.9194,1,4620.0,0.9523809523809523,14.0,0
LEAD2611,LinkedIn,Finance,Small,16000.0,5,26.5,North America,38,1,0.1546,0,6080.0,0.18181818181818182,6.333333333333333,0
LEAD2612,Website,Tech,Small,26800.0,5,12.3,North America,87,1,0.8283,1,23316.0,0.37593984962406013,14.5,0
LEAD2613,Website,Manufacturing,Small,31800.0,6,6.3,Asia-Pacific,57,2,0.6095,1,18126.0,0.8219178082191781,8.142857142857142,0
LEAD2614,Cold Call,Finance,Small,2000.0,2,1.5,North America,71,1,0.1933,0,1420.0,0.8,23.666666666666668,0
LEAD2615,Website,Tech,Large,16100.0,2,16.8,Asia-Pacific,86,1,0.7765,1,13846.0,0.11235955056179775,28.666666666666668,0
LEAD2616,Website,Finance,Medium,7400.0,6,4.7,North America,65,0,0.863,1,4810.0,1.0526315789473684,9.285714285714286,0
LEAD2617,Email,Finance,Small,43600.0,3,11.3,Europe,39,2,0.0917,0,17004.0,0.24390243902439024,9.75,0
LEAD2618,Website,Retail,Small,5300.0,3,10.2,Europe,79,0,0.5771,1,4187.0,0.26785714285714285,19.75,0
LEAD2619,LinkedIn,Manufacturing,Small,24000.0,8,14.5,Middle East,89,0,0.8437,1,21360.0,0.5161290322580645,9.88888888888889,0
LEAD2620,Website,Finance,Medium,8200.0,3,9.4,North America,16,2,0.0813,0,1312.0,0.28846153846153844,4.0,0
LEAD2621,LinkedIn,Education,Medium,10800.0,6,12.0,North America,53,1,0.5766,0,5724.0,0.46153846153846156,7.571428571428571,0
LEAD2622,LinkedIn,Healthcare,Large,58500.0,6,1.1,Europe,61,1,0.8739,1,35685.0,2.857142857142857,8.714285714285714,0
LEAD2623,Email,Tech,Large,7500.0,7,13.2,Middle East,50,1,0.6819,0,3750.0,0.49295774647887325,6.25,0
LEAD2624,LinkedIn,Retail,Small,4000.0,7,2.7,Middle East,30,0,0.3562,0,1200.0,1.8918918918918919,3.75,0
LEAD2625,Email,Healthcare,Small,3400.0,4,6.1,Europe,37,1,0.2499,0,1258.0,0.5633802816901409,7.4,0
LEAD2626,Referral,Retail,Small,16000.0,7,8.7,Europe,18,1,0.3855,0,2880.0,0.7216494845360826,2.25,0
LEAD2627,Website,Education,Small,22500.0,10,14.0,Europe,74,0,0.8017,1,16650.0,0.6666666666666666,6.7272727272727275,0
LEAD2628,Cold Call,Finance,Large,9900.0,4,16.4,Europe,82,1,0.6158,0,8118.0,0.2298850574712644,16.4,0
LEAD2629,Email,Manufacturing,Medium,25400.0,5,14.7,Europe,82,0,0.5453,1,20828.0,0.3184713375796179,13.666666666666666,0
LEAD2630,Email,Retail,Medium,3300.0,4,1.3,South America,54,1,0.3738,0,1782.0,1.7391304347826089,10.8,0
LEAD2631,Cold Call,Finance,Small,40900.0,5,6.0,Asia-Pacific,60,1,0.242,0,24540.0,0.7142857142857143,10.0,0
LEAD2632,Cold Call,Healthcare,Small,35900.0,10,4.1,Europe,76,1,0.6777,1,27284.0,1.9607843137254903,6.909090909090909,0
LEAD2633,Website,Finance,Small,86700.0,4,6.2,Europe,50,2,0.5943,0,43350.0,0.5555555555555556,10.0,0
LEAD2634,Website,Manufacturing,Medium,57100.0,4,12.6,Europe,36,0,0.3464,1,20556.0,0.29411764705882354,7.2,0
LEAD2635,Cold Call,Retail,Medium,10800.0,5,2.7,Europe,44,1,0.2991,0,4752.0,1.3513513513513513,7.333333333333333,0
LEAD2636,Cold Call,Tech,Small,12200.0,7,8.5,Europe,59,0,0.3291,0,7198.0,0.7368421052631579,7.375,0
LEAD2637,Referral,Finance,Medium,29400.0,4,26.0,North America,41,1,0.6968,0,12054.0,0.14814814814814814,8.2,0
LEAD2638,LinkedIn,Healthcare,Medium,4900.0,6,15.9,North America,64,0,0.6056,0,3136.0,0.3550295857988166,9.142857142857142,0
LEAD2639,Referral,Tech,Small,9500.0,3,15.6,Europe,28,1,0.2711,0,2660.0,0.18072289156626503,7.0,0
LEAD2640,Cold Call,Tech,Medium,4500.0,6,22.8,Asia-Pacific,50,0,0.1909,0,2250.0,0.25210084033613445,7.142857142857143,0
LEAD2641,Website,Finance,Small,14100.0,5,6.2,North America,63,3,0.666,1,8883.0,0.6944444444444444,10.5,0
LEAD2642,Website,Finance,Medium,18100.0,12,17.2,Europe,58,1,0.7192,1,10498.0,0.6593406593406593,4.461538461538462,0
LEAD2643,LinkedIn,Finance,Medium,6700.0,6,0.8,North America,40,0,0.6572,1,2680.0,3.333333333333333,5.714285714285714,0
LEAD2644,Cold Call,Tech,Large,2500.0,8,0.8,North America,70,1,0.7691,1,1750.0,4.444444444444445,7.777777777777778,0
LEAD2645,Website,Tech,Small,27400.0,6,4.9,Middle East,60,1,0.733,0,16440.0,1.0169491525423728,8.571428571428571,0
LEAD2646,Email,Retail,Small,2400.0,3,2.7,South America,13,2,0.0764,0,312.0,0.8108108108108107,3.25,0
LEAD2647,Referral,Healthcare,Small,74500.0,7,8.9,North America,64,1,0.9192,1,47680.0,0.7070707070707071,8.0,0
LEAD2648,Email,Tech,Small,7000.0,6,2.5,Asia-Pacific,47,0,0.4763,0,3290.0,1.7142857142857142,6.714285714285714,0
LEAD2649,Email,Finance,Medium,23800.0,3,44.6,North America,45,3,0.151,0,10710.0,0.06578947368421052,11.25,0
LEAD2650,Email,Healthcare,Large,13400.0,6,23.0,Middle East,38,0,0.2621,0,5092.0,0.25,5.428571428571429,0
LEAD2651,Website,Tech,Small,3200.0,5,48.0,North America,35,1,0.2228,0,1120.0,0.10204081632653061,5.833333333333333,0
LEAD2652,Email,Tech,Small,14800.0,5,19.9,North America,59,1,0.4105,1,8732.0,0.23923444976076558,9.833333333333334,0
LEAD2653,Email,Tech,Small,16500.0,6,36.3,Europe,66,0,0.1947,0,10890.0,0.160857908847185,9.428571428571429,0
LEAD2654,Website,Education,Small,40600.0,5,5.6,Asia-Pacific,58,2,0.5409,1,23548.0,0.7575757575757576,9.666666666666666,0
LEAD2655,LinkedIn,Retail,Small,28400.0,7,8.4,North America,74,0,0.5829,1,21016.0,0.7446808510638298,9.25,0
LEAD2656,Email,Retail,Small,3700.0,5,3.4,Asia-Pacific,67,0,0.6112,0,2479.0,1.1363636363636362,11.166666666666666,0
LEAD2657,LinkedIn,Retail,Medium,6700.0,7,12.2,North America,15,0,0.106,0,1005.0,0.5303030303030303,1.875,0
LEAD2658,LinkedIn,Retail,Small,9500.0,6,18.7,South America,37,2,0.6241,0,3515.0,0.30456852791878175,5.285714285714286,0
LEAD2659,Website,Finance,Medium,4500.0,4,8.4,North America,79,0,0.7262,0,3555.0,0.425531914893617,15.8,0
LEAD2660,Cold Call,Healthcare,Medium,14200.0,4,4.3,South America,30,0,0.114,0,4260.0,0.7547169811320755,6.0,0
LEAD2661,Email,Tech,Small,85100.0,7,8.6,Europe,1,0,0.0743,0,851.0,0.7291666666666667,0.125,0
LEAD2662,LinkedIn,Healthcare,Medium,16500.0,5,0.9,Europe,92,0,0.9622,1,15180.0,2.6315789473684212,15.333333333333334,1
LEAD2663,Website,Retail,Medium,29100.0,6,15.4,Middle East,61,1,0.7004,1,17751.0,0.3658536585365854,8.714285714285714,0
LEAD2664,Cold Call,Healthcare,Medium,25000.0,4,7.3,Middle East,41,0,0.1277,0,10250.0,0.48192771084337344,8.2,0
LEAD2665,Cold Call,Finance,Small,39900.0,7,27.5,Asia-Pacific,38,0,0.0341,0,15162.0,0.24561403508771928,4.75,0
LEAD2666,Website,Tech,Small,6900.0,9,30.9,North America,68,0,0.6304,1,4692.0,0.2821316614420063,6.8,0
LEAD2667,Website,Healthcare,Medium,30000.0,2,1.7,Europe,65,1,0.7691,1,19500.0,0.7407407407407407,21.666666666666668,0
LEAD2668,Cold Call,Retail,Medium,44600.0,7,48.0,Europe,62,0,0.2251,1,27652.0,0.14285714285714285,7.75,0
LEAD2669,Cold Call,Education,Small,5800.0,6,42.1,Europe,51,1,0.0737,0,2958.0,0.13921113689095127,7.285714285714286,0
LEAD2670,Website,Finance,Small,10500.0,6,11.9,Europe,29,0,0.2395,0,3045.0,0.46511627906976744,4.142857142857143,0
LEAD2671,Cold Call,Retail,Small,72200.0,7,21.0,North America,54,2,0.3597,0,38988.0,0.3181818181818182,6.75,0
LEAD2672,Email,Healthcare,Small,32400.0,10,0.3,Asia-Pacific,76,0,0.8775,1,24624.0,7.692307692307692,6.909090909090909,1
LEAD2673,Cold Call,Education,Medium,8600.0,7,42.3,Asia-Pacific,44,1,0.1431,0,3784.0,0.16166281755196307,5.5,0
LEAD2674,Website,Healthcare,Small,18600.0,8,7.4,North America,67,1,0.7796,1,12462.0,0.9523809523809523,7.444444444444445,0
LEAD2675,LinkedIn,Healthcare,Small,12400.0,4,29.0,Europe,47,3,0.2842,0,5828.0,0.13333333333333333,9.4,0
LEAD2676,Website,Healthcare,Medium,15500.0,6,5.9,Europe,71,1,0.8253,1,11005.0,0.8695652173913043,10.142857142857142,0
LEAD2677,Email,Retail,Small,10800.0,5,18.7,Asia-Pacific,35,0,0.2808,0,3780.0,0.25380710659898476,5.833333333333333,0
LEAD2678,Website,Manufacturing,Medium,8600.0,8,6.6,North America,55,0,0.7452,1,4730.0,1.0526315789473684,6.111111111111111,0
LEAD2679,Website,Tech,Medium,24500.0,3,5.5,Europe,64,0,0.491,1,15680.0,0.46153846153846156,16.0,0
LEAD2680,Email,Tech,Small,32200.0,5,35.3,North America,41,2,0.205,0,13202.0,0.13774104683195593,6.833333333333333,0
LEAD2681,Website,Manufacturing,Medium,43400.0,9,14.5,Europe,62,1,0.7133,0,26908.0,0.5806451612903226,6.2,0
LEAD2682,LinkedIn,Healthcare,Medium,5400.0,2,22.1,Asia-Pacific,54,1,0.4096,1,2916.0,0.08658008658008658,18.0,0
LEAD2683,Website,Healthcare,Small,36600.0,5,9.5,Asia-Pacific,54,1,0.4262,1,19764.0,0.47619047619047616,9.0,0
LEAD2684,Email,Finance,Small,7900.0,13,30.2,North America,41,2,0.4101,0,3239.0,0.4166666666666667,2.9285714285714284,0
LEAD2685,Website,Tech,Medium,13100.0,5,16.3,Europe,75,1,0.8856,1,9825.0,0.2890173410404624,12.5,0
LEAD2686,Website,Retail,Large,48300.0,9,1.0,Middle East,36,0,0.7682,1,17388.0,4.5,3.6,0
LEAD2687,Website,Retail,Medium,14100.0,7,17.6,North America,61,1,0.798,1,8601.0,0.3763440860215054,7.625,0
LEAD2688,Email,Finance,Small,6400.0,10,0.3,South America,38,0,0.6246,1,2432.0,7.692307692307692,3.4545454545454546,0
LEAD2689,Email,Finance,Medium,5500.0,8,21.3,Asia-Pacific,54,1,0.6426,1,2970.0,0.35874439461883406,6.0,0
LEAD2690,Email,Education,Small,14800.0,6,4.9,Asia-Pacific,68,2,0.4472,0,10064.0,1.0169491525423728,9.714285714285714,0
LEAD2691,Email,Tech,Medium,30800.0,5,11.0,North America,49,2,0.6045,0,15092.0,0.4166666666666667,8.166666666666666,0
LEAD2692,Email,Education,Medium,119600.0,9,16.7,North America,1,0,0.0662,0,1196.0,0.5084745762711864,0.1,0
LEAD2693,Website,Tech,Medium,33000.0,3,12.3,South America,28,0,0.2019,1,9240.0,0.22556390977443608,7.0,0
LEAD2694,Email,Healthcare,Medium,43900.0,4,13.5,North America,12,1,0.1546,0,5268.0,0.27586206896551724,2.4,0
LEAD2695,Referral,Manufacturing,Medium,29600.0,3,26.9,North America,56,1,0.4548,1,16576.0,0.10752688172043011,14.0,0
LEAD2696,Email,Retail,Medium,47200.0,5,5.7,Europe,55,0,0.3845,1,25960.0,0.7462686567164178,9.166666666666666,0
LEAD2697,Cold Call,Finance,Small,3600.0,10,9.6,North America,48,1,0.2019,0,1728.0,0.9433962264150944,4.363636363636363,0
LEAD2698,Website,Retail,Medium,55200.0,6,2.4,Asia-Pacific,42,0,0.7643,0,23184.0,1.7647058823529411,6.0,0
LEAD2699,LinkedIn,Finance,Large,12100.0,5,7.7,Europe,59,1,0.5789,1,7139.0,0.574712643678161,9.833333333333334,0
LEAD2700,LinkedIn,Tech,Small,52900.0,6,2.1,South America,26,1,0.5581,1,13754.0,1.9354838709677418,3.7142857142857144,0
LEAD2701,Email,Manufacturing,Small,3600.0,7,12.1,Asia-Pacific,74,1,0.4119,1,2664.0,0.5343511450381679,9.25,0
LEAD2702,Referral,Retail,Small,27100.0,5,4.8,North America,57,0,0.8275,1,15447.0,0.8620689655172414,9.5,0
LEAD2703,Website,Healthcare,Medium,28600.0,7,23.6,North America,36,3,0.5708,0,10296.0,0.2845528455284553,4.5,0
LEAD2704,Website,Finance,Medium,117600.0,7,5.2,Asia-Pacific,47,0,0.4616,0,55272.0,1.129032258064516,5.875,0
LEAD2705,LinkedIn,Tech,Small,31300.0,8,4.2,Europe,52,0,0.6339,0,16276.0,1.5384615384615383,5.777777777777778,0
LEAD2706,LinkedIn,Tech,Large,11600.0,8,8.2,Middle East,27,0,0.3805,0,3132.0,0.8695652173913044,3.0,0
LEAD2707,Website,Healthcare,Small,18300.0,4,2.4,Asia-Pacific,68,0,0.7937,1,12444.0,1.1764705882352942,13.6,0
LEAD2708,Website,Retail,Medium,11100.0,6,2.8,North America,74,0,0.7311,1,8214.0,1.5789473684210527,10.571428571428571,0
LEAD2709,Website,Healthcare,Small,6400.0,4,18.4,South America,57,1,0.7061,0,3648.0,0.2061855670103093,11.4,0
LEAD2710,Website,Education,Small,7700.0,6,8.4,North America,74,1,0.4343,1,5698.0,0.6382978723404255,10.571428571428571,0
LEAD2711,LinkedIn,Tech,Small,7000.0,6,2.9,North America,100,1,0.9084,1,7000.0,1.5384615384615385,14.285714285714286,0
LEAD2712,Email,Finance,Small,17900.0,5,0.5,Asia-Pacific,17,2,0.2818,0,3043.0,3.3333333333333335,2.8333333333333335,0
LEAD2713,Website,Tech,Medium,49300.0,5,7.6,South America,56,4,0.6916,0,27608.0,0.5813953488372093,9.333333333333334,0
LEAD2714,Email,Finance,Medium,50800.0,5,16.4,Europe,28,0,0.2228,1,14224.0,0.2873563218390805,4.666666666666667,0
LEAD2715,Website,Tech,Small,3100.0,6,5.3,North America,86,0,0.7453,1,2666.0,0.9523809523809524,12.285714285714286,0
LEAD2716,Website,Manufacturing,Small,3700.0,8,3.5,North America,60,1,0.7228,1,2220.0,1.7777777777777777,6.666666666666667,0
LEAD2717,Cold Call,Tech,Small,7600.0,3,6.2,North America,41,1,0.041,0,3116.0,0.41666666666666663,10.25,0
LEAD2718,Referral,Manufacturing,Medium,7900.0,5,38.5,North America,50,0,0.5066,0,3950.0,0.12658227848101267,8.333333333333334,0
LEAD2719,LinkedIn,Finance,Medium,4000.0,8,6.7,North America,82,1,0.7781,1,3280.0,1.0389610389610389,9.11111111111111,0
LEAD2720,Website,Manufacturing,Small,11800.0,3,3.7,Europe,64,1,0.3508,0,7552.0,0.6382978723404255,16.0,0
LEAD2721,LinkedIn,Healthcare,Medium,19700.0,6,10.2,South America,67,3,0.794,1,13199.0,0.5357142857142857,9.571428571428571,0
LEAD2722,LinkedIn,Manufacturing,Small,19300.0,11,20.1,North America,85,1,0.7552,1,16405.0,0.5213270142180094,7.083333333333333,0
LEAD2723,LinkedIn,Tech,Large,17700.0,10,0.4,North America,74,1,0.9817,1,13098.0,7.142857142857143,6.7272727272727275,0
LEAD2724,Email,Retail,Large,10300.0,7,9.9,Asia-Pacific,77,1,0.8446,1,7931.0,0.6422018348623852,9.625,0
LEAD2725,Email,Manufacturing,Medium,26500.0,4,21.8,Asia-Pacific,52,0,0.5045,0,13780.0,0.17543859649122806,10.4,0
LEAD2726,Website,Tech,Large,37000.0,11,3.0,Middle East,10,1,0.509,1,3700.0,2.75,0.8333333333333334,0
LEAD2727,Website,Tech,Medium,10500.0,2,30.7,North America,57,1,0.5407,0,5985.0,0.06309148264984227,19.0,0
LEAD2728,Website,Finance,Medium,3800.0,12,10.4,North America,42,0,0.2735,0,1596.0,1.0526315789473684,3.230769230769231,0
LEAD2729,Website,Manufacturing,Medium,9000.0,3,8.8,Europe,71,1,0.4364,0,6390.0,0.3061224489795918,17.75,0
LEAD2730,Email,Healthcare,Small,5000.0,7,39.9,Europe,20,0,0.0776,0,1000.0,0.17114914425427874,2.5,0
LEAD2731,Cold Call,Healthcare,Small,14600.0,6,1.8,Europe,72,1,0.6582,1,10512.0,2.142857142857143,10.285714285714286,0
LEAD2732,Email,Tech,Small,5400.0,10,16.3,Europe,59,0,0.4126,0,3186.0,0.5780346820809248,5.363636363636363,0
LEAD2733,Website,Tech,Medium,14400.0,10,20.6,North America,62,0,0.7026,0,8928.0,0.4629629629629629,5.636363636363637,0
LEAD2734,Referral,Education,Small,7000.0,8,8.1,Europe,67,0,0.7669,1,4690.0,0.8791208791208791,7.444444444444445,0
LEAD2735,Referral,Tech,Small,28800.0,10,0.2,Asia-Pacific,54,0,0.9385,1,15552.0,8.333333333333334,4.909090909090909,0
LEAD2736,LinkedIn,Healthcare,Small,2600.0,8,9.0,Europe,48,1,0.4489,0,1248.0,0.8,5.333333333333333,0
LEAD2737,Referral,Manufacturing,Small,18200.0,5,2.1,Asia-Pacific,78,0,0.9585,1,14196.0,1.6129032258064515,13.0,0
LEAD2738,Email,Tech,Medium,5700.0,3,10.0,Europe,67,0,0.2582,0,3819.0,0.2727272727272727,16.75,0
LEAD2739,Referral,Retail,Large,2000.0,4,16.2,North America,69,2,0.9315,1,1380.0,0.23255813953488372,13.8,0
LEAD2740,Website,Tech,Medium,42700.0,6,9.2,North America,53,2,0.764,0,22631.0,0.5882352941176471,7.571428571428571,0
LEAD2741,Email,Healthcare,Medium,24300.0,5,12.1,Europe,57,1,0.682,1,13851.0,0.3816793893129771,9.5,0
LEAD2742,Website,Tech,Medium,4100.0,3,1.4,North America,55,1,0.4115,0,2255.0,1.25,13.75,0
LEAD2743,Website,Retail,Small,23800.0,3,1.3,Asia-Pacific,20,1,0.2755,0,4760.0,1.3043478260869565,5.0,0
LEAD2744,Website,Finance,Small,20900.0,4,22.9,Asia-Pacific,27,0,0.3716,0,5643.0,0.1673640167364017,5.4,0
LEAD2745,Cold Call,Finance,Large,14800.0,2,0.7,North America,53,3,0.3678,1,7844.0,1.1764705882352942,17.666666666666668,0
LEAD2746,LinkedIn,Healthcare,Small,12900.0,5,4.1,North America,17,1,0.274,0,2193.0,0.9803921568627452,2.8333333333333335,0
LEAD2747,Email,Tech,Small,45600.0,5,33.4,Middle East,53,0,0.1594,0,24168.0,0.14534883720930233,8.833333333333334,0
LEAD2748,Website,Retail,Medium,7600.0,8,7.5,North America,37,0,0.3986,0,2812.0,0.9411764705882353,4.111111111111111,0
LEAD2749,LinkedIn,Finance,Small,12200.0,7,13.6,North America,53,1,0.657,1,6466.0,0.4794520547945206,6.625,0
LEAD2750,Cold Call,Retail,Small,10000.0,2,3.1,North America,58,0,0.131,1,5800.0,0.48780487804878053,19.333333333333332,0
LEAD2751,Email,Tech,Small,31500.0,5,3.9,Asia-Pacific,18,0,0.2263,0,5670.0,1.0204081632653061,3.0,0
LEAD2752,Cold Call,Retail,Small,51600.0,6,8.6,North America,62,1,0.4918,0,31992.0,0.625,8.857142857142858,0
LEAD2753,Website,Tech,Small,39900.0,6,12.3,Europe,46,0,0.2935,0,18354.0,0.45112781954887216,6.571428571428571,0
LEAD2754,Website,Finance,Small,34000.0,5,38.9,Europe,9,1,0.1153,0,3060.0,0.12531328320802004,1.5,0
LEAD2755,LinkedIn,Tech,Medium,88500.0,5,10.4,North America,46,2,0.6477,0,40710.0,0.43859649122807015,7.666666666666667,0
LEAD2756,Website,Retail,Medium,25900.0,10,1.3,North America,63,0,0.7936,1,16317.0,4.347826086956522,5.7272727272727275,0
LEAD2757,Email,Tech,Small,29800.0,10,5.6,Asia-Pacific,47,0,0.6006,0,14006.0,1.5151515151515151,4.2727272727272725,0
LEAD2758,LinkedIn,Education,Large,83300.0,5,3.5,Europe,46,2,0.6385,1,38318.0,1.1111111111111112,7.666666666666667,0
LEAD2759,Cold Call,Education,Small,2100.0,8,3.6,North America,58,0,0.2083,0,1218.0,1.7391304347826089,6.444444444444445,0
LEAD2760,Website,Tech,Small,22100.0,3,8.5,North America,45,0,0.0949,0,9945.0,0.3157894736842105,11.25,0
LEAD2761,Website,Healthcare,Small,28900.0,6,4.7,Europe,50,2,0.6909,1,14450.0,1.0526315789473684,7.142857142857143,0
LEAD2762,Website,Tech,Medium,52000.0,7,4.2,Asia-Pacific,28,0,0.3842,1,14560.0,1.346153846153846,3.5,0
LEAD2763,Cold Call,Finance,Small,45100.0,5,41.4,North America,45,0,0.0858,0,20295.0,0.1179245283018868,7.5,0
LEAD2764,Email,Retail,Medium,38900.0,2,10.6,Europe,93,0,0.5573,1,36177.0,0.1724137931034483,31.0,0
LEAD2765,Website,Retail,Medium,60300.0,6,3.7,North America,59,2,0.8984,1,35577.0,1.276595744680851,8.428571428571429,0
LEAD2766,Referral,Healthcare,Medium,17400.0,3,4.0,North America,60,1,0.904,1,10440.0,0.6,15.0,0
LEAD2767,Email,Tech,Medium,2100.0,6,20.1,North America,42,1,0.2058,0,882.0,0.2843601895734597,6.0,0
LEAD2768,Website,Finance,Large,2200.0,8,26.2,Asia-Pacific,47,1,0.4697,0,1034.0,0.29411764705882354,5.222222222222222,0
LEAD2769,Email,Tech,Small,17700.0,4,13.7,Europe,50,0,0.2513,0,8850.0,0.272108843537415,10.0,0
LEAD2770,Cold Call,Retail,Small,13400.0,5,6.9,Asia-Pacific,72,2,0.3544,1,9648.0,0.6329113924050632,12.0,0
LEAD2771,Website,Healthcare,Medium,14000.0,6,17.5,Asia-Pacific,79,1,0.8385,1,11060.0,0.32432432432432434,11.285714285714286,0
LEAD2772,Website,Retail,Medium,12200.0,7,33.3,Asia-Pacific,46,0,0.164,0,5612.0,0.20408163265306123,5.75,0
LEAD2773,LinkedIn,Tech,Small,52000.0,7,2.3,North America,55,2,0.7978,1,28600.0,2.121212121212121,6.875,0
LEAD2774,Email,Finance,Small,10900.0,6,23.8,North America,50,2,0.3504,1,5450.0,0.24193548387096772,7.142857142857143,0
LEAD2775,Email,Finance,Small,40800.0,12,22.8,Middle East,70,1,0.7966,1,28560.0,0.5042016806722689,5.384615384615385,0
LEAD2776,Email,Tech,Small,48600.0,5,5.6,Asia-Pacific,64,3,0.6267,1,31104.0,0.7575757575757576,10.666666666666666,0
LEAD2777,Website,Finance,Small,15800.0,3,4.2,Asia-Pacific,53,0,0.1477,0,8374.0,0.5769230769230769,13.25,0
LEAD2778,Website,Education,Large,13800.0,7,10.1,North America,75,1,0.8392,1,10350.0,0.6306306306306306,9.375,0
LEAD2779,Email,Education,Medium,30600.0,3,3.9,North America,65,0,0.2614,0,19890.0,0.6122448979591836,16.25,0
LEAD2780,Website,Healthcare,Small,26600.0,11,2.0,Asia-Pacific,40,1,0.5953,0,10640.0,3.6666666666666665,3.3333333333333335,0
LEAD2781,Website,Finance,Medium,10000.0,3,36.8,North America,55,2,0.2455,0,5500.0,0.07936507936507937,13.75,0
LEAD2782,LinkedIn,Tech,Large,4200.0,7,8.2,Europe,51,1,0.6061,1,2142.0,0.7608695652173914,6.375,0
LEAD2783,Referral,Education,Small,8200.0,4,7.8,Europe,35,1,0.3093,0,2870.0,0.45454545454545453,7.0,0
LEAD2784,LinkedIn,Tech,Small,4800.0,6,1.7,North America,50,0,0.5439,1,2400.0,2.222222222222222,7.142857142857143,0
LEAD2785,LinkedIn,Manufacturing,Medium,9000.0,5,8.5,North America,78,1,0.7652,1,7020.0,0.5263157894736842,13.0,0
LEAD2786,Website,Finance,Medium,8100.0,6,16.4,North America,77,0,0.7606,1,6237.0,0.3448275862068966,11.0,0
LEAD2787,Referral,Finance,Small,22300.0,6,3.5,North America,73,0,0.8415,1,16279.0,1.3333333333333333,10.428571428571429,0
LEAD2788,Website,Manufacturing,Large,63800.0,7,5.6,Europe,71,1,0.8577,1,45298.0,1.0606060606060606,8.875,0
LEAD2789,Referral,Tech,Small,25200.0,3,2.5,North America,59,1,0.8347,0,14868.0,0.8571428571428571,14.75,0
LEAD2790,Referral,Healthcare,Small,54300.0,6,5.4,North America,43,0,0.5195,1,23349.0,0.9375,6.142857142857143,0
LEAD2791,Cold Call,Healthcare,Small,32700.0,10,23.8,South America,66,1,0.3733,0,21582.0,0.4032258064516129,6.0,0
LEAD2792,Referral,Tech,Small,28000.0,7,3.3,Europe,22,1,0.7744,1,6160.0,1.627906976744186,2.75,0
LEAD2793,Email,Finance,Medium,12700.0,6,0.5,North America,42,1,0.8253,0,5334.0,4.0,6.0,0
LEAD2794,Website,Retail,Large,9900.0,5,9.3,Asia-Pacific,77,0,0.7727,1,7623.0,0.48543689320388345,12.833333333333334,0
LEAD2795,Email,Retail,Small,39500.0,6,10.5,South America,45,1,0.3114,0,17775.0,0.5217391304347826,6.428571428571429,0
LEAD2796,Email,Tech,Large,49200.0,5,4.9,North America,68,1,0.7951,0,33456.0,0.847457627118644,11.333333333333334,0
LEAD2797,Website,Manufacturing,Medium,14000.0,6,12.4,Europe,48,1,0.7128,1,6720.0,0.44776119402985076,6.857142857142857,0
LEAD2798,Cold Call,Tech,Small,2200.0,5,0.6,Europe,66,2,0.5161,0,1452.0,3.125,11.0,0
LEAD2799,Referral,Tech,Medium,33500.0,8,5.1,North America,24,1,0.7052,1,8040.0,1.3114754098360657,2.6666666666666665,0
LEAD2800,Website,Tech,Small,8700.0,5,2.0,Asia-Pacific,80,2,0.866,1,6960.0,1.6666666666666667,13.333333333333334,0
LEAD2801,LinkedIn,Tech,Medium,2200.0,6,3.2,Middle East,33,3,0.3751,0,726.0,1.4285714285714286,4.714285714285714,0
LEAD2802,LinkedIn,Tech,Small,34700.0,4,5.9,Middle East,28,1,0.4477,0,9716.0,0.5797101449275363,5.6,0
LEAD2803,Referral,Manufacturing,Medium,16600.0,4,8.3,North America,79,0,0.9034,1,13114.0,0.4301075268817204,15.8,0
LEAD2804,Referral,Finance,Small,25100.0,4,1.3,North America,55,0,0.6947,1,13805.0,1.7391304347826089,11.0,0
LEAD2805,Email,Tech,Medium,51200.0,6,1.4,Middle East,49,1,0.7127,1,25088.0,2.5,7.0,0
LEAD2806,Referral,Tech,Medium,17600.0,6,13.6,Europe,86,0,0.9694,1,15136.0,0.4109589041095891,12.285714285714286,0
LEAD2807,LinkedIn,Retail,Small,16000.0,2,6.3,North America,70,0,0.3602,0,11200.0,0.273972602739726,23.333333333333332,0
LEAD2808,Website,Education,Small,8900.0,2,2.4,Asia-Pacific,46,2,0.4779,0,4094.0,0.5882352941176471,15.333333333333334,0
LEAD2809,Email,Tech,Small,9300.0,3,3.3,North America,52,1,0.2964,0,4836.0,0.6976744186046512,13.0,0
LEAD2810,Cold Call,Tech,Medium,33800.0,6,15.4,North America,76,0,0.6356,1,25688.0,0.3658536585365854,10.857142857142858,0
LEAD2811,Website,Tech,Small,13900.0,6,0.7,South America,36,2,0.8262,1,5004.0,3.5294117647058822,5.142857142857143,0
LEAD2812,Cold Call,Tech,Medium,5600.0,1,8.6,North America,84,1,0.3651,1,4704.0,0.10416666666666667,42.0,0
LEAD2813,Cold Call,Tech,Small,4000.0,4,5.5,North America,46,1,0.1633,1,1840.0,0.6153846153846154,9.2,0
LEAD2814,Website,Finance,Small,14800.0,6,20.1,North America,38,0,0.4758,1,5624.0,0.2843601895734597,5.428571428571429,0
LEAD2815,Email,Tech,Small,14500.0,5,18.8,Europe,77,1,0.7422,1,11165.0,0.25252525252525254,12.833333333333334,0
LEAD2816,LinkedIn,Healthcare,Small,23200.0,5,14.1,North America,70,1,0.7851,1,16240.0,0.33112582781456956,11.666666666666666,0
LEAD2817,Email,Tech,Medium,14700.0,2,5.9,Europe,19,1,0.1227,0,2793.0,0.2898550724637681,6.333333333333333,0
LEAD2818,Website,Manufacturing,Large,5100.0,3,12.1,Europe,53,0,0.3073,0,2703.0,0.22900763358778625,13.25,0
LEAD2819,Website,Manufacturing,Small,16200.0,7,12.4,Asia-Pacific,33,1,0.3394,0,5346.0,0.5223880597014925,4.125,0
LEAD2820,Email,Healthcare,Medium,49500.0,8,4.9,North America,71,1,0.7735,1,35145.0,1.3559322033898304,7.888888888888889,0
LEAD2821,LinkedIn,Finance,Small,5500.0,7,25.5,Asia-Pacific,89,2,0.7122,0,4895.0,0.2641509433962264,11.125,0
LEAD2822,Website,Finance,Medium,25400.0,7,48.0,North America,66,1,0.6323,1,16764.0,0.14285714285714285,8.25,0
LEAD2823,Cold Call,Finance,Small,20000.0,7,4.6,Asia-Pacific,40,0,0.1486,0,8000.0,1.25,5.0,0
LEAD2824,Website,Retail,Medium,29600.0,11,19.5,Europe,73,0,0.7543,1,21608.0,0.5365853658536586,6.083333333333333,0
LEAD2825,Website,Finance,Large,5300.0,12,8.4,North America,54,1,0.6977,1,2862.0,1.276595744680851,4.153846153846154,0
LEAD2826,LinkedIn,Education,Small,58800.0,5,7.6,Asia-Pacific,54,1,0.5623,1,31752.0,0.5813953488372093,9.0,0
LEAD2827,Cold Call,Manufacturing,Medium,21400.0,4,6.0,North America,45,0,0.2103,0,9630.0,0.5714285714285714,9.0,0
LEAD2828,Website,Finance,Small,39600.0,6,4.2,North America,57,0,0.5363,0,22572.0,1.1538461538461537,8.142857142857142,0
LEAD2829,Email,Healthcare,Small,7700.0,5,30.3,North America,54,0,0.3109,0,4158.0,0.1597444089456869,9.0,0
LEAD2830,Website,Tech,Small,28900.0,3,16.3,Asia-Pacific,7,0,0.0481,0,2023.0,0.17341040462427745,1.75,0
LEAD2831,Email,Tech,Small,32400.0,5,7.1,North America,56,0,0.4903,0,18144.0,0.617283950617284,9.333333333333334,0
LEAD2832,Cold Call,Finance,Small,12100.0,4,16.8,North America,52,2,0.2868,1,6292.0,0.2247191011235955,10.4,0
LEAD2833,Website,Tech,Small,11700.0,8,15.3,North America,62,1,0.7688,1,7254.0,0.49079754601226994,6.888888888888889,0
LEAD2834,Website,Education,Small,23400.0,7,3.8,Europe,15,2,0.4225,0,3510.0,1.4583333333333335,1.875,0
LEAD2835,Email,Tech,Small,4000.0,8,2.4,Europe,65,2,0.8691,1,2600.0,2.3529411764705883,7.222222222222222,0
LEAD2836,LinkedIn,Finance,Medium,28600.0,5,21.8,North America,56,1,0.5559,0,16016.0,0.21929824561403508,9.333333333333334,0
LEAD2837,Referral,Healthcare,Large,2900.0,6,20.1,North America,65,1,0.7273,0,1885.0,0.2843601895734597,9.285714285714286,0
LEAD2838,Website,Retail,Small,6200.0,3,48.0,Europe,22,2,0.041,0,1364.0,0.061224489795918366,5.5,0
LEAD2839,LinkedIn,Finance,Small,23800.0,4,0.3,Asia-Pacific,30,0,0.4325,1,7140.0,3.0769230769230766,6.0,0
LEAD2840,Email,Education,Small,4100.0,5,9.4,Asia-Pacific,18,0,0.0541,0,738.0,0.4807692307692307,3.0,0
LEAD2841,Email,Healthcare,Large,73400.0,5,14.6,South America,58,0,0.7782,0,42572.0,0.32051282051282054,9.666666666666666,0
LEAD2842,LinkedIn,Finance,Medium,42600.0,5,10.6,North America,48,0,0.795,1,20448.0,0.4310344827586207,8.0,0
LEAD2843,LinkedIn,Tech,Small,21700.0,10,15.0,Middle East,52,0,0.477,0,11284.0,0.625,4.7272727272727275,0
LEAD2844,Referral,Finance,Small,36200.0,9,1.9,North America,27,0,0.7639,1,9774.0,3.103448275862069,2.7,0
LEAD2845,Email,Education,Small,45700.0,8,0.1,Middle East,31,0,0.4912,0,14167.0,7.2727272727272725,3.4444444444444446,0
LEAD2846,Email,Healthcare,Small,8000.0,5,1.3,North America,5,1,0.1805,1,400.0,2.173913043478261,0.8333333333333334,0
LEAD2847,LinkedIn,Education,Large,39900.0,5,5.8,Europe,28,1,0.243,1,11172.0,0.7352941176470589,4.666666666666667,0
LEAD2848,Website,Finance,Large,6300.0,8,4.9,North America,42,1,0.7902,1,2646.0,1.3559322033898304,4.666666666666667,0
LEAD2849,Email,Tech,Small,12700.0,4,25.0,North America,43,0,0.2292,0,5461.0,0.15384615384615385,8.6,0
LEAD2850,Email,Tech,Medium,18300.0,9,1.1,Asia-Pacific,54,0,0.6833,1,9882.0,4.285714285714286,5.4,0
LEAD2851,Cold Call,Finance,Small,27000.0,8,7.1,Asia-Pacific,70,0,0.5857,1,18900.0,0.9876543209876544,7.777777777777778,0
LEAD2852,Website,Retail,Small,2600.0,5,38.1,Middle East,41,1,0.1221,1,1066.0,0.1278772378516624,6.833333333333333,0
LEAD2853,Website,Retail,Large,8900.0,5,8.5,Europe,65,1,0.5957,0,5785.0,0.5263157894736842,10.833333333333334,0
LEAD2854,LinkedIn,Tech,Medium,20800.0,4,1.8,Europe,71,0,0.8589,1,14768.0,1.4285714285714286,14.2,0
LEAD2855,Website,Finance,Small,10800.0,6,4.2,North America,78,0,0.759,1,8424.0,1.1538461538461537,11.142857142857142,0
LEAD2856,Email,Finance,Small,31800.0,4,11.9,Middle East,65,0,0.4868,0,20670.0,0.31007751937984496,13.0,0
LEAD2857,Website,Finance,Medium,23100.0,8,0.2,Europe,56,0,0.9342,1,12936.0,6.666666666666667,6.222222222222222,0
LEAD2858,Website,Tech,Medium,7300.0,6,41.4,Asia-Pacific,33,0,0.1884,0,2409.0,0.14150943396226415,4.714285714285714,0
LEAD2859,Website,Tech,Small,5200.0,10,10.1,Europe,60,0,0.7592,0,3120.0,0.9009009009009009,5.454545454545454,0
LEAD2860,Website,Tech,Small,21800.0,4,14.7,Europe,47,0,0.572,1,10246.0,0.25477707006369427,9.4,0
LEAD2861,LinkedIn,Tech,Small,14000.0,6,8.4,Middle East,83,2,0.9078,1,11620.0,0.6382978723404255,11.857142857142858,0
LEAD2862,Website,Tech,Large,5700.0,7,38.1,North America,57,2,0.3904,0,3249.0,0.17902813299232737,7.125,0
LEAD2863,Referral,Tech,Medium,9900.0,5,10.8,North America,52,1,0.7989,1,5148.0,0.423728813559322,8.666666666666666,0
LEAD2864,Email,Healthcare,Small,9200.0,4,13.1,North America,83,1,0.6029,1,7636.0,0.28368794326241137,16.6,0
LEAD2865,Email,Finance,Medium,4300.0,9,23.8,Asia-Pacific,45,0,0.4933,0,1935.0,0.3629032258064516,4.5,0
LEAD2866,Email,Manufacturing,Medium,17800.0,14,23.8,North America,55,0,0.6853,1,9790.0,0.564516129032258,3.6666666666666665,0
LEAD2867,Email,Tech,Small,30800.0,2,0.4,North America,95,0,0.7938,1,29260.0,1.4285714285714286,31.666666666666668,1
LEAD2868,LinkedIn,Finance,Small,19100.0,5,4.1,North America,60,1,0.6796,0,11460.0,0.9803921568627452,10.0,0
LEAD2869,Website,Finance,Medium,37000.0,6,3.5,Europe,78,2,0.9596,1,28860.0,1.3333333333333333,11.142857142857142,0
LEAD2870,Email,Tech,Medium,4700.0,4,0.2,Europe,85,0,0.9077,0,3995.0,3.3333333333333335,17.0,1
LEAD2871,LinkedIn,Education,Medium,13400.0,4,25.2,North America,44,0,0.2586,0,5896.0,0.15267175572519084,8.8,0
LEAD2872,Referral,Tech,Large,20800.0,5,4.7,Middle East,73,2,0.8727,1,15184.0,0.8771929824561403,12.166666666666666,0
LEAD2873,LinkedIn,Manufacturing,Small,24500.0,4,5.2,Middle East,48,0,0.5499,0,11760.0,0.6451612903225806,9.6,0
LEAD2874,Email,Education,Small,25800.0,5,1.4,North America,96,1,0.8376,0,24768.0,2.0833333333333335,16.0,1
LEAD2875,LinkedIn,Healthcare,Large,28100.0,9,48.0,Asia-Pacific,84,1,0.9508,1,23604.0,0.1836734693877551,8.4,0
LEAD2876,Email,Healthcare,Small,23100.0,5,21.1,Europe,70,0,0.4335,0,16170.0,0.2262443438914027,11.666666666666666,0
LEAD2877,Email,Retail,Medium,4000.0,1,10.3,North America,76,1,0.4537,0,3040.0,0.08849557522123894,38.0,0
LEAD2878,Website,Finance,Medium,25800.0,9,17.8,North America,41,0,0.6783,1,10578.0,0.4787234042553191,4.1,0
LEAD2879,Email,Healthcare,Medium,27800.0,3,18.1,Europe,89,0,0.2957,1,24742.0,0.15706806282722513,22.25,0
LEAD2880,Website,Tech,Small,102700.0,6,12.9,Europe,37,2,0.722,1,37999.0,0.4316546762589928,5.285714285714286,0
LEAD2881,Website,Tech,Medium,25600.0,4,2.4,North America,63,0,0.8741,0,16128.0,1.1764705882352942,12.6,0
LEAD2882,LinkedIn,Finance,Medium,25200.0,5,15.4,Asia-Pacific,41,0,0.2887,0,10332.0,0.30487804878048785,6.833333333333333,0
LEAD2883,Website,Healthcare,Medium,16500.0,6,10.2,Europe,72,0,0.7779,0,11880.0,0.5357142857142857,10.285714285714286,0
LEAD2884,Website,Education,Small,42500.0,2,15.6,Asia-Pacific,90,0,0.5951,1,38250.0,0.12048192771084336,30.0,0
LEAD2885,Website,Tech,Small,117100.0,10,9.5,North America,64,0,0.7768,1,74944.0,0.9523809523809523,5.818181818181818,0
LEAD2886,Referral,Education,Small,32200.0,8,37.7,Europe,61,0,0.5854,1,19642.0,0.20671834625322996,6.777777777777778,0
LEAD2887,Email,Tech,Small,21000.0,6,11.9,North America,53,1,0.4721,1,11130.0,0.46511627906976744,7.571428571428571,0
LEAD2888,Email,Finance,Small,3600.0,7,10.3,Europe,57,0,0.428,1,2052.0,0.6194690265486725,7.125,0
LEAD2889,LinkedIn,Finance,Large,27900.0,4,22.3,Asia-Pacific,48,2,0.7384,1,13392.0,0.17167381974248927,9.6,0
LEAD2890,LinkedIn,Finance,Medium,26700.0,7,5.8,Asia-Pacific,88,0,0.8408,1,23496.0,1.0294117647058825,11.0,0
LEAD2891,Website,Tech,Medium,31900.0,5,4.7,North America,71,1,0.8538,1,22649.0,0.8771929824561403,11.833333333333334,0
LEAD2892,Cold Call,Healthcare,Medium,4700.0,7,8.5,Asia-Pacific,48,0,0.1753,1,2256.0,0.7368421052631579,6.0,0
LEAD2893,LinkedIn,Education,Small,23200.0,6,10.6,Middle East,56,0,0.2928,1,12992.0,0.5172413793103449,8.0,0
LEAD2894,Cold Call,Finance,Large,9000.0,12,3.1,Europe,100,0,0.8835,1,9000.0,2.9268292682926833,7.6923076923076925,0
LEAD2895,Website,Finance,Small,30600.0,6,13.9,North America,60,2,0.6068,0,18360.0,0.40268456375838924,8.571428571428571,0
LEAD2896,LinkedIn,Education,Small,7500.0,10,19.6,Asia-Pacific,84,0,0.6064,0,6300.0,0.48543689320388345,7.636363636363637,0
LEAD2897,Email,Retail,Small,25000.0,8,10.4,North America,43,0,0.1431,0,10750.0,0.7017543859649122,4.777777777777778,0
LEAD2898,Website,Finance,Large,9000.0,7,9.0,South America,64,0,0.6852,1,5760.0,0.7,8.0,0
LEAD2899,Email,Tech,Large,2200.0,7,4.3,Europe,43,1,0.5201,0,946.0,1.3207547169811322,5.375,0
LEAD2900,Website,Education,Small,22100.0,8,28.9,North America,44,2,0.4671,0,9724.0,0.26755852842809363,4.888888888888889,0
LEAD2901,Website,Healthcare,Large,4400.0,6,17.0,North America,71,0,0.7804,1,3124.0,0.3333333333333333,10.142857142857142,0
LEAD2902,LinkedIn,Tech,Small,23500.0,7,8.0,North America,37,1,0.2922,0,8695.0,0.7777777777777778,4.625,0
LEAD2903,Website,Tech,Small,54000.0,7,13.0,South America,31,1,0.4337,0,16740.0,0.5,3.875,0
LEAD2904,Email,Education,Medium,71600.0,7,5.0,North America,69,2,0.5131,0,49404.0,1.1666666666666667,8.625,0
LEAD2905,Email,Tech,Large,7400.0,5,0.8,Europe,45,1,0.8886,1,3330.0,2.7777777777777777,7.5,0
LEAD2906,Website,Manufacturing,Medium,35100.0,8,2.8,Middle East,49,0,0.7357,0,17199.0,2.1052631578947367,5.444444444444445,0
LEAD2907,Referral,Tech,Medium,10700.0,5,1.1,North America,19,0,0.5913,1,2033.0,2.380952380952381,3.1666666666666665,0
LEAD2908,Website,Retail,Medium,48100.0,5,8.6,Europe,30,1,0.5518,1,14430.0,0.5208333333333334,5.0,0
LEAD2909,Website,Finance,Medium,33000.0,8,11.8,Europe,59,1,0.813,1,19470.0,0.625,6.555555555555555,0
LEAD2910,Website,Finance,Large,3500.0,1,5.8,Europe,50,0,0.4304,0,1750.0,0.14705882352941177,25.0,0
LEAD2911,Website,Education,Medium,12500.0,6,9.2,North America,73,1,0.6279,1,9125.0,0.5882352941176471,10.428571428571429,0
LEAD2912,Website,Finance,Large,10200.0,5,1.2,North America,37,1,0.7198,0,3774.0,2.2727272727272725,6.166666666666667,0
LEAD2913,Cold Call,Healthcare,Large,32800.0,4,17.7,Europe,52,0,0.3739,0,17056.0,0.21390374331550802,10.4,0
LEAD2914,Referral,Tech,Small,12600.0,5,0.5,South America,56,1,0.8134,1,7056.0,3.3333333333333335,9.333333333333334,0
LEAD2915,Website,Tech,Medium,25100.0,5,12.2,North America,51,2,0.6254,1,12801.0,0.3787878787878788,8.5,0
LEAD2916,Cold Call,Tech,Small,20400.0,8,6.9,North America,67,0,0.3653,0,13668.0,1.0126582278481011,7.444444444444445,0
LEAD2917,Cold Call,Retail,Small,76300.0,6,2.5,North America,33,1,0.2531,1,25179.0,1.7142857142857142,4.714285714285714,0
LEAD2918,LinkedIn,Tech,Medium,57500.0,9,9.0,Asia-Pacific,65,0,0.7746,1,37375.0,0.9,6.5,0
LEAD2919,Email,Tech,Small,13200.0,7,18.3,North America,78,0,0.6505,0,10296.0,0.3626943005181347,9.75,0
LEAD2920,Website,Finance,Medium,27700.0,6,6.5,South America,39,2,0.5378,1,10803.0,0.8,5.571428571428571,0
LEAD2921,Website,Healthcare,Large,37400.0,7,5.6,North America,63,1,0.8793,1,23562.0,1.0606060606060606,7.875,0
LEAD2922,Cold Call,Retail,Small,47800.0,5,1.9,Middle East,62,1,0.7154,0,29636.0,1.7241379310344829,10.333333333333334,0
LEAD2923,LinkedIn,Tech,Small,3400.0,3,10.9,Europe,67,0,0.1881,0,2278.0,0.25210084033613445,16.75,0
LEAD2924,Website,Tech,Large,9200.0,6,21.2,Asia-Pacific,55,0,0.6719,1,5060.0,0.2702702702702703,7.857142857142857,0
LEAD2925,Email,Manufacturing,Small,9700.0,6,10.0,North America,83,0,0.695,1,8051.0,0.5454545454545454,11.857142857142858,0
LEAD2926,LinkedIn,Tech,Small,13400.0,10,2.3,Asia-Pacific,97,1,0.939,1,12998.0,3.0303030303030303,8.818181818181818,0
LEAD2927,LinkedIn,Education,Small,5700.0,8,13.1,North America,68,1,0.6611,0,3876.0,0.5673758865248227,7.555555555555555,0
LEAD2928,Referral,Education,Medium,15700.0,4,0.5,North America,61,0,0.8973,1,9577.0,2.6666666666666665,12.2,0
LEAD2929,LinkedIn,Retail,Medium,23800.0,3,21.9,North America,55,1,0.2727,0,13090.0,0.13100436681222707,13.75,0
LEAD2930,Email,Tech,Medium,15800.0,8,30.6,South America,29,1,0.1827,0,4582.0,0.2531645569620253,3.2222222222222223,0
LEAD2931,Email,Education,Small,23900.0,6,11.0,Asia-Pacific,26,2,0.0573,0,6214.0,0.5,3.7142857142857144,0
LEAD2932,Cold Call,Retail,Medium,3400.0,6,25.7,Europe,32,1,0.0683,0,1088.0,0.2247191011235955,4.571428571428571,0
LEAD2933,Website,Healthcare,Medium,43700.0,4,1.2,Europe,60,1,0.8677,1,26220.0,1.8181818181818181,12.0,0
LEAD2934,Email,Finance,Small,58000.0,7,3.2,North America,51,1,0.5342,0,29580.0,1.6666666666666665,6.375,0
LEAD2935,Cold Call,Tech,Medium,21200.0,3,4.7,Asia-Pacific,86,0,0.3351,0,18232.0,0.5263157894736842,21.5,0
LEAD2936,Website,Tech,Medium,44600.0,6,17.9,Asia-Pacific,5,0,0.1279,0,2230.0,0.3174603174603175,0.7142857142857143,0
LEAD2937,LinkedIn,Healthcare,Medium,4800.0,8,8.0,Asia-Pacific,56,1,0.7354,1,2688.0,0.8888888888888888,6.222222222222222,0
LEAD2938,Email,Healthcare,Small,33900.0,5,5.2,Europe,64,1,0.5279,0,21696.0,0.8064516129032258,10.666666666666666,0
LEAD2939,Referral,Finance,Small,4500.0,9,2.2,Middle East,73,1,0.9626,1,3285.0,2.8125,7.3,0
LEAD2940,Website,Finance,Small,12500.0,9,20.1,South America,58,0,0.6068,1,7250.0,0.42654028436018954,5.8,0
LEAD2941,Website,Finance,Small,9800.0,9,0.3,Europe,62,0,0.8103,1,6076.0,6.9230769230769225,6.2,0
LEAD2942,Cold Call,Healthcare,Medium,19600.0,4,5.0,North America,59,1,0.3331,0,11564.0,0.6666666666666666,11.8,0
LEAD2943,Website,Manufacturing,Small,9200.0,5,3.4,Europe,64,1,0.8634,1,5888.0,1.1363636363636362,10.666666666666666,0
LEAD2944,Cold Call,Tech,Medium,22300.0,9,1.8,Europe,55,0,0.769,1,12265.0,3.2142857142857144,5.5,0
LEAD2945,LinkedIn,Finance,Small,11200.0,12,2.4,North America,97,1,0.9039,0,10864.0,3.5294117647058822,7.461538461538462,0
LEAD2946,Website,Tech,Small,41400.0,8,8.3,North America,67,1,0.8813,0,27738.0,0.8602150537634408,7.444444444444445,0
LEAD2947,Email,Healthcare,Medium,22100.0,9,6.8,Europe,59,1,0.5669,0,13039.0,1.153846153846154,5.9,0
LEAD2948,Email,Retail,Small,6800.0,6,8.9,Europe,40,1,0.1917,1,2720.0,0.6060606060606061,5.714285714285714,0
LEAD2949,Email,Manufacturing,Large,10200.0,6,15.7,Europe,48,1,0.4969,0,4896.0,0.3592814371257485,6.857142857142857,0
LEAD2950,Referral,Tech,Small,39600.0,7,26.8,North America,85,1,0.9113,1,33660.0,0.2517985611510791,10.625,0
LEAD2951,LinkedIn,Manufacturing,Small,11800.0,7,1.6,Asia-Pacific,5,0,0.1162,1,590.0,2.692307692307692,0.625,0
LEAD2952,Cold Call,Tech,Medium,17300.0,1,1.1,Europe,56,3,0.3728,0,9688.0,0.47619047619047616,28.0,0
LEAD2953,Cold Call,Healthcare,Medium,22900.0,9,4.7,North America,55,0,0.4992,1,12595.0,1.5789473684210527,5.5,0
LEAD2954,Email,Tech,Small,10500.0,8,9.6,North America,65,0,0.6584,1,6825.0,0.7547169811320755,7.222222222222222,0
LEAD2955,LinkedIn,Education,Small,9000.0,6,1.4,South America,60,0,0.442,0,5400.0,2.5,8.571428571428571,0
LEAD2956,Cold Call,Healthcare,Medium,14900.0,4,15.2,Asia-Pacific,85,2,0.584,1,12665.0,0.2469135802469136,17.0,0
LEAD2957,Cold Call,Retail,Large,6800.0,5,9.8,North America,57,1,0.4444,0,3876.0,0.4629629629629629,9.5,0
LEAD2958,LinkedIn,Education,Large,8700.0,7,16.7,Middle East,54,1,0.7219,1,4698.0,0.3954802259887006,6.75,0
LEAD2959,Website,Tech,Small,3300.0,5,5.4,North America,74,0,0.5288,1,2442.0,0.78125,12.333333333333334,0
LEAD2960,LinkedIn,Tech,Large,9200.0,5,6.3,Middle East,86,1,0.9031,1,7912.0,0.684931506849315,14.333333333333334,0
LEAD2961,Website,Education,Small,9700.0,7,19.9,North America,69,0,0.6119,1,6693.0,0.3349282296650718,8.625,0
LEAD2962,Website,Finance,Small,67300.0,4,3.8,North America,75,2,0.8209,1,50475.0,0.8333333333333334,15.0,0
LEAD2963,Website,Tech,Medium,19800.0,4,5.9,Europe,51,0,0.7083,1,10098.0,0.5797101449275363,10.2,0
LEAD2964,Referral,Finance,Small,33000.0,4,0.3,North America,58,0,0.9677,1,19140.0,3.0769230769230766,11.6,0
LEAD2965,LinkedIn,Healthcare,Small,2900.0,6,9.8,Europe,85,2,0.8028,1,2465.0,0.5555555555555555,12.142857142857142,0
LEAD2966,Cold Call,Tech,Small,4300.0,8,23.0,Asia-Pacific,66,1,0.5045,1,2838.0,0.3333333333333333,7.333333333333333,0
LEAD2967,Cold Call,Tech,Small,35700.0,6,0.4,Asia-Pacific,50,1,0.4883,0,17850.0,4.285714285714286,7.142857142857143,0
LEAD2968,Email,Tech,Medium,21500.0,7,11.5,Europe,56,0,0.4557,0,12040.0,0.56,7.0,0
LEAD2969,Referral,Finance,Medium,6200.0,3,22.5,Europe,76,1,0.7476,1,4712.0,0.1276595744680851,19.0,0
LEAD2970,Email,Education,Small,12400.0,3,8.3,North America,78,0,0.1868,0,9672.0,0.3225806451612903,19.5,0
LEAD2971,Email,Manufacturing,Medium,17500.0,6,4.6,North America,38,0,0.2457,0,6650.0,1.0714285714285714,5.428571428571429,0
LEAD2972,Website,Healthcare,Large,39100.0,6,48.0,Europe,62,0,0.6286,1,24242.0,0.12244897959183673,8.857142857142858,0
LEAD2973,LinkedIn,Tech,Medium,3200.0,4,0.9,North America,55,1,0.7749,1,1760.0,2.1052631578947367,11.0,0
LEAD2974,Cold Call,Manufacturing,Small,20200.0,10,2.9,Asia-Pacific,54,2,0.4368,0,10908.0,2.5641025641025643,4.909090909090909,0
LEAD2975,Email,Healthcare,Large,27200.0,5,26.1,Europe,82,2,0.7345,1,22304.0,0.18450184501845018,13.666666666666666,0
LEAD2976,Website,Tech,Medium,78200.0,7,4.3,North America,50,3,0.5062,1,39100.0,1.3207547169811322,6.25,0
LEAD2977,LinkedIn,Manufacturing,Small,34900.0,7,20.7,Europe,43,1,0.5335,0,15007.0,0.3225806451612903,5.375,0
LEAD2978,Website,Retail,Small,8500.0,5,5.0,North America,39,1,0.4007,0,3315.0,0.8333333333333334,6.5,0
LEAD2979,Cold Call,Retail,Small,26700.0,9,20.2,Europe,52,1,0.3368,1,13884.0,0.42452830188679247,5.2,0
LEAD2980,Referral,Retail,Medium,30800.0,6,14.0,Asia-Pacific,40,1,0.8229,1,12320.0,0.4,5.714285714285714,0
LEAD2981,Email,Tech,Small,28200.0,6,7.7,Europe,38,1,0.4483,1,10716.0,0.6896551724137931,5.428571428571429,0
LEAD2982,Website,Tech,Medium,36300.0,8,9.0,North America,37,2,0.7305,1,13431.0,0.8,4.111111111111111,0
LEAD2983,Cold Call,Retail,Small,48800.0,7,2.4,Asia-Pacific,38,0,0.2299,0,18544.0,2.058823529411765,4.75,0
LEAD2984,LinkedIn,Tech,Large,4100.0,7,1.6,North America,40,2,0.6815,1,1640.0,2.692307692307692,5.0,0
LEAD2985,Email,Finance,Small,4200.0,8,15.2,Asia-Pacific,63,1,0.5195,1,2646.0,0.4938271604938272,7.0,0
LEAD2986,Referral,Retail,Large,33800.0,7,22.8,Europe,16,1,0.4723,0,5408.0,0.29411764705882354,2.0,0
LEAD2987,Website,Retail,Large,7800.0,10,15.5,Europe,41,2,0.6772,0,3198.0,0.6060606060606061,3.727272727272727,0
LEAD2988,Email,Finance,Small,3200.0,5,29.4,South America,53,1,0.263,0,1696.0,0.16447368421052633,8.833333333333334,0
LEAD2989,Cold Call,Retail,Small,12300.0,6,26.6,Asia-Pacific,78,1,0.2869,1,9594.0,0.21739130434782608,11.142857142857142,0
LEAD2990,LinkedIn,Education,Small,36300.0,11,18.2,North America,50,1,0.3868,1,18150.0,0.5729166666666667,4.166666666666667,0
LEAD2991,Website,Retail,Large,4700.0,5,27.5,North America,52,1,0.2017,0,2444.0,0.17543859649122806,8.666666666666666,0
LEAD2992,LinkedIn,Tech,Medium,24300.0,2,2.3,South America,53,0,0.5048,1,12879.0,0.6060606060606061,17.666666666666668,0
LEAD2993,Email,Tech,Small,2100.0,8,15.9,North America,19,2,0.0939,0,399.0,0.4733727810650888,2.111111111111111,0
LEAD2994,Email,Finance,Small,4300.0,3,16.9,Europe,68,2,0.3288,0,2924.0,0.1675977653631285,17.0,0
LEAD2995,Website,Tech,Small,10600.0,8,2.1,Asia-Pacific,67,2,0.9472,1,7102.0,2.5806451612903225,7.444444444444445,0
LEAD2996,LinkedIn,Tech,Large,3700.0,7,28.9,Europe,71,0,0.6074,1,2627.0,0.23411371237458195,8.875,0
LEAD2997,Website,Tech,Medium,39400.0,6,0.2,Asia-Pacific,100,0,0.971,1,39400.0,5.0,14.285714285714286,1
LEAD2998,Website,Finance,Large,41900.0,6,6.9,Asia-Pacific,29,1,0.4276,1,12151.0,0.7594936708860759,4.142857142857143,0
LEAD2999,Website,Manufacturing,Small,30200.0,2,0.4,Asia-Pacific,25,2,0.2896,0,7550.0,1.4285714285714286,8.333333333333334,0
LEAD3000,LinkedIn,Tech,Small,7600.0,5,9.0,Asia-Pacific,69,1,0.6826,1,5244.0,0.5,11.5,0
LEAD3001,Cold Call,Retail,Large,16800.0,8,6.5,Europe,48,1,0.5157,0,8064.0,1.0666666666666667,5.333333333333333,0
LEAD3002,LinkedIn,Retail,Small,6100.0,4,11.8,Europe,35,1,0.2989,0,2135.0,0.3125,7.0,0
LEAD3003,Website,Tech,Large,8600.0,10,17.6,Europe,49,0,0.6732,0,4214.0,0.5376344086021505,4.454545454545454,0
LEAD3004,Cold Call,Manufacturing,Small,16500.0,7,17.7,Asia-Pacific,43,1,0.2108,0,7095.0,0.37433155080213903,5.375,0
LEAD3005,Email,Healthcare,Small,28600.0,8,15.5,South America,89,0,0.8783,1,25454.0,0.48484848484848486,9.88888888888889,0
LEAD3006,LinkedIn,Finance,Medium,4000.0,5,1.4,North America,100,0,0.931,1,4000.0,2.0833333333333335,16.666666666666668,1
LEAD3007,LinkedIn,Retail,Large,9000.0,5,6.6,North America,22,1,0.3358,0,1980.0,0.6578947368421053,3.6666666666666665,0
LEAD3008,Website,Tech,Large,54200.0,4,20.4,Middle East,25,1,0.3582,1,13550.0,0.1869158878504673,5.0,0
LEAD3009,Cold Call,Retail,Small,13200.0,7,12.8,Europe,40,0,0.0604,0,5280.0,0.5072463768115941,5.0,0
LEAD3010,Website,Tech,Small,57900.0,3,13.8,North America,41,1,0.1892,0,23739.0,0.2027027027027027,10.25,0
LEAD3011,Email,Education,Medium,97100.0,8,3.2,Asia-Pacific,39,0,0.5097,1,37869.0,1.9047619047619047,4.333333333333333,0
LEAD3012,Website,Finance,Medium,17000.0,6,4.8,Middle East,51,0,0.4818,1,8670.0,1.0344827586206897,7.285714285714286,0
LEAD3013,Website,Healthcare,Medium,8800.0,2,37.5,Asia-Pacific,46,0,0.1207,0,4048.0,0.05194805194805195,15.333333333333334,0
LEAD3014,Email,Tech,Small,33300.0,9,22.6,Asia-Pacific,28,0,0.2088,0,9324.0,0.3813559322033898,2.8,0
LEAD3015,Cold Call,Retail,Large,5500.0,8,2.3,North America,34,0,0.2288,1,1870.0,2.4242424242424243,3.7777777777777777,0
LEAD3016,Website,Retail,Medium,7800.0,2,9.5,South America,86,0,0.3852,0,6708.0,0.19047619047619047,28.666666666666668,0
LEAD3017,Cold Call,Finance,Medium,32700.0,3,8.2,Europe,48,0,0.1187,0,15696.0,0.32608695652173914,12.0,0
LEAD3018,Email,Healthcare,Medium,13400.0,4,7.1,South America,47,1,0.5289,0,6298.0,0.4938271604938272,9.4,0
LEAD3019,Website,Finance,Small,6500.0,8,7.7,North America,25,0,0.305,0,1625.0,0.9195402298850576,2.7777777777777777,0
LEAD3020,LinkedIn,Education,Large,23100.0,5,12.5,North America,46,2,0.567,0,10626.0,0.37037037037037035,7.666666666666667,0
LEAD3021,Website,Finance,Medium,28400.0,3,41.1,Europe,74,1,0.5426,0,21016.0,0.07125890736342043,18.5,0
LEAD3022,Email,Education,Large,4700.0,7,25.1,North America,67,1,0.4403,0,3149.0,0.2681992337164751,8.375,0
LEAD3023,Cold Call,Education,Large,8500.0,3,25.1,Asia-Pacific,71,1,0.1698,0,6035.0,0.11494252873563218,17.75,0
LEAD3024,Website,Finance,Medium,7000.0,8,14.7,Middle East,31,0,0.5705,1,2170.0,0.5095541401273885,3.4444444444444446,0
LEAD3025,Website,Tech,Medium,11600.0,4,0.3,Asia-Pacific,31,0,0.8094,1,3596.0,3.0769230769230766,6.2,0
LEAD3026,Email,Finance,Small,30800.0,5,7.1,South America,78,1,0.5047,0,24024.0,0.617283950617284,13.0,0
LEAD3027,Referral,Education,Small,27000.0,7,8.7,Europe,72,1,0.8679,1,19440.0,0.7216494845360826,9.0,0
LEAD3028,Cold Call,Tech,Small,23700.0,5,22.3,Asia-Pacific,50,1,0.1788,1,11850.0,0.2145922746781116,8.333333333333334,0
LEAD3029,Cold Call,Healthcare,Small,2100.0,7,30.8,Asia-Pacific,72,1,0.3234,0,1512.0,0.22012578616352202,9.0,0
LEAD3030,Cold Call,Education,Small,5100.0,6,7.3,Asia-Pacific,31,2,0.074,0,1581.0,0.7228915662650601,4.428571428571429,0
LEAD3031,Website,Finance,Small,7100.0,6,4.4,Europe,30,2,0.3624,0,2130.0,1.111111111111111,4.285714285714286,0
LEAD3032,Email,Healthcare,Small,8300.0,6,5.0,Europe,23,2,0.1766,0,1909.0,1.0,3.2857142857142856,0
LEAD3033,LinkedIn,Tech,Small,5200.0,8,10.5,Asia-Pacific,62,0,0.6413,1,3224.0,0.6956521739130435,6.888888888888889,0
LEAD3034,Website,Tech,Small,12600.0,7,4.0,North America,59,3,0.8871,1,7434.0,1.4,7.375,0
LEAD3035,Website,Retail,Small,3600.0,5,29.1,Asia-Pacific,45,1,0.3659,1,1620.0,0.16611295681063123,7.5,0
LEAD3036,Website,Tech,Medium,29700.0,6,6.6,Middle East,39,1,0.7486,1,11583.0,0.7894736842105263,5.571428571428571,0
LEAD3037,Email,Tech,Medium,33000.0,7,48.0,Europe,100,0,0.7483,1,33000.0,0.14285714285714285,12.5,0
LEAD3038,Referral,Education,Small,19100.0,4,1.5,Asia-Pacific,50,1,0.605,1,9550.0,1.6,10.0,0
LEAD3039,Website,Finance,Medium,3900.0,7,2.6,Asia-Pacific,83,1,0.9348,1,3237.0,1.9444444444444444,10.375,0
LEAD3040,Email,Manufacturing,Medium,46200.0,11,8.7,Asia-Pacific,52,0,0.4045,1,24024.0,1.1340206185567012,4.333333333333333,0
LEAD3041,Website,Manufacturing,Small,69400.0,6,24.4,Europe,45,0,0.2485,0,31230.0,0.2362204724409449,6.428571428571429,0
LEAD3042,Referral,Tech,Medium,6500.0,9,5.3,South America,83,1,0.9584,1,5395.0,1.4285714285714286,8.3,0
LEAD3043,Website,Tech,Large,26400.0,7,21.9,Europe,71,1,0.8676,1,18744.0,0.30567685589519655,8.875,0
LEAD3044,Email,Retail,Medium,38900.0,6,6.8,North America,55,0,0.5239,1,21395.0,0.7692307692307693,7.857142857142857,0
LEAD3045,Cold Call,Finance,Small,17500.0,6,23.1,Asia-Pacific,78,1,0.3945,1,13650.0,0.24896265560165973,11.142857142857142,0
LEAD3046,Cold Call,Tech,Medium,9800.0,8,4.0,Asia-Pacific,100,0,0.9001,1,9800.0,1.6,11.11111111111111,0
LEAD3047,Email,Retail,Small,15000.0,8,7.8,Asia-Pacific,40,0,0.2699,0,6000.0,0.9090909090909091,4.444444444444445,0
LEAD3048,Website,Tech,Medium,16400.0,5,4.0,North America,64,0,0.9392,1,10496.0,1.0,10.666666666666666,0
LEAD3049,Email,Education,Large,12200.0,7,3.0,North America,47,2,0.3939,1,5734.0,1.75,5.875,0
LEAD3050,Website,Tech,Medium,55100.0,5,6.7,Middle East,36,0,0.516,0,19836.0,0.6493506493506493,6.0,0
LEAD3051,Website,Tech,Large,29200.0,9,5.0,North America,36,1,0.7637,0,10512.0,1.5,3.6,0
LEAD3052,Email,Tech,Small,7500.0,5,18.7,Asia-Pacific,87,0,0.6376,0,6525.0,0.25380710659898476,14.5,0
LEAD3053,Website,Manufacturing,Large,19600.0,3,16.6,Asia-Pacific,19,0,0.1033,0,3724.0,0.17045454545454544,4.75,0
LEAD3054,Website,Retail,Medium,25300.0,6,5.4,Asia-Pacific,65,0,0.7904,1,16445.0,0.9375,9.285714285714286,0
LEAD3055,Cold Call,Education,Small,5000.0,7,48.0,North America,38,3,0.069,0,1900.0,0.14285714285714285,4.75,0
LEAD3056,Referral,Finance,Medium,10900.0,5,43.8,Asia-Pacific,90,0,0.8356,1,9810.0,0.11160714285714286,15.0,0
LEAD3057,Cold Call,Finance,Small,49200.0,6,30.1,South America,50,1,0.0894,0,24600.0,0.19292604501607716,7.142857142857143,0
LEAD3058,Website,Tech,Small,18700.0,8,10.7,Europe,48,1,0.7238,1,8976.0,0.6837606837606838,5.333333333333333,0
LEAD3059,Website,Finance,Medium,6900.0,9,6.5,Europe,86,1,0.9199,1,5934.0,1.2,8.6,0
LEAD3060,Referral,Healthcare,Small,4600.0,5,4.6,Europe,73,1,0.8872,1,3358.0,0.8928571428571429,12.166666666666666,0
LEAD3061,Website,Healthcare,Medium,16600.0,6,0.3,North America,66,0,0.8796,1,10956.0,4.615384615384615,9.428571428571429,0
LEAD3062,Website,Tech,Small,17900.0,7,12.1,South America,71,1,0.8317,0,12709.0,0.5343511450381679,8.875,0
LEAD3063,Email,Manufacturing,Small,10100.0,3,9.8,South America,33,3,0.1697,1,3333.0,0.27777777777777773,8.25,0
LEAD3064,Cold Call,Tech,Large,21900.0,4,12.0,Middle East,70,2,0.7493,1,15330.0,0.3076923076923077,14.0,0
LEAD3065,Cold Call,Manufacturing,Small,3400.0,7,10.4,Europe,51,1,0.125,0,1734.0,0.6140350877192983,6.375,0
LEAD3066,Website,Tech,Medium,5100.0,4,1.9,Asia-Pacific,62,1,0.9404,1,3162.0,1.3793103448275863,12.4,0
LEAD3067,Website,Finance,Medium,17800.0,6,14.4,North America,65,0,0.7625,1,11570.0,0.38961038961038963,9.285714285714286,0
LEAD3068,Referral,Finance,Medium,3300.0,9,5.5,Asia-Pacific,33,1,0.5758,1,1089.0,1.3846153846153846,3.3,0
LEAD3069,Website,Finance,Large,44600.0,3,8.8,Europe,67,0,0.6356,0,29882.0,0.3061224489795918,16.75,0
LEAD3070,Cold Call,Healthcare,Medium,5100.0,4,5.6,South America,51,0,0.2221,1,2601.0,0.6060606060606061,10.2,0
LEAD3071,Cold Call,Finance,Small,24400.0,4,0.4,Asia-Pacific,30,1,0.3257,0,7320.0,2.857142857142857,6.0,0
LEAD3072,Cold Call,Finance,Large,11900.0,8,25.2,Middle East,52,0,0.2208,0,6188.0,0.3053435114503817,5.777777777777778,0
LEAD3073,Website,Retail,Small,12200.0,8,2.0,South America,55,0,0.7722,1,6710.0,2.6666666666666665,6.111111111111111,0
LEAD3074,Website,Retail,Medium,31000.0,8,10.6,South America,67,0,0.827,1,20770.0,0.6896551724137931,7.444444444444445,0
LEAD3075,Email,Education,Large,15800.0,4,25.9,North America,7,3,0.0529,0,1106.0,0.14869888475836432,1.4,0
LEAD3076,LinkedIn,Tech,Medium,27900.0,3,3.1,Asia-Pacific,63,1,0.6288,0,17577.0,0.7317073170731708,15.75,0
LEAD3077,Referral,Healthcare,Medium,16100.0,5,6.5,Europe,45,1,0.7299,0,7245.0,0.6666666666666666,7.5,0
LEAD3078,Website,Healthcare,Medium,20000.0,6,5.8,North America,71,0,0.7314,1,14200.0,0.8823529411764706,10.142857142857142,0
LEAD3079,Website,Finance,Medium,30600.0,8,1.2,North America,55,1,0.914,1,16830.0,3.6363636363636362,6.111111111111111,0
LEAD3080,Referral,Finance,Large,20700.0,6,6.7,Asia-Pacific,48,1,0.9053,1,9936.0,0.7792207792207793,6.857142857142857,0
LEAD3081,Cold Call,Finance,Small,21100.0,5,7.9,North America,51,0,0.1814,0,10761.0,0.5617977528089887,8.5,0
LEAD3082,LinkedIn,Tech,Small,33100.0,10,0.4,Europe,62,3,0.9454,1,20522.0,7.142857142857143,5.636363636363637,0
LEAD3083,Website,Tech,Small,61600.0,7,8.1,Asia-Pacific,73,1,0.8461,1,44968.0,0.7692307692307693,9.125,0
LEAD3084,Email,Tech,Medium,11500.0,13,1.3,South America,37,3,0.6534,1,4255.0,5.6521739130434785,2.642857142857143,0
LEAD3085,Cold Call,Retail,Small,19200.0,4,26.9,Asia-Pacific,48,1,0.2216,0,9216.0,0.14336917562724016,9.6,0
LEAD3086,Cold Call,Retail,Small,3800.0,5,12.7,Europe,84,1,0.4775,1,3192.0,0.36496350364963503,14.0,0
LEAD3087,Email,Manufacturing,Small,10900.0,7,0.8,North America,48,1,0.6092,1,5232.0,3.888888888888889,6.0,0
LEAD3088,Website,Retail,Large,12600.0,7,21.2,North America,62,0,0.7533,1,7812.0,0.3153153153153153,7.75,0
LEAD3089,Email,Tech,Medium,38100.0,5,5.5,North America,30,2,0.2495,0,11430.0,0.7692307692307693,5.0,0
LEAD3090,Website,Education,Small,16400.0,3,3.2,North America,21,1,0.1415,0,3444.0,0.7142857142857143,5.25,0
LEAD3091,Email,Education,Small,28300.0,6,3.6,Middle East,34,1,0.3609,0,9622.0,1.3043478260869565,4.857142857142857,0
LEAD3092,Referral,Finance,Small,2400.0,9,11.0,Europe,41,0,0.6976,1,984.0,0.75,4.1,0
LEAD3093,Email,Healthcare,Small,14500.0,7,1.1,North America,76,0,0.7375,1,11020.0,3.333333333333333,9.5,1
LEAD3094,LinkedIn,Manufacturing,Small,48300.0,3,0.8,North America,78,1,0.6864,1,37674.0,1.6666666666666665,19.5,1
LEAD3095,Website,Healthcare,Large,7100.0,5,12.0,Europe,16,1,0.2502,0,1136.0,0.38461538461538464,2.6666666666666665,0
LEAD3096,Cold Call,Manufacturing,Large,2600.0,5,48.0,Europe,44,1,0.0999,0,1144.0,0.10204081632653061,7.333333333333333,0
LEAD3097,Referral,Tech,Small,13400.0,5,8.0,North America,69,3,0.8899,1,9246.0,0.5555555555555556,11.5,0
LEAD3098,Website,Tech,Small,26400.0,3,6.5,Middle East,53,0,0.2018,1,13992.0,0.4,13.25,0
LEAD3099,Website,Finance,Small,14100.0,6,35.4,North America,85,0,0.771,1,11985.0,0.16483516483516483,12.142857142857142,0
LEAD3100,Email,Healthcare,Small,14300.0,9,3.4,North America,68,1,0.8165,1,9724.0,2.0454545454545454,6.8,0
LEAD3101,Website,Education,Small,24200.0,5,3.4,North America,50,0,0.575,1,12100.0,1.1363636363636362,8.333333333333334,0
LEAD3102,Cold Call,Manufacturing,Small,7900.0,8,28.4,Europe,51,1,0.1408,0,4029.0,0.272108843537415,5.666666666666667,0
LEAD3103,LinkedIn,Finance,Small,29900.0,3,12.6,North America,54,1,0.2093,0,16146.0,0.22058823529411764,13.5,0
LEAD3104,Email,Tech,Medium,5300.0,4,0.8,North America,38,0,0.5795,1,2014.0,2.2222222222222223,7.6,0
LEAD3105,Website,Education,Medium,12100.0,4,13.5,North America,74,2,0.8022,1,8954.0,0.27586206896551724,14.8,0
LEAD3106,Email,Healthcare,Medium,23300.0,6,20.7,Europe,70,1,0.6787,1,16310.0,0.2764976958525346,10.0,0
LEAD3107,Cold Call,Tech,Small,37200.0,5,3.9,North America,64,0,0.6081,1,23808.0,1.0204081632653061,10.666666666666666,0
LEAD3108,Website,Finance,Large,33400.0,7,5.9,North America,60,0,0.7313,0,20040.0,1.0144927536231882,7.5,0
LEAD3109,Email,Retail,Large,27600.0,7,2.7,Europe,35,2,0.6247,1,9660.0,1.8918918918918919,4.375,0
LEAD3110,Cold Call,Retail,Small,10900.0,5,12.1,North America,65,0,0.2288,0,7085.0,0.3816793893129771,10.833333333333334,0
LEAD3111,Cold Call,Finance,Small,4600.0,4,13.2,Europe,58,3,0.2944,1,2668.0,0.28169014084507044,11.6,0
LEAD3112,Website,Finance,Medium,6900.0,3,1.0,North America,95,1,0.9451,1,6555.0,1.5,23.75,1
LEAD3113,Cold Call,Manufacturing,Small,42000.0,6,13.7,North America,29,0,0.0543,0,12180.0,0.40816326530612246,4.142857142857143,0
LEAD3114,Website,Retail,Small,40900.0,6,13.0,Europe,41,1,0.5364,0,16769.0,0.42857142857142855,5.857142857142857,0
LEAD3115,Website,Finance,Medium,62500.0,4,0.5,North America,23,0,0.747,1,14375.0,2.6666666666666665,4.6,0
LEAD3116,LinkedIn,Tech,Medium,3600.0,3,9.8,North America,51,1,0.5666,0,1836.0,0.27777777777777773,12.75,0
LEAD3117,Cold Call,Retail,Small,17400.0,4,11.5,Europe,20,1,0.0757,0,3480.0,0.32,4.0,0
LEAD3118,Website,Tech,Medium,22900.0,5,6.8,South America,79,2,0.727,1,18091.0,0.6410256410256411,13.166666666666666,0
LEAD3119,Website,Tech,Large,26800.0,9,27.9,Asia-Pacific,77,1,0.7349,1,20636.0,0.31141868512110726,7.7,0
LEAD3120,Website,Healthcare,Small,22600.0,6,4.9,Asia-Pacific,52,0,0.3995,0,11752.0,1.0169491525423728,7.428571428571429,0
LEAD3121,Website,Tech,Medium,31400.0,8,0.9,South America,35,1,0.9165,1,10990.0,4.2105263157894735,3.888888888888889,0
LEAD3122,Website,Healthcare,Small,10900.0,3,13.5,Middle East,25,1,0.2939,1,2725.0,0.20689655172413793,6.25,0
LEAD3123,Website,Tech,Small,6000.0,8,11.3,Asia-Pacific,41,2,0.5096,1,2460.0,0.6504065040650406,4.555555555555555,0
LEAD3124,Email,Retail,Medium,6600.0,5,48.0,Europe,68,0,0.3411,0,4488.0,0.10204081632653061,11.333333333333334,0
LEAD3125,Cold Call,Tech,Small,2200.0,4,3.3,North America,39,1,0.0875,0,858.0,0.9302325581395349,7.8,0
LEAD3126,Cold Call,Tech,Small,10600.0,6,6.1,North America,93,0,0.6326,0,9858.0,0.8450704225352114,13.285714285714286,0
LEAD3127,Cold Call,Tech,Small,3900.0,5,7.5,Asia-Pacific,85,0,0.4544,0,3315.0,0.5882352941176471,14.166666666666666,0
LEAD3128,Website,Manufacturing,Medium,9800.0,8,23.8,Middle East,55,1,0.6908,1,5390.0,0.3225806451612903,6.111111111111111,0
LEAD3129,Referral,Education,Medium,21800.0,8,6.5,Europe,46,1,0.7134,0,10028.0,1.0666666666666667,5.111111111111111,0
LEAD3130,LinkedIn,Tech,Small,47000.0,7,17.8,Asia-Pacific,44,0,0.399,1,20680.0,0.3723404255319149,5.5,0
LEAD3131,LinkedIn,Retail,Medium,38600.0,7,2.1,Europe,87,0,0.8219,0,33582.0,2.258064516129032,10.875,0
LEAD3132,LinkedIn,Healthcare,Small,7800.0,4,6.4,Europe,42,0,0.235,1,3276.0,0.5405405405405405,8.4,0
LEAD3133,Referral,Manufacturing,Medium,4900.0,10,2.1,Europe,74,1,0.9265,1,3626.0,3.225806451612903,6.7272727272727275,0
LEAD3134,Email,Finance,Small,6300.0,5,36.0,Europe,55,0,0.1397,0,3465.0,0.13513513513513514,9.166666666666666,0
LEAD3135,Website,Retail,Medium,72800.0,8,2.4,North America,69,1,0.876,1,50232.0,2.3529411764705883,7.666666666666667,0
LEAD3136,Cold Call,Tech,Large,17900.0,7,6.6,Asia-Pacific,39,0,0.277,0,6981.0,0.9210526315789475,4.875,0
LEAD3137,Cold Call,Finance,Large,6000.0,2,1.1,South America,48,1,0.1589,0,2880.0,0.9523809523809523,16.0,0
LEAD3138,Cold Call,Manufacturing,Small,38700.0,1,30.6,South America,55,0,0.0444,0,21285.0,0.03164556962025316,27.5,0
LEAD3139,Email,Healthcare,Large,12100.0,6,11.8,North America,42,2,0.3411,1,5082.0,0.46875,6.0,0
LEAD3140,Website,Tech,Small,47900.0,8,39.5,South America,80,1,0.7248,1,38320.0,0.19753086419753085,8.88888888888889,0
LEAD3141,Email,Tech,Large,8000.0,7,0.6,North America,40,1,0.6318,1,3200.0,4.375,5.0,0
LEAD3142,LinkedIn,Retail,Small,12000.0,6,2.4,North America,43,2,0.6483,1,5160.0,1.7647058823529411,6.142857142857143,0
LEAD3143,Email,Healthcare,Small,16100.0,2,5.8,Asia-Pacific,82,0,0.366,0,13202.0,0.29411764705882354,27.333333333333332,0
LEAD3144,Email,Finance,Small,46600.0,6,11.8,North America,78,1,0.6505,0,36348.0,0.46875,11.142857142857142,0
LEAD3145,Website,Manufacturing,Small,42600.0,9,4.9,North America,87,2,0.8389,1,37062.0,1.5254237288135593,8.7,0
LEAD3146,Email,Tech,Medium,19100.0,10,15.0,North America,17,1,0.199,0,3247.0,0.625,1.5454545454545454,0
LEAD3147,LinkedIn,Finance,Large,7000.0,4,2.3,Asia-Pacific,59,0,0.6995,1,4130.0,1.2121212121212122,11.8,0
LEAD3148,Cold Call,Manufacturing,Medium,12300.0,4,11.1,North America,57,0,0.1467,0,7011.0,0.3305785123966942,11.4,0
LEAD3149,LinkedIn,Finance,Medium,76300.0,4,6.2,Europe,44,0,0.4719,1,33572.0,0.5555555555555556,8.8,0
LEAD3150,Email,Tech,Medium,20700.0,4,8.6,Asia-Pacific,61,1,0.5666,0,12627.0,0.4166666666666667,12.2,0
LEAD3151,Cold Call,Healthcare,Small,32400.0,8,10.2,Asia-Pacific,49,0,0.1952,0,15876.0,0.7142857142857143,5.444444444444445,0
LEAD3152,Website,Education,Small,14000.0,6,0.8,South America,58,0,0.8184,1,8120.0,3.333333333333333,8.285714285714286,0
LEAD3153,Cold Call,Tech,Small,17200.0,6,31.0,Europe,100,1,0.5385,1,17200.0,0.1875,14.285714285714286,0
LEAD3154,Email,Manufacturing,Small,13200.0,4,18.6,North America,61,1,0.4443,0,8052.0,0.2040816326530612,12.2,0
LEAD3155,Email,Retail,Small,26300.0,8,7.1,North America,62,1,0.73,0,16306.0,0.9876543209876544,6.888888888888889,0
LEAD3156,Cold Call,Tech,Small,40100.0,8,9.6,Europe,71,2,0.4353,0,28471.0,0.7547169811320755,7.888888888888889,0
LEAD3157,Referral,Retail,Small,16200.0,3,0.5,Asia-Pacific,59,1,0.7849,0,9558.0,2.0,14.75,0
LEAD3158,Website,Finance,Small,15100.0,7,8.4,North America,33,1,0.2431,1,4983.0,0.7446808510638298,4.125,0
LEAD3159,LinkedIn,Finance,Large,10300.0,6,6.8,North America,22,0,0.2967,1,2266.0,0.7692307692307693,3.142857142857143,0
LEAD3160,Website,Retail,Small,5900.0,3,5.7,Asia-Pacific,54,0,0.2615,0,3186.0,0.44776119402985076,13.5,0
LEAD3161,Email,Manufacturing,Medium,58000.0,6,20.4,Asia-Pacific,50,1,0.2562,0,29000.0,0.28037383177570097,7.142857142857143,0
LEAD3162,Website,Tech,Medium,9600.0,2,2.5,Asia-Pacific,16,1,0.3296,1,1536.0,0.5714285714285714,5.333333333333333,0
LEAD3163,Website,Finance,Medium,34300.0,5,2.4,Asia-Pacific,88,2,0.9545,1,30184.0,1.4705882352941178,14.666666666666666,0
LEAD3164,Email,Finance,Small,27100.0,8,8.9,Asia-Pacific,57,1,0.6082,1,15447.0,0.8080808080808081,6.333333333333333,0
LEAD3165,Website,Finance,Small,33300.0,6,14.0,Asia-Pacific,84,1,0.765,1,27972.0,0.4,12.0,0
LEAD3166,Email,Finance,Small,57200.0,6,0.4,Europe,10,1,0.4552,0,5720.0,4.285714285714286,1.4285714285714286,0
LEAD3167,LinkedIn,Tech,Small,21500.0,3,9.6,Middle East,84,1,0.7892,1,18060.0,0.2830188679245283,21.0,0
LEAD3168,Website,Retail,Small,47600.0,6,4.4,Europe,45,0,0.3793,1,21420.0,1.111111111111111,6.428571428571429,0
LEAD3169,LinkedIn,Finance,Medium,5700.0,7,17.1,North America,80,0,0.717,1,4560.0,0.38674033149171266,10.0,0
LEAD3170,Email,Tech,Medium,21700.0,4,7.7,North America,59,2,0.6283,0,12803.0,0.4597701149425288,11.8,0
LEAD3171,Cold Call,Education,Medium,31600.0,7,21.7,Asia-Pacific,64,0,0.2498,1,20224.0,0.30837004405286345,8.0,0
LEAD3172,Website,Education,Small,8300.0,5,6.2,South America,64,1,0.5418,0,5312.0,0.6944444444444444,10.666666666666666,0
LEAD3173,Website,Finance,Small,29000.0,6,21.2,North America,46,0,0.5763,1,13340.0,0.2702702702702703,6.571428571428571,0
LEAD3174,Website,Tech,Medium,32100.0,5,15.2,North America,42,1,0.616,1,13482.0,0.308641975308642,7.0,0
LEAD3175,Website,Healthcare,Small,37600.0,10,21.2,South America,48,1,0.6901,1,18048.0,0.45045045045045046,4.363636363636363,0
LEAD3176,Website,Tech,Medium,9500.0,12,20.2,South America,26,1,0.7243,1,2470.0,0.5660377358490566,2.0,0
LEAD3177,Cold Call,Tech,Medium,24900.0,6,8.1,North America,45,1,0.4594,0,11205.0,0.6593406593406593,6.428571428571429,0
LEAD3178,LinkedIn,Retail,Small,9300.0,5,5.6,North America,41,1,0.2547,0,3813.0,0.7575757575757576,6.833333333333333,0
LEAD3179,LinkedIn,Tech,Small,28900.0,6,17.5,Asia-Pacific,25,1,0.5098,1,7225.0,0.32432432432432434,3.5714285714285716,0
LEAD3180,Cold Call,Tech,Small,14400.0,5,5.5,North America,64,2,0.5282,0,9216.0,0.7692307692307693,10.666666666666666,0
LEAD3181,Website,Tech,Small,20200.0,7,1.2,South America,55,2,0.8715,1,11110.0,3.1818181818181817,6.875,0
LEAD3182,Website,Tech,Small,12800.0,5,23.6,North America,60,0,0.5203,1,7680.0,0.2032520325203252,10.0,0
LEAD3183,Website,Tech,Small,5500.0,6,6.2,North America,69,0,0.6618,0,3795.0,0.8333333333333333,9.857142857142858,0
LEAD3184,Website,Manufacturing,Small,5900.0,6,1.8,North America,50,0,0.5005,1,2950.0,2.142857142857143,7.142857142857143,0
LEAD3185,Email,Tech,Medium,3600.0,4,12.6,North America,36,1,0.3401,1,1296.0,0.29411764705882354,7.2,0
LEAD3186,Email,Tech,Medium,21300.0,3,26.6,North America,61,1,0.4206,0,12993.0,0.10869565217391304,15.25,0
LEAD3187,Email,Tech,Small,39800.0,8,23.8,North America,1,0,0.126,0,398.0,0.3225806451612903,0.1111111111111111,0
LEAD3188,Email,Manufacturing,Large,2400.0,7,9.8,Asia-Pacific,53,0,0.2172,0,1272.0,0.6481481481481481,6.625,0
LEAD3189,LinkedIn,Healthcare,Large,3400.0,5,1.2,North America,70,1,0.8341,1,2380.0,2.2727272727272725,11.666666666666666,0
LEAD3190,LinkedIn,Finance,Large,14200.0,5,14.4,South America,76,0,0.7362,1,10792.0,0.3246753246753247,12.666666666666666,0
LEAD3191,Website,Education,Medium,28800.0,5,11.4,North America,44,0,0.6152,0,12672.0,0.4032258064516129,7.333333333333333,0
LEAD3192,LinkedIn,Finance,Small,5400.0,4,2.9,Asia-Pacific,10,0,0.1415,0,540.0,1.0256410256410258,2.0,0
LEAD3193,Referral,Finance,Small,8300.0,6,27.8,North America,2,2,0.1461,0,166.0,0.20833333333333331,0.2857142857142857,0
LEAD3194,Website,Tech,Medium,7300.0,6,1.2,North America,68,0,0.805,0,4964.0,2.727272727272727,9.714285714285714,0
LEAD3195,Email,Finance,Medium,12200.0,1,5.7,Europe,48,1,0.4,0,5856.0,0.14925373134328357,24.0,0
LEAD3196,Email,Finance,Medium,7100.0,7,1.3,Europe,95,2,0.9395,1,6745.0,3.0434782608695654,11.875,1
LEAD3197,Referral,Retail,Large,10700.0,6,29.3,Asia-Pacific,27,0,0.4421,1,2889.0,0.198019801980198,3.857142857142857,0
LEAD3198,LinkedIn,Tech,Medium,28100.0,10,0.5,Asia-Pacific,62,1,0.9418,1,17422.0,6.666666666666667,5.636363636363637,0
LEAD3199,Website,Healthcare,Small,20900.0,5,6.8,Asia-Pacific,88,2,0.8659,1,18392.0,0.6410256410256411,14.666666666666666,0
LEAD3200,Email,Tech,Small,3700.0,9,23.8,Europe,59,0,0.4854,1,2183.0,0.3629032258064516,5.9,0
LEAD3201,Email,Tech,Small,22300.0,8,3.6,South America,23,3,0.6691,0,5129.0,1.7391304347826089,2.5555555555555554,0
LEAD3202,Email,Finance,Medium,15000.0,5,1.4,Europe,100,0,0.8482,1,15000.0,2.0833333333333335,16.666666666666668,1
LEAD3203,Website,Manufacturing,Medium,56500.0,7,1.7,Middle East,87,0,0.7607,1,49155.0,2.5925925925925926,10.875,1
LEAD3204,LinkedIn,Finance,Medium,8800.0,10,6.3,Asia-Pacific,50,2,0.7104,1,4400.0,1.36986301369863,4.545454545454546,0
LEAD3205,Cold Call,Retail,Medium,27900.0,8,6.8,North America,71,1,0.725,1,19809.0,1.0256410256410258,7.888888888888889,0
LEAD3206,LinkedIn,Tech,Large,28300.0,2,15.3,North America,72,1,0.693,1,20376.0,0.12269938650306748,24.0,0
LEAD3207,LinkedIn,Tech,Medium,7000.0,8,3.4,Europe,68,1,0.775,0,4760.0,1.8181818181818181,7.555555555555555,0
LEAD3208,Cold Call,Tech,Medium,48700.0,10,14.6,Asia-Pacific,27,1,0.3342,1,13149.0,0.6410256410256411,2.4545454545454546,0
LEAD3209,Email,Finance,Small,15500.0,5,48.0,Europe,61,0,0.1911,0,9455.0,0.10204081632653061,10.166666666666666,0
LEAD3210,Cold Call,Tech,Large,24700.0,6,24.1,Asia-Pacific,84,0,0.3451,1,20748.0,0.2390438247011952,12.0,0
LEAD3211,Website,Tech,Medium,5200.0,3,12.2,North America,65,1,0.4174,0,3380.0,0.2272727272727273,16.25,0
LEAD3212,Cold Call,Retail,Small,8000.0,6,33.8,North America,63,0,0.0616,0,5040.0,0.1724137931034483,9.0,0
LEAD3213,Website,Tech,Small,19600.0,3,48.0,North America,44,1,0.1882,0,8624.0,0.061224489795918366,11.0,0
LEAD3214,Cold Call,Healthcare,Large,9700.0,1,10.2,Europe,37,2,0.0761,0,3589.0,0.08928571428571429,18.5,0
LEAD3215,Website,Finance,Small,15900.0,5,3.9,Asia-Pacific,24,0,0.252,1,3816.0,1.0204081632653061,4.0,0
LEAD3216,Website,Healthcare,Small,11400.0,6,29.7,North America,70,2,0.7881,1,7980.0,0.19543973941368079,10.0,0
LEAD3217,Website,Healthcare,Small,22500.0,6,22.4,Europe,51,0,0.4284,1,11475.0,0.25641025641025644,7.285714285714286,0
LEAD3218,Website,Finance,Medium,15400.0,6,1.2,North America,28,2,0.5959,1,4312.0,2.727272727272727,4.0,0
LEAD3219,Cold Call,Tech,Medium,2100.0,6,33.2,North America,75,2,0.4871,0,1575.0,0.17543859649122806,10.714285714285714,0
LEAD3220,Cold Call,Retail,Small,23000.0,7,5.6,Asia-Pacific,43,1,0.2209,1,9890.0,1.0606060606060606,5.375,0
LEAD3221,Email,Education,Small,13000.0,9,4.8,North America,38,1,0.4861,1,4940.0,1.5517241379310345,3.8,0
LEAD3222,Website,Tech,Large,10400.0,7,5.1,Asia-Pacific,45,1,0.5899,0,4680.0,1.1475409836065575,5.625,0
LEAD3223,Website,Tech,Medium,4000.0,3,4.7,Asia-Pacific,51,2,0.493,1,2040.0,0.5263157894736842,12.75,0
LEAD3224,Website,Education,Large,7000.0,6,8.8,South America,64,0,0.6657,1,4480.0,0.6122448979591836,9.142857142857142,0
LEAD3225,Website,Finance,Small,7100.0,2,10.5,North America,37,0,0.2122,0,2627.0,0.17391304347826086,12.333333333333334,0
LEAD3226,LinkedIn,Healthcare,Small,56800.0,4,6.8,Europe,75,0,0.7776,1,42600.0,0.5128205128205129,15.0,0
LEAD3227,Website,Finance,Small,13300.0,11,6.5,Asia-Pacific,65,2,0.7052,0,8645.0,1.4666666666666666,5.416666666666667,0
LEAD3228,Email,Tech,Medium,2900.0,4,16.1,Asia-Pacific,45,0,0.6284,0,1305.0,0.23391812865497075,9.0,0
LEAD3229,Website,Healthcare,Small,5000.0,7,0.1,Asia-Pacific,52,1,0.5652,1,2600.0,6.363636363636363,6.5,0
LEAD3230,Website,Healthcare,Small,3600.0,4,35.3,North America,47,0,0.1657,0,1692.0,0.11019283746556474,9.4,0
LEAD3231,Email,Tech,Small,19800.0,4,15.1,North America,56,2,0.583,0,11088.0,0.24844720496894407,11.2,0
LEAD3232,Cold Call,Finance,Small,6100.0,7,14.8,Europe,85,0,0.4663,0,5185.0,0.4430379746835443,10.625,0
LEAD3233,Website,Retail,Medium,15800.0,6,6.7,Asia-Pacific,46,3,0.5744,1,7268.0,0.7792207792207793,6.571428571428571,0
LEAD3234,Website,Healthcare,Small,11200.0,6,40.6,North America,59,0,0.4432,0,6608.0,0.14423076923076922,8.428571428571429,0
LEAD3235,Email,Tech,Medium,34600.0,4,0.1,North America,41,0,0.5857,0,14186.0,3.6363636363636362,8.2,0
LEAD3236,Website,Healthcare,Large,9700.0,5,1.1,Asia-Pacific,66,1,0.9155,1,6402.0,2.380952380952381,11.0,0
LEAD3237,Website,Retail,Small,14300.0,5,19.7,North America,61,0,0.516,0,8723.0,0.24154589371980678,10.166666666666666,0
LEAD3238,Referral,Retail,Medium,27600.0,8,16.2,North America,82,1,0.976,1,22632.0,0.46511627906976744,9.11111111111111,0
LEAD3239,Cold Call,Healthcare,Large,13400.0,4,3.9,North America,38,1,0.3552,0,5092.0,0.8163265306122448,7.6,0
LEAD3240,Email,Tech,Large,33500.0,3,10.9,North America,69,1,0.6108,1,23115.0,0.25210084033613445,17.25,0
LEAD3241,Email,Retail,Small,23700.0,5,9.2,Europe,80,2,0.7324,0,18960.0,0.4901960784313726,13.333333333333334,0
LEAD3242,Email,Retail,Small,12600.0,5,9.1,North America,46,1,0.4152,1,5796.0,0.49504950495049505,7.666666666666667,0
LEAD3243,Email,Tech,Small,16000.0,5,11.0,North America,52,3,0.4622,0,8320.0,0.4166666666666667,8.666666666666666,0
LEAD3244,Cold Call,Finance,Medium,70300.0,3,48.0,North America,59,0,0.0863,0,41477.0,0.061224489795918366,14.75,0
LEAD3245,Cold Call,Finance,Medium,23700.0,7,48.0,North America,50,2,0.1444,1,11850.0,0.14285714285714285,6.25,0
LEAD3246,Website,Retail,Medium,49100.0,8,48.0,Asia-Pacific,59,0,0.6284,1,28969.0,0.16326530612244897,6.555555555555555,0
LEAD3247,Email,Tech,Small,5900.0,8,9.6,North America,68,1,0.4612,0,4012.0,0.7547169811320755,7.555555555555555,0
LEAD3248,Email,Healthcare,Small,15200.0,5,4.7,Europe,53,1,0.463,0,8056.0,0.8771929824561403,8.833333333333334,0
LEAD3249,LinkedIn,Manufacturing,Medium,49900.0,5,10.0,North America,53,2,0.6664,1,26447.0,0.45454545454545453,8.833333333333334,0
LEAD3250,Cold Call,Retail,Small,9800.0,5,11.8,North America,60,1,0.4526,1,5880.0,0.390625,10.0,0
LEAD3251,Email,Manufacturing,Medium,70600.0,6,4.6,North America,47,0,0.3301,0,33182.0,1.0714285714285714,6.714285714285714,0
LEAD3252,Website,Manufacturing,Small,4000.0,8,12.1,North America,48,2,0.5536,1,1920.0,0.6106870229007634,5.333333333333333,0
LEAD3253,Cold Call,Tech,Small,48600.0,7,11.8,Asia-Pacific,37,2,0.2135,0,17982.0,0.546875,4.625,0
LEAD3254,Website,Healthcare,Small,13800.0,4,28.2,Europe,54,0,0.2294,0,7452.0,0.136986301369863,10.8,0
LEAD3255,Website,Finance,Small,3500.0,9,3.4,Asia-Pacific,64,2,0.8313,0,2240.0,2.0454545454545454,6.4,0
LEAD3256,Website,Education,Small,44300.0,5,14.5,North America,50,1,0.3486,0,22150.0,0.3225806451612903,8.333333333333334,0
LEAD3257,Cold Call,Tech,Small,7800.0,5,7.3,North America,40,2,0.2424,0,3120.0,0.6024096385542168,6.666666666666667,0
LEAD3258,Website,Manufacturing,Small,2500.0,2,1.8,North America,53,0,0.3578,0,1325.0,0.7142857142857143,17.666666666666668,0
LEAD3259,Email,Healthcare,Small,4900.0,4,4.7,Asia-Pacific,63,0,0.4404,0,3087.0,0.7017543859649122,12.6,0
LEAD3260,LinkedIn,Retail,Small,23500.0,6,0.8,North America,58,1,0.7598,1,13630.0,3.333333333333333,8.285714285714286,0
LEAD3261,Website,Tech,Medium,78200.0,7,4.7,Europe,100,0,0.9632,1,78200.0,1.2280701754385965,12.5,0
LEAD3262,Email,Tech,Small,4400.0,8,1.0,North America,42,1,0.5791,0,1848.0,4.0,4.666666666666667,0
LEAD3263,Email,Retail,Medium,14400.0,6,31.3,North America,52,1,0.307,0,7488.0,0.18575851393188855,7.428571428571429,0
LEAD3264,Website,Tech,Medium,6000.0,9,1.4,Middle East,71,1,0.8693,0,4260.0,3.75,7.1,0
LEAD3265,LinkedIn,Education,Medium,29300.0,4,20.5,Europe,41,1,0.4048,0,12013.0,0.18604651162790697,8.2,0
LEAD3266,Website,Tech,Large,4500.0,6,28.5,Asia-Pacific,94,1,0.914,0,4230.0,0.2033898305084746,13.428571428571429,0
LEAD3267,Email,Retail,Small,7500.0,3,7.7,Asia-Pacific,55,0,0.1656,0,4125.0,0.3448275862068966,13.75,0
LEAD3268,Email,Finance,Medium,6400.0,6,0.8,Europe,66,0,0.7146,1,4224.0,3.333333333333333,9.428571428571429,0
LEAD3269,Cold Call,Healthcare,Large,18100.0,3,11.0,North America,55,2,0.1663,1,9955.0,0.25,13.75,0
LEAD3270,Cold Call,Retail,Large,43300.0,7,3.3,Europe,75,2,0.7117,1,32475.0,1.627906976744186,9.375,0
LEAD3271,Website,Finance,Small,16300.0,8,2.4,North America,34,0,0.4849,0,5542.0,2.3529411764705883,3.7777777777777777,0
LEAD3272,Website,Tech,Small,3200.0,4,10.1,Europe,86,2,0.8368,1,2752.0,0.3603603603603604,17.2,0
LEAD3273,Cold Call,Tech,Small,18600.0,5,5.4,Europe,60,0,0.5026,1,11160.0,0.78125,10.0,0
LEAD3274,Email,Healthcare,Medium,33900.0,6,15.8,Asia-Pacific,68,0,0.5499,1,23052.0,0.35714285714285715,9.714285714285714,0
LEAD3275,LinkedIn,Healthcare,Medium,4800.0,7,10.8,Asia-Pacific,40,0,0.5649,0,1920.0,0.5932203389830508,5.0,0
LEAD3276,LinkedIn,Retail,Small,3500.0,7,21.3,Asia-Pacific,62,1,0.5165,0,2170.0,0.3139013452914798,7.75,0
LEAD3277,LinkedIn,Healthcare,Medium,6200.0,6,0.8,North America,36,0,0.6507,1,2232.0,3.333333333333333,5.142857142857143,0
LEAD3278,Email,Finance,Medium,29400.0,5,3.3,North America,79,1,0.8844,1,23226.0,1.1627906976744187,13.166666666666666,0
LEAD3279,Website,Finance,Small,19900.0,8,10.1,North America,29,2,0.2862,0,5771.0,0.7207207207207208,3.2222222222222223,0
LEAD3280,LinkedIn,Tech,Large,17600.0,7,25.6,Asia-Pacific,58,2,0.644,1,10208.0,0.2631578947368421,7.25,0
LEAD3281,Email,Finance,Medium,7700.0,5,20.2,Middle East,47,0,0.1558,0,3619.0,0.2358490566037736,7.833333333333333,0
LEAD3282,Website,Manufacturing,Small,10100.0,6,13.8,North America,24,2,0.2741,0,2424.0,0.4054054054054054,3.4285714285714284,0
LEAD3283,LinkedIn,Education,Medium,69600.0,8,10.3,North America,36,1,0.53,0,25056.0,0.7079646017699115,4.0,0
LEAD3284,LinkedIn,Finance,Small,7500.0,4,12.1,Europe,64,1,0.4475,0,4800.0,0.3053435114503817,12.8,0
LEAD3285,Email,Healthcare,Medium,48400.0,5,3.0,South America,37,2,0.5752,1,17908.0,1.25,6.166666666666667,0
LEAD3286,Website,Education,Large,19400.0,4,11.0,Europe,42,1,0.4958,1,8148.0,0.3333333333333333,8.4,0
LEAD3287,Email,Finance,Large,4600.0,7,8.3,North America,62,1,0.6097,0,2852.0,0.7526881720430108,7.75,0
LEAD3288,LinkedIn,Tech,Small,14600.0,9,5.9,Middle East,73,1,0.8008,1,10658.0,1.3043478260869565,7.3,0
LEAD3289,LinkedIn,Tech,Small,61300.0,3,26.3,Asia-Pacific,68,1,0.2973,0,41684.0,0.10989010989010989,17.0,0
LEAD3290,Website,Healthcare,Small,12800.0,9,21.3,North America,54,2,0.6807,1,6912.0,0.40358744394618834,5.4,0
LEAD3291,Website,Manufacturing,Medium,41800.0,2,1.1,South America,59,2,0.7247,0,24662.0,0.9523809523809523,19.666666666666668,0
LEAD3292,LinkedIn,Retail,Small,7900.0,8,48.0,Europe,57,1,0.4017,0,4503.0,0.16326530612244897,6.333333333333333,0
LEAD3293,Email,Tech,Medium,18900.0,10,3.2,North America,34,0,0.5419,0,6426.0,2.380952380952381,3.090909090909091,0
LEAD3294,Email,Tech,Small,39100.0,9,3.0,Europe,61,0,0.7923,1,23851.0,2.25,6.1,0
LEAD3295,Referral,Retail,Small,52700.0,4,34.6,Asia-Pacific,34,0,0.6201,0,17918.0,0.11235955056179775,6.8,0
LEAD3296,Website,Education,Small,15300.0,4,7.2,Asia-Pacific,67,0,0.5093,1,10251.0,0.48780487804878053,13.4,0
LEAD3297,Cold Call,Healthcare,Large,22400.0,6,19.7,North America,58,1,0.2717,0,12992.0,0.2898550724637681,8.285714285714286,0
LEAD3298,Website,Healthcare,Medium,2100.0,9,4.2,Middle East,12,2,0.2101,0,252.0,1.7307692307692306,1.2,0
LEAD3299,Email,Tech,Small,7800.0,7,24.9,North America,75,0,0.4621,1,5850.0,0.2702702702702703,9.375,0
LEAD3300,LinkedIn,Education,Small,8500.0,6,21.5,Asia-Pacific,45,2,0.4931,0,3825.0,0.26666666666666666,6.428571428571429,0
LEAD3301,Email,Retail,Medium,4000.0,15,8.9,Europe,43,1,0.322,1,1720.0,1.5151515151515151,2.6875,0
LEAD3302,Referral,Tech,Small,8600.0,6,14.8,North America,74,0,0.85,0,6364.0,0.37974683544303794,10.571428571428571,0
LEAD3303,Email,Retail,Medium,9700.0,3,40.0,North America,52,1,0.1305,1,5044.0,0.07317073170731707,13.0,0
LEAD3304,Website,Tech,Medium,71300.0,9,7.3,South America,67,1,0.8449,1,47771.0,1.0843373493975903,6.7,0
LEAD3305,Website,Tech,Medium,24100.0,5,8.3,Europe,42,1,0.7584,0,10122.0,0.5376344086021505,7.0,0
LEAD3306,Email,Tech,Medium,13100.0,5,15.5,Asia-Pacific,71,0,0.7466,1,9301.0,0.30303030303030304,11.833333333333334,0
LEAD3307,Email,Tech,Medium,90500.0,5,6.0,Europe,59,0,0.6382,0,53395.0,0.7142857142857143,9.833333333333334,0
LEAD3308,Website,Finance,Large,5300.0,7,39.1,Asia-Pacific,63,0,0.4852,0,3339.0,0.17456359102244387,7.875,0
LEAD3309,Email,Finance,Large,14900.0,4,0.6,Europe,51,2,0.871,1,7599.0,2.5,10.2,0
LEAD3310,Email,Healthcare,Medium,22800.0,7,6.3,North America,88,0,0.8045,1,20064.0,0.9589041095890412,11.0,0
LEAD3311,Cold Call,Finance,Small,3100.0,4,15.1,North America,92,1,0.5125,0,2852.0,0.24844720496894407,18.4,0
LEAD3312,Cold Call,Tech,Small,27200.0,7,6.8,South America,11,2,0.1112,0,2992.0,0.8974358974358975,1.375,0
LEAD3313,Cold Call,Tech,Small,4100.0,4,3.7,Europe,74,1,0.6204,1,3034.0,0.851063829787234,14.8,0
LEAD3314,Website,Healthcare,Medium,5000.0,7,6.5,North America,33,0,0.1935,0,1650.0,0.9333333333333333,4.125,0
LEAD3315,Website,Finance,Medium,5500.0,5,25.7,Middle East,65,1,0.4675,0,3575.0,0.18726591760299627,10.833333333333334,0
LEAD3316,Cold Call,Tech,Small,54900.0,8,9.6,Asia-Pacific,19,1,0.0934,0,10431.0,0.7547169811320755,2.111111111111111,0
LEAD3317,Email,Education,Small,25000.0,6,5.0,North America,63,0,0.4783,0,15750.0,1.0,9.0,0
LEAD3318,Website,Retail,Small,23300.0,11,13.5,Middle East,38,1,0.4307,1,8854.0,0.7586206896551724,3.1666666666666665,0
LEAD3319,LinkedIn,Education,Large,18200.0,8,11.5,Asia-Pacific,46,1,0.6784,1,8372.0,0.64,5.111111111111111,0
LEAD3320,LinkedIn,Finance,Medium,8900.0,3,10.0,North America,46,0,0.442,0,4094.0,0.2727272727272727,11.5,0
LEAD3321,Email,Tech,Medium,21400.0,6,6.1,North America,40,2,0.5274,1,8560.0,0.8450704225352114,5.714285714285714,0
LEAD3322,Website,Retail,Small,12600.0,7,1.0,Asia-Pacific,41,0,0.5773,1,5166.0,3.5,5.125,0
LEAD3323,LinkedIn,Tech,Medium,5100.0,5,11.7,Asia-Pacific,47,1,0.4622,1,2397.0,0.3937007874015748,7.833333333333333,0
LEAD3324,Email,Finance,Small,25400.0,6,6.6,North America,52,0,0.3372,0,13208.0,0.7894736842105263,7.428571428571429,0
LEAD3325,LinkedIn,Tech,Medium,4800.0,7,6.8,North America,61,1,0.5671,0,2928.0,0.8974358974358975,7.625,0
LEAD3326,LinkedIn,Education,Small,6200.0,9,3.3,North America,92,0,0.7862,1,5704.0,2.0930232558139537,9.2,0
LEAD3327,LinkedIn,Tech,Small,36000.0,8,3.5,Europe,36,0,0.5176,0,12960.0,1.7777777777777777,4.0,0
LEAD3328,Email,Manufacturing,Small,23600.0,5,18.7,North America,58,0,0.4326,1,13688.0,0.25380710659898476,9.666666666666666,0
LEAD3329,Website,Education,Small,21900.0,7,7.9,North America,70,1,0.6039,0,15330.0,0.7865168539325842,8.75,0
LEAD3330,Cold Call,Finance,Large,12800.0,5,1.5,Asia-Pacific,41,0,0.3211,1,5248.0,2.0,6.833333333333333,0
LEAD3331,Cold Call,Retail,Small,12100.0,6,0.7,Asia-Pacific,10,1,0.17,1,1210.0,3.5294117647058822,1.4285714285714286,0
LEAD3332,Cold Call,Healthcare,Small,25400.0,11,3.2,Europe,17,1,0.2572,1,4318.0,2.619047619047619,1.4166666666666667,0
LEAD3333,Website,Education,Medium,28900.0,4,8.1,North America,11,0,0.0742,0,3179.0,0.43956043956043955,2.2,0
LEAD3334,Website,Finance,Large,16300.0,4,11.6,Europe,86,1,0.8204,1,14018.0,0.31746031746031744,17.2,0
LEAD3335,LinkedIn,Retail,Small,71600.0,7,2.0,North America,67,1,0.7804,1,47972.0,2.3333333333333335,8.375,0
LEAD3336,Cold Call,Finance,Medium,64300.0,5,6.9,Middle East,70,1,0.4358,0,45010.0,0.6329113924050632,11.666666666666666,0
LEAD3337,LinkedIn,Manufacturing,Large,12600.0,7,1.0,Asia-Pacific,75,2,0.9523,1,9450.0,3.5,9.375,0
LEAD3338,LinkedIn,Finance,Small,36400.0,7,0.6,North America,43,0,0.6355,0,15652.0,4.375,5.375,0
LEAD3339,Email,Finance,Small,17700.0,9,24.0,North America,100,1,0.9468,1,17700.0,0.36,10.0,0
LEAD3340,Cold Call,Retail,Small,16300.0,8,13.0,Europe,62,2,0.3352,0,10106.0,0.5714285714285714,6.888888888888889,0
LEAD3341,LinkedIn,Education,Medium,3100.0,4,18.3,Europe,54,0,0.405,1,1674.0,0.20725388601036268,10.8,0
LEAD3342,Email,Healthcare,Small,19100.0,6,2.5,Europe,77,1,0.7431,1,14707.0,1.7142857142857142,11.0,0
LEAD3343,Cold Call,Tech,Small,48200.0,4,4.8,Asia-Pacific,68,1,0.5206,0,32776.0,0.6896551724137931,13.6,0
LEAD3344,Website,Finance,Medium,32300.0,8,7.1,Asia-Pacific,82,1,0.933,1,26486.0,0.9876543209876544,9.11111111111111,0
LEAD3345,Email,Manufacturing,Medium,32900.0,4,13.0,Europe,83,1,0.8384,0,27307.0,0.2857142857142857,16.6,0
LEAD3346,Cold Call,Retail,Small,5500.0,5,9.3,South America,48,0,0.1167,0,2640.0,0.48543689320388345,8.0,0
LEAD3347,Website,Education,Medium,10900.0,7,9.7,Asia-Pacific,59,1,0.7343,1,6431.0,0.6542056074766356,7.375,0
LEAD3348,Website,Tech,Small,7300.0,7,2.1,Asia-Pacific,37,0,0.5325,1,2701.0,2.258064516129032,4.625,0
LEAD3349,Website,Finance,Small,9600.0,9,7.8,Middle East,22,1,0.3002,0,2112.0,1.0227272727272727,2.2,0
LEAD3350,Website,Healthcare,Medium,19300.0,8,20.9,North America,72,2,0.8289,1,13896.0,0.36529680365296807,8.0,0
LEAD3351,Website,Education,Large,11100.0,5,8.6,North America,74,0,0.7818,1,8214.0,0.5208333333333334,12.333333333333334,0
LEAD3352,Email,Tech,Small,18500.0,5,2.8,South America,15,1,0.4003,0,2775.0,1.3157894736842106,2.5,0
LEAD3353,LinkedIn,Education,Large,13500.0,5,6.5,Asia-Pacific,41,1,0.3334,1,5535.0,0.6666666666666666,6.833333333333333,0
LEAD3354,Email,Healthcare,Medium,8800.0,7,17.0,South America,56,0,0.5189,0,4928.0,0.3888888888888889,7.0,0
LEAD3355,Website,Tech,Small,4000.0,8,1.8,North America,58,1,0.6925,1,2320.0,2.857142857142857,6.444444444444445,0
LEAD3356,Website,Finance,Medium,46500.0,9,10.5,Europe,96,0,0.9168,0,44640.0,0.782608695652174,9.6,0
LEAD3357,Cold Call,Tech,Small,2200.0,4,40.4,North America,42,1,0.1004,0,924.0,0.0966183574879227,8.4,0
LEAD3358,Email,Healthcare,Large,2000.0,5,5.8,Europe,52,1,0.3868,0,1040.0,0.7352941176470589,8.666666666666666,0
LEAD3359,LinkedIn,Tech,Large,37100.0,2,0.6,North America,68,1,0.9225,1,25228.0,1.25,22.666666666666668,0
LEAD3360,Cold Call,Tech,Small,117000.0,6,12.1,North America,48,0,0.2976,0,56160.0,0.4580152671755725,6.857142857142857,0
LEAD3361,LinkedIn,Education,Small,28000.0,6,0.7,North America,45,0,0.4544,1,12600.0,3.5294117647058822,6.428571428571429,0
LEAD3362,Website,Tech,Small,2300.0,6,2.7,Europe,43,1,0.6637,1,989.0,1.6216216216216215,6.142857142857143,0
LEAD3363,Cold Call,Tech,Small,7100.0,2,0.7,North America,60,0,0.1775,0,4260.0,1.1764705882352942,20.0,0
LEAD3364,Website,Finance,Small,73400.0,8,2.3,North America,51,0,0.7787,1,37434.0,2.4242424242424243,5.666666666666667,0
LEAD3365,Referral,Healthcare,Small,35100.0,4,23.3,North America,69,1,0.9163,1,24219.0,0.1646090534979424,13.8,0
LEAD3366,Cold Call,Retail,Medium,18700.0,7,16.0,North America,62,0,0.3724,0,11594.0,0.4117647058823529,7.75,0
LEAD3367,Website,Finance,Small,7400.0,5,5.1,Middle East,1,1,0.1323,1,74.0,0.819672131147541,0.16666666666666666,0
LEAD3368,Website,Retail,Medium,2300.0,4,27.4,North America,20,1,0.1202,0,460.0,0.14084507042253522,4.0,0
LEAD3369,Website,Healthcare,Medium,2400.0,10,13.2,North America,45,0,0.3896,1,1080.0,0.7042253521126761,4.090909090909091,0
LEAD3370,Cold Call,Tech,Small,20900.0,5,7.2,Asia-Pacific,75,0,0.433,1,15675.0,0.6097560975609757,12.5,0
LEAD3371,Website,Tech,Large,2400.0,9,0.9,Europe,42,1,0.9059,1,1008.0,4.736842105263158,4.2,0
LEAD3372,Email,Finance,Small,103100.0,7,15.8,Asia-Pacific,62,0,0.7378,1,63922.0,0.41666666666666663,7.75,0
LEAD3373,Website,Finance,Small,6100.0,3,5.8,Europe,67,0,0.3119,1,4087.0,0.4411764705882353,16.75,0
LEAD3374,Cold Call,Retail,Medium,26800.0,10,4.4,Middle East,66,0,0.5405,0,17688.0,1.8518518518518516,6.0,0
LEAD3375,LinkedIn,Healthcare,Small,5400.0,5,4.2,North America,44,0,0.3934,0,2376.0,0.9615384615384615,7.333333333333333,0
LEAD3376,LinkedIn,Finance,Medium,17500.0,7,0.2,Middle East,32,3,0.6644,0,5600.0,5.833333333333334,4.0,0
LEAD3377,LinkedIn,Tech,Large,3700.0,9,16.4,Asia-Pacific,29,0,0.5079,1,1073.0,0.5172413793103449,2.9,0
LEAD3378,Website,Tech,Large,31100.0,10,2.0,Europe,100,1,0.977,1,31100.0,3.3333333333333335,9.090909090909092,0
LEAD3379,Website,Healthcare,Medium,19600.0,6,8.9,Asia-Pacific,64,0,0.7135,1,12544.0,0.6060606060606061,9.142857142857142,0
LEAD3380,Cold Call,Finance,Medium,3800.0,8,0.3,Europe,92,1,0.8944,1,3496.0,6.153846153846153,10.222222222222221,1
LEAD3381,Email,Healthcare,Small,39800.0,7,12.0,North America,38,1,0.3727,0,15124.0,0.5384615384615384,4.75,0
LEAD3382,Email,Tech,Small,17800.0,6,5.6,North America,80,1,0.7695,0,14240.0,0.9090909090909092,11.428571428571429,0
LEAD3383,Website,Retail,Medium,52900.0,7,12.1,Middle East,45,2,0.5428,1,23805.0,0.5343511450381679,5.625,0
LEAD3384,Website,Education,Small,51700.0,7,1.2,Europe,54,0,0.6133,1,27918.0,3.1818181818181817,6.75,0
LEAD3385,Website,Tech,Small,52600.0,7,3.8,North America,49,0,0.6815,0,25774.0,1.4583333333333335,6.125,0
LEAD3386,LinkedIn,Finance,Small,3600.0,7,1.5,Asia-Pacific,37,3,0.3618,1,1332.0,2.8,4.625,0
LEAD3387,Website,Manufacturing,Medium,4600.0,6,12.6,Europe,38,2,0.3867,0,1748.0,0.4411764705882353,5.428571428571429,0
LEAD3388,Email,Finance,Small,90000.0,7,1.5,North America,54,0,0.5377,0,48600.0,2.8,6.75,0
LEAD3389,Website,Healthcare,Medium,15400.0,4,11.6,Asia-Pacific,43,2,0.4397,1,6622.0,0.31746031746031744,8.6,0
LEAD3390,Cold Call,Tech,Small,7400.0,3,1.8,Asia-Pacific,58,1,0.1716,0,4292.0,1.0714285714285714,14.5,0
LEAD3391,Website,Healthcare,Small,31400.0,12,34.6,North America,38,0,0.2834,0,11932.0,0.33707865168539325,2.923076923076923,0
LEAD3392,LinkedIn,Tech,Small,8100.0,9,6.6,Middle East,69,2,0.7717,0,5589.0,1.1842105263157896,6.9,0
LEAD3393,LinkedIn,Manufacturing,Small,28000.0,9,1.7,North America,46,1,0.5694,0,12880.0,3.333333333333333,4.6,0
LEAD3394,Website,Retail,Large,38300.0,2,0.6,Europe,88,1,0.9554,1,33704.0,1.25,29.333333333333332,1
LEAD3395,LinkedIn,Retail,Small,32700.0,8,4.9,North America,54,0,0.6134,1,17658.0,1.3559322033898304,6.0,0
LEAD3396,Referral,Retail,Small,8400.0,7,26.7,Europe,53,1,0.5551,1,4452.0,0.2527075812274368,6.625,0
LEAD3397,LinkedIn,Healthcare,Medium,12300.0,4,2.0,North America,87,0,0.8231,1,10701.0,1.3333333333333333,17.4,0
LEAD3398,LinkedIn,Finance,Small,12700.0,10,18.9,North America,45,1,0.5289,0,5715.0,0.5025125628140704,4.090909090909091,0
LEAD3399,Website,Education,Small,15500.0,8,6.6,Asia-Pacific,47,0,0.4021,0,7285.0,1.0526315789473684,5.222222222222222,0
LEAD3400,Email,Manufacturing,Small,5700.0,6,19.6,North America,41,0,0.1274,0,2337.0,0.2912621359223301,5.857142857142857,0
LEAD3401,Website,Finance,Large,14000.0,5,25.0,Asia-Pacific,59,1,0.4914,1,8260.0,0.19230769230769232,9.833333333333334,0
LEAD3402,Website,Manufacturing,Medium,16300.0,7,48.0,Europe,40,0,0.3318,0,6520.0,0.14285714285714285,5.0,0
LEAD3403,Referral,Healthcare,Small,17200.0,7,0.9,Middle East,71,2,0.953,1,12212.0,3.68421052631579,8.875,0
LEAD3404,Website,Healthcare,Small,36300.0,2,19.2,Europe,54,1,0.4756,1,19602.0,0.09900990099009901,18.0,0
LEAD3405,Cold Call,Finance,Small,16600.0,8,1.0,North America,72,1,0.7912,1,11952.0,4.0,8.0,0
LEAD3406,LinkedIn,Tech,Small,7200.0,5,4.6,North America,70,0,0.6902,0,5040.0,0.8928571428571429,11.666666666666666,0
LEAD3407,LinkedIn,Tech,Medium,23800.0,5,12.6,South America,45,1,0.6668,1,10710.0,0.36764705882352944,7.5,0
LEAD3408,Referral,Tech,Large,33900.0,7,7.2,Asia-Pacific,40,1,0.8572,1,13560.0,0.853658536585366,5.0,0
LEAD3409,Website,Healthcare,Small,9700.0,3,10.1,North America,48,2,0.3934,0,4656.0,0.2702702702702703,12.0,0
LEAD3410,Website,Finance,Medium,22700.0,6,40.7,Europe,55,2,0.5517,0,12485.0,0.14388489208633093,7.857142857142857,0
LEAD3411,Email,Finance,Small,5200.0,3,20.6,Europe,62,0,0.1104,0,3224.0,0.13888888888888887,15.5,0
LEAD3412,Website,Manufacturing,Small,10400.0,6,5.5,Middle East,64,1,0.484,0,6656.0,0.9230769230769231,9.142857142857142,0
LEAD3413,Website,Finance,Small,50000.0,6,11.1,Middle East,54,1,0.5783,0,27000.0,0.49586776859504134,7.714285714285714,0
LEAD3414,Email,Finance,Small,50500.0,2,0.7,Middle East,41,1,0.5063,1,20705.0,1.1764705882352942,13.666666666666666,0
LEAD3415,LinkedIn,Tech,Large,19100.0,8,7.3,South America,43,2,0.6731,1,8213.0,0.9638554216867469,4.777777777777778,0
LEAD3416,Email,Tech,Small,26200.0,4,11.4,South America,65,1,0.6294,1,17030.0,0.3225806451612903,13.0,0
LEAD3417,Website,Retail,Small,40500.0,5,15.2,North America,42,1,0.5335,0,17010.0,0.308641975308642,7.0,0
LEAD3418,Cold Call,Healthcare,Large,65700.0,3,27.9,Asia-Pacific,66,1,0.2077,0,43362.0,0.10380622837370243,16.5,0
LEAD3419,Website,Retail,Large,15500.0,6,4.1,Asia-Pacific,67,1,0.5733,0,10385.0,1.1764705882352942,9.571428571428571,0
LEAD3420,Website,Tech,Medium,18500.0,5,28.0,Middle East,86,2,0.7176,1,15910.0,0.1724137931034483,14.333333333333334,0
LEAD3421,LinkedIn,Healthcare,Large,12700.0,7,13.1,Europe,45,0,0.6913,1,5715.0,0.49645390070921985,5.625,0
LEAD3422,Cold Call,Tech,Small,3500.0,3,1.1,North America,48,1,0.1686,0,1680.0,1.4285714285714286,12.0,0
LEAD3423,LinkedIn,Tech,Medium,13000.0,3,5.8,Europe,9,2,0.0326,0,1170.0,0.4411764705882353,2.25,0
LEAD3424,Website,Tech,Medium,33300.0,8,7.9,Asia-Pacific,36,0,0.5867,1,11988.0,0.898876404494382,4.0,0
LEAD3425,LinkedIn,Tech,Large,34700.0,3,5.3,North America,36,0,0.447,0,12492.0,0.4761904761904762,9.0,0
LEAD3426,Cold Call,Finance,Medium,46600.0,8,1.6,North America,65,0,0.6922,0,30290.0,3.0769230769230766,7.222222222222222,0
LEAD3427,Email,Tech,Small,3100.0,3,9.7,Europe,91,0,0.4444,0,2821.0,0.28037383177570097,22.75,0
LEAD3428,Cold Call,Manufacturing,Medium,17000.0,8,1.8,North America,67,2,0.4799,0,11390.0,2.857142857142857,7.444444444444445,0
LEAD3429,LinkedIn,Finance,Small,4300.0,8,29.7,North America,75,0,0.5129,1,3225.0,0.26058631921824105,8.333333333333334,0
LEAD3430,Email,Tech,Small,6500.0,7,24.2,North America,41,1,0.0994,0,2665.0,0.2777777777777778,5.125,0
LEAD3431,Email,Tech,Small,48100.0,8,7.8,Middle East,31,2,0.2754,0,14911.0,0.9090909090909091,3.4444444444444446,0
LEAD3432,Referral,Healthcare,Large,15700.0,8,0.9,Asia-Pacific,50,2,0.9337,1,7850.0,4.2105263157894735,5.555555555555555,0
LEAD3433,LinkedIn,Tech,Small,30400.0,5,9.7,North America,43,0,0.6025,1,13072.0,0.4672897196261683,7.166666666666667,0
LEAD3434,Email,Education,Medium,3300.0,5,10.9,Asia-Pacific,38,1,0.2942,0,1254.0,0.42016806722689076,6.333333333333333,0
LEAD3435,Cold Call,Manufacturing,Small,12800.0,3,26.4,Asia-Pacific,59,0,0.0797,0,7552.0,0.10948905109489052,14.75,0
LEAD3436,Email,Tech,Large,24400.0,4,0.9,North America,31,0,0.4799,1,7564.0,2.1052631578947367,6.2,0
LEAD3437,Website,Finance,Small,4900.0,5,14.2,North America,72,0,0.6597,1,3528.0,0.32894736842105265,12.0,0
LEAD3438,Email,Tech,Medium,9900.0,6,10.0,Europe,47,0,0.2879,0,4653.0,0.5454545454545454,6.714285714285714,0
LEAD3439,LinkedIn,Healthcare,Large,3300.0,4,2.4,Europe,54,0,0.5943,0,1782.0,1.1764705882352942,10.8,0
LEAD3440,LinkedIn,Finance,Small,23100.0,5,1.7,Asia-Pacific,57,0,0.7123,0,13167.0,1.8518518518518516,9.5,0
LEAD3441,Website,Tech,Small,72700.0,3,14.3,Europe,46,0,0.3068,0,33442.0,0.19607843137254902,11.5,0
LEAD3442,Email,Tech,Medium,37100.0,7,5.1,North America,80,2,0.8287,0,29680.0,1.1475409836065575,10.0,0
LEAD3443,Website,Retail,Large,75500.0,5,48.0,Middle East,23,1,0.194,0,17365.0,0.10204081632653061,3.8333333333333335,0
LEAD3444,Referral,Finance,Medium,39400.0,4,27.0,North America,81,1,0.9051,1,31914.0,0.14285714285714285,16.2,0
LEAD3445,Referral,Tech,Small,40600.0,8,10.1,Asia-Pacific,48,1,0.8687,0,19488.0,0.7207207207207208,5.333333333333333,0
LEAD3446,Cold Call,Retail,Large,19200.0,6,12.4,North America,73,0,0.3892,0,14016.0,0.44776119402985076,10.428571428571429,0
LEAD3447,LinkedIn,Healthcare,Small,16600.0,10,2.2,North America,59,1,0.7851,1,9794.0,3.125,5.363636363636363,0
LEAD3448,Cold Call,Education,Medium,12400.0,8,27.0,Europe,72,0,0.1415,0,8928.0,0.2857142857142857,8.0,0
LEAD3449,Email,Tech,Medium,36100.0,4,7.5,North America,53,0,0.2775,0,19133.0,0.47058823529411764,10.6,0
LEAD3450,Website,Retail,Small,6000.0,5,8.9,Europe,60,0,0.6974,1,3600.0,0.5050505050505051,10.0,0
LEAD3451,Email,Retail,Medium,3200.0,9,24.9,North America,77,0,0.5111,0,2464.0,0.3474903474903475,7.7,0
LEAD3452,Cold Call,Tech,Medium,61100.0,8,0.2,Europe,57,0,0.7115,1,34827.0,6.666666666666667,6.333333333333333,0
LEAD3453,Cold Call,Retail,Large,2100.0,6,8.3,Asia-Pacific,82,2,0.6314,1,1722.0,0.6451612903225806,11.714285714285714,0
LEAD3454,Email,Finance,Small,77300.0,4,11.9,North America,62,1,0.5034,0,47926.0,0.31007751937984496,12.4,0
LEAD3455,Referral,Manufacturing,Small,28100.0,7,2.2,South America,40,1,0.794,1,11240.0,2.1875,5.0,0
LEAD3456,Website,Tech,Medium,10000.0,3,0.9,North America,48,1,0.7752,0,4800.0,1.5789473684210527,12.0,0
LEAD3457,Email,Healthcare,Small,25900.0,12,9.3,North America,73,1,0.6247,1,18907.0,1.1650485436893203,5.615384615384615,0
LEAD3458,Cold Call,Finance,Small,36100.0,5,9.6,Asia-Pacific,30,0,0.0848,1,10830.0,0.4716981132075472,5.0,0
LEAD3459,Cold Call,Manufacturing,Large,7600.0,8,4.9,Europe,71,1,0.4356,1,5396.0,1.3559322033898304,7.888888888888889,0
LEAD3460,Cold Call,Finance,Small,31500.0,8,25.8,Europe,48,2,0.2621,0,15120.0,0.29850746268656714,5.333333333333333,0
LEAD3461,Website,Manufacturing,Large,34600.0,7,4.4,North America,29,1,0.5095,0,10034.0,1.2962962962962963,3.625,0
LEAD3462,Website,Manufacturing,Small,7700.0,8,8.8,Asia-Pacific,59,1,0.7706,1,4543.0,0.8163265306122448,6.555555555555555,0
LEAD3463,Cold Call,Tech,Small,2900.0,5,2.6,Europe,41,2,0.3372,0,1189.0,1.3888888888888888,6.833333333333333,0
LEAD3464,Email,Education,Medium,6600.0,3,0.2,North America,44,1,0.3187,0,2904.0,2.5,11.0,0
LEAD3465,Website,Manufacturing,Medium,6500.0,9,6.8,North America,42,3,0.6248,1,2730.0,1.153846153846154,4.2,0
LEAD3466,Cold Call,Tech,Medium,3300.0,6,9.1,Asia-Pacific,57,0,0.2988,1,1881.0,0.594059405940594,8.142857142857142,0
LEAD3467,Email,Finance,Medium,27900.0,6,17.5,Europe,47,2,0.5765,1,13113.0,0.32432432432432434,6.714285714285714,0
LEAD3468,Cold Call,Healthcare,Medium,11600.0,4,7.2,North America,63,1,0.5685,1,7308.0,0.48780487804878053,12.6,0
LEAD3469,LinkedIn,Tech,Small,45100.0,5,4.0,North America,75,0,0.7579,1,33825.0,1.0,12.5,0
LEAD3470,Website,Tech,Small,7800.0,3,11.2,North America,66,2,0.2734,0,5148.0,0.24590163934426232,16.5,0
LEAD3471,Website,Tech,Small,14100.0,8,5.9,Europe,91,3,0.8695,1,12831.0,1.1594202898550725,10.11111111111111,0
LEAD3472,LinkedIn,Tech,Medium,22400.0,7,3.3,Asia-Pacific,96,0,0.9485,1,21504.0,1.627906976744186,12.0,0
LEAD3473,Cold Call,Finance,Small,44000.0,2,29.0,Europe,49,2,0.074,0,21560.0,0.06666666666666667,16.333333333333332,0
LEAD3474,Cold Call,Tech,Small,16900.0,5,9.3,Europe,32,0,0.0859,0,5408.0,0.48543689320388345,5.333333333333333,0
LEAD3475,LinkedIn,Education,Small,11400.0,7,2.8,South America,49,0,0.4208,1,5586.0,1.842105263157895,6.125,0
LEAD3476,LinkedIn,Retail,Small,42400.0,8,13.4,Europe,57,0,0.4939,1,24168.0,0.5555555555555556,6.333333333333333,0
LEAD3477,Referral,Tech,Small,9400.0,7,19.6,Europe,100,2,0.9573,1,9400.0,0.3398058252427184,12.5,0
LEAD3478,Email,Retail,Medium,3700.0,5,17.2,North America,48,1,0.3005,0,1776.0,0.27472527472527475,8.0,0
LEAD3479,Email,Retail,Small,13800.0,5,11.1,Europe,61,0,0.5628,1,8418.0,0.4132231404958678,10.166666666666666,0
LEAD3480,Email,Manufacturing,Large,32800.0,11,8.9,Europe,41,1,0.6925,1,13448.0,1.1111111111111112,3.4166666666666665,0
LEAD3481,Website,Tech,Medium,2600.0,6,18.1,North America,48,0,0.57,0,1248.0,0.31413612565445026,6.857142857142857,0
LEAD3482,Email,Tech,Small,19600.0,9,14.9,Middle East,31,1,0.3638,0,6076.0,0.5660377358490566,3.1,0
LEAD3483,Website,Manufacturing,Medium,20100.0,9,10.3,South America,26,0,0.511,0,5226.0,0.7964601769911503,2.6,0
LEAD3484,LinkedIn,Manufacturing,Small,54800.0,4,13.0,Asia-Pacific,82,0,0.7388,0,44936.0,0.2857142857142857,16.4,0
LEAD3485,Email,Retail,Medium,8800.0,7,2.3,Europe,76,1,0.8116,1,6688.0,2.121212121212121,9.5,0
LEAD3486,Email,Retail,Large,8500.0,8,0.3,Europe,48,1,0.6647,0,4080.0,6.153846153846153,5.333333333333333,0
LEAD3487,Email,Tech,Medium,13600.0,7,32.2,North America,76,1,0.6297,0,10336.0,0.2108433734939759,9.5,0
LEAD3488,Website,Healthcare,Medium,10800.0,6,33.0,North America,29,1,0.1628,0,3132.0,0.17647058823529413,4.142857142857143,0
LEAD3489,Website,Tech,Small,28700.0,7,18.7,Asia-Pacific,52,0,0.5005,1,14924.0,0.3553299492385787,6.5,0
LEAD3490,Email,Tech,Small,22500.0,3,5.7,Europe,58,1,0.3115,0,13050.0,0.44776119402985076,14.5,0
LEAD3491,Website,Education,Large,30500.0,5,2.1,South America,80,0,0.8333,1,24400.0,1.6129032258064515,13.333333333333334,0
LEAD3492,Cold Call,Tech,Small,36300.0,5,5.4,North America,59,0,0.3361,0,21417.0,0.78125,9.833333333333334,0
LEAD3493,LinkedIn,Finance,Small,53300.0,3,15.6,Europe,66,1,0.5924,1,35178.0,0.18072289156626503,16.5,0
LEAD3494,LinkedIn,Manufacturing,Small,13300.0,4,5.0,Europe,46,1,0.3234,0,6118.0,0.6666666666666666,9.2,0
LEAD3495,Cold Call,Tech,Medium,85600.0,6,19.2,Europe,60,2,0.5115,0,51360.0,0.297029702970297,8.571428571428571,0
LEAD3496,Website,Manufacturing,Small,6900.0,6,13.5,South America,80,1,0.6329,1,5520.0,0.41379310344827586,11.428571428571429,0
LEAD3497,LinkedIn,Manufacturing,Large,27100.0,6,12.0,Middle East,23,2,0.2569,0,6233.0,0.46153846153846156,3.2857142857142856,0
LEAD3498,LinkedIn,Healthcare,Small,17300.0,9,32.1,North America,78,1,0.7261,1,13494.0,0.2719033232628399,7.8,0
LEAD3499,Website,Tech,Small,36000.0,4,27.0,North America,51,1,0.5383,1,18360.0,0.14285714285714285,10.2,0
LEAD3500,Cold Call,Finance,Medium,15000.0,4,15.0,North America,27,0,0.0596,0,4050.0,0.25,5.4,0
LEAD3501,Website,Finance,Small,32600.0,6,2.8,Asia-Pacific,50,1,0.8751,1,16300.0,1.5789473684210527,7.142857142857143,0
LEAD3502,LinkedIn,Finance,Medium,55200.0,2,33.6,North America,81,1,0.4833,0,44712.0,0.057803468208092484,27.0,0
LEAD3503,Referral,Tech,Small,28400.0,6,3.2,Asia-Pacific,45,1,0.8693,1,12780.0,1.4285714285714286,6.428571428571429,0
LEAD3504,Website,Manufacturing,Small,31900.0,6,5.7,Europe,61,0,0.5053,0,19459.0,0.8955223880597015,8.714285714285714,0
LEAD3505,LinkedIn,Tech,Small,3400.0,4,21.1,Europe,23,0,0.1577,0,782.0,0.18099547511312217,4.6,0
LEAD3506,Cold Call,Retail,Large,6600.0,5,2.9,Asia-Pacific,18,0,0.2317,0,1188.0,1.2820512820512822,3.0,0
LEAD3507,Referral,Tech,Medium,75200.0,6,12.3,Europe,33,0,0.8202,1,24816.0,0.45112781954887216,4.714285714285714,0
LEAD3508,Email,Healthcare,Medium,25600.0,5,7.4,Europe,75,0,0.4852,0,19200.0,0.5952380952380952,12.5,0
LEAD3509,LinkedIn,Manufacturing,Small,18500.0,9,11.8,North America,54,2,0.5457,0,9990.0,0.703125,5.4,0
LEAD3510,Website,Tech,Medium,11100.0,4,38.2,Europe,77,2,0.9126,1,8547.0,0.1020408163265306,15.4,0
LEAD3511,Website,Tech,Small,2900.0,6,19.9,Europe,78,2,0.7271,1,2262.0,0.28708133971291866,11.142857142857142,0
LEAD3512,Website,Retail,Large,11200.0,8,4.3,Europe,40,1,0.6857,1,4480.0,1.509433962264151,4.444444444444445,0
LEAD3513,Referral,Retail,Medium,15800.0,9,0.8,South America,86,1,0.9922,1,13588.0,5.0,8.6,1
LEAD3514,LinkedIn,Retail,Medium,6800.0,6,41.1,South America,44,2,0.3768,1,2992.0,0.14251781472684086,6.285714285714286,0
LEAD3515,LinkedIn,Finance,Small,5800.0,2,10.7,Asia-Pacific,75,0,0.149,0,4350.0,0.17094017094017094,25.0,0
LEAD3516,Referral,Tech,Medium,16200.0,5,2.4,North America,74,0,0.9532,1,11988.0,1.4705882352941178,12.333333333333334,0
LEAD3517,Website,Manufacturing,Small,19600.0,4,11.9,Asia-Pacific,56,1,0.7529,0,10976.0,0.31007751937984496,11.2,0
LEAD3518,Email,Manufacturing,Large,7500.0,5,0.6,North America,56,1,0.7979,1,4200.0,3.125,9.333333333333334,0
LEAD3519,Website,Finance,Small,19700.0,5,2.6,North America,61,1,0.7128,1,12017.0,1.3888888888888888,10.166666666666666,0
LEAD3520,Website,Education,Small,48100.0,2,12.1,North America,57,0,0.177,0,27417.0,0.15267175572519084,19.0,0
LEAD3521,Website,Finance,Small,14800.0,4,6.3,North America,47,1,0.5071,1,6956.0,0.547945205479452,9.4,0
LEAD3522,Email,Finance,Small,41000.0,11,4.8,North America,45,1,0.5791,0,18450.0,1.896551724137931,3.75,0
LEAD3523,Website,Tech,Small,54400.0,3,12.9,Europe,47,0,0.5974,0,25568.0,0.2158273381294964,11.75,0
LEAD3524,Website,Finance,Large,3900.0,5,24.3,Middle East,79,1,0.7183,0,3081.0,0.1976284584980237,13.166666666666666,0
LEAD3525,Website,Healthcare,Medium,4000.0,6,13.7,North America,23,1,0.3737,0,920.0,0.40816326530612246,3.2857142857142856,0
LEAD3526,Website,Tech,Large,14900.0,9,7.6,South America,45,0,0.5235,0,6705.0,1.0465116279069768,4.5,0
LEAD3527,Referral,Finance,Medium,19700.0,5,13.0,North America,48,0,0.5865,1,9456.0,0.35714285714285715,8.0,0
LEAD3528,LinkedIn,Retail,Small,13100.0,3,14.4,North America,50,1,0.1968,1,6550.0,0.19480519480519481,12.5,0
LEAD3529,Referral,Retail,Medium,9900.0,3,18.0,Europe,61,2,0.7024,1,6039.0,0.15789473684210525,15.25,0
LEAD3530,Email,Healthcare,Small,22500.0,6,4.5,Asia-Pacific,28,1,0.2213,0,6300.0,1.0909090909090908,4.0,0
LEAD3531,Website,Manufacturing,Large,2000.0,5,1.6,North America,76,0,0.8395,1,1520.0,1.923076923076923,12.666666666666666,1
LEAD3532,LinkedIn,Tech,Small,70900.0,5,13.8,North America,73,1,0.7697,1,51757.0,0.33783783783783783,12.166666666666666,0
LEAD3533,Website,Healthcare,Small,7300.0,8,1.6,Europe,68,0,0.8135,0,4964.0,3.0769230769230766,7.555555555555555,0
LEAD3534,Website,Retail,Small,51800.0,6,7.5,North America,51,0,0.4535,1,26418.0,0.7058823529411765,7.285714285714286,0
LEAD3535,Website,Healthcare,Small,4300.0,4,3.2,Asia-Pacific,40,1,0.4052,1,1720.0,0.9523809523809523,8.0,0
LEAD3536,Website,Finance,Small,7400.0,3,4.9,Europe,48,1,0.1634,0,3552.0,0.5084745762711864,12.0,0
LEAD3537,Website,Tech,Small,7400.0,5,7.7,North America,56,0,0.6725,1,4144.0,0.574712643678161,9.333333333333334,0
LEAD3538,Email,Education,Medium,113200.0,6,27.3,South America,68,0,0.3081,0,76976.0,0.21201413427561838,9.714285714285714,0
LEAD3539,Cold Call,Finance,Medium,2100.0,5,13.8,North America,53,0,0.184,0,1113.0,0.33783783783783783,8.833333333333334,0
LEAD3540,Website,Education,Small,22400.0,4,2.4,Asia-Pacific,62,2,0.8214,1,13888.0,1.1764705882352942,12.4,0
LEAD3541,Website,Healthcare,Small,42800.0,6,25.5,Asia-Pacific,46,0,0.2771,0,19688.0,0.22641509433962265,6.571428571428571,0
LEAD3542,LinkedIn,Retail,Large,24300.0,5,8.4,Middle East,61,0,0.7328,0,14823.0,0.5319148936170213,10.166666666666666,0
LEAD3543,Website,Education,Small,11000.0,8,2.8,Europe,50,2,0.5955,1,5500.0,2.1052631578947367,5.555555555555555,0
LEAD3544,Website,Retail,Large,65500.0,9,9.1,Europe,60,0,0.8856,1,39300.0,0.8910891089108911,6.0,0
LEAD3545,LinkedIn,Finance,Small,46800.0,6,2.6,North America,20,0,0.3636,0,9360.0,1.6666666666666665,2.857142857142857,0
LEAD3546,Website,Healthcare,Medium,13400.0,4,5.6,Asia-Pacific,65,0,0.6811,1,8710.0,0.6060606060606061,13.0,0
LEAD3547,Website,Education,Medium,19000.0,8,19.7,Europe,66,0,0.6894,1,12540.0,0.3864734299516908,7.333333333333333,0
LEAD3548,Email,Finance,Medium,70500.0,9,13.0,Europe,66,1,0.838,0,46530.0,0.6428571428571429,6.6,0
LEAD3549,Website,Finance,Large,83000.0,8,7.9,South America,35,0,0.6668,1,29050.0,0.898876404494382,3.888888888888889,0
LEAD3550,Email,Tech,Small,14000.0,7,3.2,North America,41,0,0.1455,0,5740.0,1.6666666666666665,5.125,0
LEAD3551,LinkedIn,Manufacturing,Small,39600.0,7,4.1,South America,38,4,0.2364,1,15048.0,1.3725490196078431,4.75,0
LEAD3552,Website,Tech,Medium,9200.0,2,46.0,South America,62,0,0.3058,0,5704.0,0.0425531914893617,20.666666666666668,0
LEAD3553,Email,Healthcare,Medium,11300.0,4,5.1,Europe,68,1,0.5438,0,7684.0,0.6557377049180328,13.6,0
LEAD3554,Email,Finance,Small,5600.0,4,11.6,Europe,41,2,0.2465,1,2296.0,0.31746031746031744,8.2,0
LEAD3555,Website,Finance,Medium,6700.0,5,8.4,North America,81,2,0.8199,1,5427.0,0.5319148936170213,13.5,0
LEAD3556,Cold Call,Retail,Small,23400.0,3,0.4,Middle East,81,0,0.6284,0,18954.0,2.142857142857143,20.25,1
LEAD3557,Website,Tech,Small,16300.0,11,34.8,North America,58,3,0.6556,1,9454.0,0.30726256983240224,4.833333333333333,0
LEAD3558,Email,Healthcare,Medium,7300.0,5,1.2,Europe,62,1,0.749,1,4526.0,2.2727272727272725,10.333333333333334,0
LEAD3559,Website,Retail,Small,12300.0,5,13.0,Asia-Pacific,21,1,0.1573,1,2583.0,0.35714285714285715,3.5,0
LEAD3560,Email,Education,Medium,11300.0,8,20.1,Middle East,44,1,0.3414,1,4972.0,0.3791469194312796,4.888888888888889,0
LEAD3561,Website,Tech,Small,89400.0,4,16.7,Asia-Pacific,30,0,0.4708,1,26820.0,0.22598870056497175,6.0,0
LEAD3562,LinkedIn,Education,Small,40400.0,5,20.0,Europe,37,0,0.3078,0,14948.0,0.23809523809523808,6.166666666666667,0
LEAD3563,Website,Retail,Medium,11800.0,6,16.3,North America,65,1,0.5768,0,7670.0,0.3468208092485549,9.285714285714286,0
LEAD3564,Email,Education,Medium,51000.0,8,7.2,North America,70,0,0.7743,1,35700.0,0.9756097560975611,7.777777777777778,0
LEAD3565,Email,Finance,Small,10400.0,7,27.3,North America,71,1,0.3384,0,7384.0,0.24734982332155475,8.875,0
LEAD3566,Cold Call,Healthcare,Small,24000.0,5,29.3,South America,60,0,0.1657,0,14400.0,0.16501650165016502,10.0,0
LEAD3567,Email,Manufacturing,Small,70000.0,5,7.0,Asia-Pacific,65,1,0.8232,1,45500.0,0.625,10.833333333333334,0
LEAD3568,Cold Call,Education,Small,11900.0,7,8.1,Asia-Pacific,23,0,0.0367,0,2737.0,0.7692307692307693,2.875,0
LEAD3569,LinkedIn,Finance,Large,24800.0,3,8.1,Asia-Pacific,29,0,0.1999,0,7192.0,0.32967032967032966,7.25,0
LEAD3570,LinkedIn,Tech,Large,9000.0,4,4.0,Europe,51,1,0.7484,1,4590.0,0.8,10.2,0
LEAD3571,Website,Finance,Small,8200.0,7,1.6,North America,67,0,0.7675,1,5494.0,2.692307692307692,8.375,0
LEAD3572,Email,Finance,Small,19100.0,3,3.7,North America,46,1,0.4536,0,8786.0,0.6382978723404255,11.5,0
LEAD3573,LinkedIn,Tech,Large,79500.0,5,22.4,North America,28,1,0.5156,0,22260.0,0.2136752136752137,4.666666666666667,0
LEAD3574,Referral,Tech,Medium,14100.0,5,9.5,Asia-Pacific,41,0,0.6764,1,5781.0,0.47619047619047616,6.833333333333333,0
LEAD3575,LinkedIn,Education,Medium,57500.0,7,22.9,North America,36,0,0.4404,1,20700.0,0.29288702928870297,4.5,0
LEAD3576,Email,Tech,Medium,51200.0,6,16.5,Asia-Pacific,21,0,0.145,0,10752.0,0.34285714285714286,3.0,0
LEAD3577,Website,Retail,Small,7900.0,5,5.2,Asia-Pacific,99,1,0.8729,1,7821.0,0.8064516129032258,16.5,0
LEAD3578,Email,Tech,Small,12300.0,6,2.6,Europe,80,2,0.7736,1,9840.0,1.6666666666666665,11.428571428571429,0
LEAD3579,Cold Call,Finance,Large,22600.0,10,10.2,North America,15,0,0.1251,0,3390.0,0.8928571428571429,1.3636363636363635,0
LEAD3580,Email,Tech,Medium,16600.0,10,33.1,North America,17,0,0.0944,0,2822.0,0.29325513196480935,1.5454545454545454,0
LEAD3581,Email,Tech,Small,4000.0,9,22.0,North America,39,0,0.1791,0,1560.0,0.391304347826087,3.9,0
LEAD3582,LinkedIn,Retail,Small,103300.0,8,17.4,Asia-Pacific,25,0,0.1458,0,25825.0,0.4347826086956522,2.7777777777777777,0
LEAD3583,Email,Education,Small,29900.0,7,17.4,North America,100,3,0.7515,1,29900.0,0.3804347826086957,12.5,0
LEAD3584,LinkedIn,Tech,Medium,13500.0,6,9.1,Asia-Pacific,39,0,0.4464,0,5265.0,0.594059405940594,5.571428571428571,0
LEAD3585,Email,Finance,Small,21300.0,4,2.3,Asia-Pacific,62,0,0.7,1,13206.0,1.2121212121212122,12.4,0
LEAD3586,Website,Finance,Small,3800.0,5,4.1,North America,45,1,0.3102,0,1710.0,0.9803921568627452,7.5,0
LEAD3587,Email,Education,Large,15700.0,7,10.4,Asia-Pacific,32,1,0.2988,0,5024.0,0.6140350877192983,4.0,0
LEAD3588,LinkedIn,Retail,Small,55400.0,3,4.7,Asia-Pacific,76,1,0.5888,1,42104.0,0.5263157894736842,19.0,0
LEAD3589,Website,Healthcare,Small,47400.0,6,18.4,Asia-Pacific,68,1,0.7812,1,32232.0,0.30927835051546393,9.714285714285714,0
LEAD3590,Website,Retail,Small,10200.0,3,5.7,North America,54,1,0.3207,0,5508.0,0.44776119402985076,13.5,0
LEAD3591,Referral,Education,Small,17200.0,1,1.6,North America,100,1,0.8008,1,17200.0,0.3846153846153846,50.0,1
LEAD3592,Website,Tech,Small,25900.0,10,18.4,North America,60,0,0.6967,0,15540.0,0.5154639175257733,5.454545454545454,0
LEAD3593,Email,Finance,Large,10300.0,3,14.5,North America,46,0,0.2023,1,4738.0,0.1935483870967742,11.5,0
LEAD3594,Email,Manufacturing,Large,3300.0,7,3.6,Asia-Pacific,93,2,0.9163,1,3069.0,1.5217391304347827,11.625,0
LEAD3595,Email,Retail,Small,16100.0,6,47.7,Asia-Pacific,63,0,0.3887,0,10143.0,0.12320328542094455,9.0,0
LEAD3596,Cold Call,Healthcare,Small,20400.0,7,6.3,South America,88,1,0.5615,0,17952.0,0.9589041095890412,11.0,0
LEAD3597,Website,Healthcare,Medium,2100.0,8,13.8,North America,54,1,0.6465,1,1134.0,0.5405405405405405,6.0,0
LEAD3598,Email,Finance,Small,4000.0,7,29.1,North America,1,1,0.0395,0,40.0,0.23255813953488372,0.125,0
LEAD3599,Email,Healthcare,Small,6600.0,5,2.1,Asia-Pacific,24,1,0.2824,1,1584.0,1.6129032258064515,4.0,0
LEAD3600,Cold Call,Retail,Large,10600.0,6,25.4,North America,77,1,0.439,0,8162.0,0.2272727272727273,11.0,0
LEAD3601,Website,Finance,Small,17600.0,8,14.7,North America,43,2,0.6516,1,7568.0,0.5095541401273885,4.777777777777778,0
LEAD3602,Email,Retail,Small,9000.0,5,2.3,Europe,60,0,0.4931,1,5400.0,1.5151515151515151,10.0,0
LEAD3603,Website,Education,Small,8500.0,3,13.2,North America,78,1,0.5091,1,6630.0,0.21126760563380284,19.5,0
LEAD3604,Website,Tech,Small,42700.0,6,25.0,Europe,59,1,0.5209,1,25193.0,0.23076923076923078,8.428571428571429,0
LEAD3605,Website,Finance,Small,5100.0,7,19.4,North America,38,1,0.2536,1,1938.0,0.3431372549019608,4.75,0
LEAD3606,Website,Finance,Small,15700.0,7,17.3,Europe,55,2,0.482,1,8635.0,0.3825136612021858,6.875,0
LEAD3607,LinkedIn,Retail,Small,63100.0,5,2.2,Asia-Pacific,57,1,0.4923,0,35967.0,1.5625,9.5,0
LEAD3608,Website,Tech,Medium,21600.0,3,2.6,North America,47,0,0.6642,1,10152.0,0.8333333333333333,11.75,0
LEAD3609,LinkedIn,Healthcare,Small,27300.0,6,9.6,Middle East,27,2,0.4385,0,7371.0,0.5660377358490566,3.857142857142857,0
LEAD3610,Referral,Education,Small,13300.0,6,10.5,Europe,48,1,0.7418,0,6384.0,0.5217391304347826,6.857142857142857,0
LEAD3611,Email,Finance,Medium,2400.0,6,34.6,South America,53,1,0.2679,0,1272.0,0.16853932584269662,7.571428571428571,0
LEAD3612,Website,Manufacturing,Large,22800.0,3,7.7,North America,26,1,0.3085,1,5928.0,0.3448275862068966,6.5,0
LEAD3613,Email,Manufacturing,Small,22000.0,7,4.4,Europe,37,0,0.2771,1,8140.0,1.2962962962962963,4.625,0
LEAD3614,LinkedIn,Tech,Small,4300.0,5,2.6,Europe,41,1,0.3915,1,1763.0,1.3888888888888888,6.833333333333333,0
LEAD3615,Email,Tech,Small,14400.0,2,0.8,Asia-Pacific,18,0,0.114,0,2592.0,1.1111111111111112,6.0,0
LEAD3616,Website,Manufacturing,Medium,51400.0,6,1.0,Europe,58,2,0.9142,0,29812.0,3.0,8.285714285714286,0
LEAD3617,Email,Manufacturing,Small,6600.0,9,10.3,Europe,60,1,0.4695,0,3960.0,0.7964601769911503,6.0,0
LEAD3618,LinkedIn,Tech,Small,14400.0,9,2.4,South America,44,0,0.5683,1,6336.0,2.6470588235294117,4.4,0
LEAD3619,LinkedIn,Tech,Small,14400.0,6,23.0,North America,28,0,0.3261,0,4032.0,0.25,4.0,0
LEAD3620,Website,Tech,Small,35300.0,8,11.0,North America,63,0,0.6652,1,22239.0,0.6666666666666666,7.0,0
LEAD3621,Cold Call,Manufacturing,Small,36800.0,9,24.1,Europe,66,1,0.5629,0,24288.0,0.3585657370517928,6.6,0
LEAD3622,Website,Tech,Small,30500.0,2,6.8,Europe,57,0,0.5278,0,17385.0,0.25641025641025644,19.0,0
LEAD3623,Website,Healthcare,Medium,11100.0,5,11.0,Europe,56,1,0.653,0,6216.0,0.4166666666666667,9.333333333333334,0
LEAD3624,LinkedIn,Education,Medium,3500.0,6,9.0,Europe,67,0,0.6411,1,2345.0,0.6,9.571428571428571,0
LEAD3625,Website,Tech,Small,10600.0,2,48.0,Middle East,53,2,0.2287,0,5618.0,0.04081632653061224,17.666666666666668,0
LEAD3626,Website,Healthcare,Small,24800.0,8,19.2,Asia-Pacific,37,0,0.4063,1,9176.0,0.39603960396039606,4.111111111111111,0
LEAD3627,Website,Tech,Small,26300.0,4,11.0,North America,54,1,0.8158,1,14202.0,0.3333333333333333,10.8,0
LEAD3628,LinkedIn,Education,Small,69000.0,4,11.3,North America,47,0,0.392,0,32430.0,0.3252032520325203,9.4,0
LEAD3629,LinkedIn,Tech,Large,14100.0,4,3.5,Middle East,54,0,0.6872,0,7614.0,0.8888888888888888,10.8,0
LEAD3630,Cold Call,Retail,Large,22000.0,10,16.0,Asia-Pacific,73,0,0.6187,1,16060.0,0.5882352941176471,6.636363636363637,0
LEAD3631,LinkedIn,Retail,Small,17500.0,5,48.0,South America,31,1,0.302,1,5425.0,0.10204081632653061,5.166666666666667,0
LEAD3632,Website,Tech,Small,5300.0,4,1.8,North America,59,2,0.7633,1,3127.0,1.4285714285714286,11.8,0
LEAD3633,Email,Tech,Small,14400.0,2,12.3,Asia-Pacific,30,0,0.0893,0,4320.0,0.15037593984962405,10.0,0
LEAD3634,Email,Finance,Medium,17700.0,6,8.9,Asia-Pacific,37,1,0.3462,1,6549.0,0.6060606060606061,5.285714285714286,0
LEAD3635,Website,Tech,Medium,62200.0,5,22.9,North America,86,0,0.899,1,53492.0,0.2092050209205021,14.333333333333334,0
LEAD3636,Email,Education,Medium,11100.0,6,0.1,Europe,64,1,0.6917,0,7104.0,5.454545454545454,9.142857142857142,0
LEAD3637,LinkedIn,Education,Medium,80300.0,9,1.9,Europe,58,1,0.7762,1,46574.0,3.103448275862069,5.8,0
LEAD3638,Website,Finance,Small,17600.0,3,0.6,Europe,22,1,0.3088,1,3872.0,1.875,5.5,0
LEAD3639,Website,Healthcare,Medium,7600.0,3,2.2,Asia-Pacific,50,1,0.5369,0,3800.0,0.9375,12.5,0
LEAD3640,Website,Healthcare,Medium,6300.0,3,14.9,Asia-Pacific,14,2,0.1751,0,882.0,0.18867924528301885,3.5,0
LEAD3641,Website,Education,Medium,5100.0,2,1.9,South America,56,0,0.3605,1,2856.0,0.6896551724137931,18.666666666666668,0
LEAD3642,LinkedIn,Finance,Small,14100.0,9,11.8,Asia-Pacific,30,1,0.5005,1,4230.0,0.703125,3.0,0
LEAD3643,Email,Tech,Medium,2400.0,12,24.4,Europe,66,1,0.4785,1,1584.0,0.4724409448818898,5.076923076923077,0
LEAD3644,Email,Tech,Medium,13800.0,3,0.5,North America,58,0,0.625,0,8004.0,2.0,14.5,0
LEAD3645,LinkedIn,Healthcare,Medium,91100.0,4,0.4,Asia-Pacific,31,0,0.783,1,28241.0,2.857142857142857,6.2,0
LEAD3646,Website,Finance,Medium,24200.0,3,48.0,Europe,63,1,0.3639,0,15246.0,0.061224489795918366,15.75,0
LEAD3647,Email,Finance,Medium,30500.0,8,13.5,North America,97,1,0.9277,1,29585.0,0.5517241379310345,10.777777777777779,0
LEAD3648,Email,Tech,Medium,4500.0,10,1.9,Europe,51,1,0.6698,1,2295.0,3.4482758620689657,4.636363636363637,0
LEAD3649,Email,Retail,Medium,14800.0,5,4.5,North America,73,0,0.6507,1,10804.0,0.9090909090909091,12.166666666666666,0
LEAD3650,Referral,Tech,Medium,8700.0,5,48.0,Asia-Pacific,13,0,0.0916,0,1131.0,0.10204081632653061,2.1666666666666665,0
LEAD3651,LinkedIn,Tech,Small,46900.0,6,3.2,North America,64,2,0.6936,1,30016.0,1.4285714285714286,9.142857142857142,0
LEAD3652,Email,Finance,Small,6000.0,3,16.9,North America,44,2,0.1823,0,2640.0,0.1675977653631285,11.0,0
LEAD3653,LinkedIn,Tech,Small,14300.0,8,3.4,Middle East,50,1,0.6097,0,7150.0,1.8181818181818181,5.555555555555555,0
LEAD3654,Website,Healthcare,Medium,19700.0,5,6.2,Asia-Pacific,67,1,0.7403,1,13199.0,0.6944444444444444,11.166666666666666,0
LEAD3655,Website,Finance,Medium,16400.0,7,25.6,Asia-Pacific,50,1,0.6312,0,8200.0,0.2631578947368421,6.25,0
LEAD3656,Website,Finance,Large,37500.0,6,0.4,Europe,23,1,0.8188,1,8625.0,4.285714285714286,3.2857142857142856,0
LEAD3657,Website,Healthcare,Small,7300.0,6,4.5,Asia-Pacific,86,1,0.9298,1,6278.0,1.0909090909090908,12.285714285714286,0
LEAD3658,Email,Tech,Small,11500.0,3,8.1,Asia-Pacific,26,2,0.0969,0,2990.0,0.32967032967032966,6.5,0
LEAD3659,Cold Call,Tech,Small,33400.0,7,11.9,Europe,38,1,0.1919,0,12692.0,0.5426356589147286,4.75,0
LEAD3660,LinkedIn,Education,Small,17000.0,9,0.4,Middle East,58,1,0.823,0,9860.0,6.428571428571429,5.8,0
LEAD3661,Email,Finance,Medium,12300.0,6,6.4,North America,58,0,0.3798,0,7134.0,0.8108108108108107,8.285714285714286,0
LEAD3662,Email,Finance,Small,2600.0,4,5.2,Middle East,64,3,0.4502,0,1664.0,0.6451612903225806,12.8,0
LEAD3663,Website,Tech,Medium,30000.0,6,0.4,Europe,58,1,0.8537,0,17400.0,4.285714285714286,8.285714285714286,0
LEAD3664,Website,Finance,Medium,73600.0,10,5.4,Europe,78,2,0.9486,1,57408.0,1.5625,7.090909090909091,0
LEAD3665,Email,Healthcare,Small,21400.0,3,32.3,North America,65,1,0.2468,0,13910.0,0.0900900900900901,16.25,0
LEAD3666,Email,Healthcare,Large,40800.0,8,4.0,Europe,31,0,0.4457,0,12648.0,1.6,3.4444444444444446,0
LEAD3667,LinkedIn,Retail,Small,16500.0,5,10.7,Europe,3,1,0.0893,0,495.0,0.4273504273504274,0.5,0
LEAD3668,Website,Tech,Small,7300.0,8,4.3,Middle East,58,2,0.7523,1,4234.0,1.509433962264151,6.444444444444445,0
LEAD3669,Website,Tech,Large,2300.0,9,1.5,Middle East,84,0,0.9425,1,1932.0,3.6,8.4,1
LEAD3670,Email,Education,Large,23200.0,4,4.2,Middle East,30,2,0.1969,0,6960.0,0.7692307692307692,6.0,0
LEAD3671,Website,Manufacturing,Small,15600.0,4,7.7,North America,34,1,0.3629,1,5304.0,0.4597701149425288,6.8,0
LEAD3672,Website,Tech,Small,32500.0,8,4.3,Middle East,62,0,0.7793,1,20150.0,1.509433962264151,6.888888888888889,0
LEAD3673,Cold Call,Finance,Small,25700.0,7,11.8,Europe,65,0,0.3668,0,16705.0,0.546875,8.125,0
LEAD3674,Website,Tech,Small,90400.0,9,35.8,South America,77,0,0.863,1,69608.0,0.24456521739130438,7.7,0
LEAD3675,Cold Call,Tech,Large,16300.0,9,1.0,North America,88,0,0.9196,0,14344.0,4.5,8.8,1
LEAD3676,Website,Finance,Medium,13100.0,5,15.2,Europe,60,2,0.6007,0,7860.0,0.308641975308642,10.0,0
LEAD3677,Website,Tech,Small,8800.0,6,0.1,Middle East,36,1,0.6008,0,3168.0,5.454545454545454,5.142857142857143,0
LEAD3678,Email,Retail,Large,15000.0,7,0.1,Middle East,37,0,0.7182,0,5550.0,6.363636363636363,4.625,0
LEAD3679,LinkedIn,Healthcare,Small,43300.0,4,1.8,Asia-Pacific,44,0,0.723,1,19052.0,1.4285714285714286,8.8,0
LEAD3680,Email,Tech,Small,2900.0,5,7.9,Asia-Pacific,76,0,0.5323,1,2204.0,0.5617977528089887,12.666666666666666,0
LEAD3681,LinkedIn,Tech,Large,78200.0,7,0.7,North America,45,2,0.9002,0,35190.0,4.11764705882353,5.625,0
LEAD3682,Website,Education,Medium,102100.0,6,15.5,Asia-Pacific,74,1,0.8139,1,75554.0,0.36363636363636365,10.571428571428571,0
LEAD3683,LinkedIn,Tech,Medium,20200.0,6,0.5,Europe,25,0,0.5641,0,5050.0,4.0,3.5714285714285716,0
LEAD3684,Website,Healthcare,Medium,10100.0,7,8.3,North America,61,1,0.5599,0,6161.0,0.7526881720430108,7.625,0
LEAD3685,Cold Call,Finance,Medium,7000.0,7,13.6,North America,40,4,0.1642,0,2800.0,0.4794520547945206,5.0,0
LEAD3686,Email,Healthcare,Small,8500.0,5,3.4,North America,65,1,0.824,1,5525.0,1.1363636363636362,10.833333333333334,0
LEAD3687,LinkedIn,Finance,Medium,3000.0,10,10.5,Asia-Pacific,50,1,0.6428,1,1500.0,0.8695652173913043,4.545454545454546,0
LEAD3688,Email,Tech,Large,14900.0,7,3.7,North America,71,1,0.8447,1,10579.0,1.4893617021276595,8.875,0
LEAD3689,Website,Tech,Small,3200.0,1,3.0,Europe,46,1,0.347,0,1472.0,0.25,23.0,0
LEAD3690,Website,Tech,Medium,27400.0,3,20.6,North America,54,0,0.4573,0,14796.0,0.13888888888888887,13.5,0
LEAD3691,LinkedIn,Finance,Small,11300.0,6,5.0,Europe,71,2,0.794,0,8023.0,1.0,10.142857142857142,0
LEAD3692,Email,Retail,Small,6400.0,2,20.3,Asia-Pacific,53,2,0.2062,0,3392.0,0.09389671361502347,17.666666666666668,0
LEAD3693,LinkedIn,Tech,Medium,17700.0,6,3.0,Asia-Pacific,56,1,0.6383,0,9912.0,1.5,8.0,0
LEAD3694,Website,Tech,Small,74800.0,4,5.4,Europe,70,1,0.9006,1,52360.0,0.625,14.0,0
LEAD3695,Website,Healthcare,Medium,25800.0,6,1.4,Europe,53,0,0.8068,0,13674.0,2.5,7.571428571428571,0
LEAD3696,Website,Healthcare,Small,15500.0,8,8.3,North America,23,1,0.3624,0,3565.0,0.8602150537634408,2.5555555555555554,0
LEAD3697,Referral,Manufacturing,Large,32000.0,8,5.9,South America,44,0,0.7762,1,14080.0,1.1594202898550725,4.888888888888889,0
LEAD3698,Cold Call,Healthcare,Small,28700.0,7,0.2,North America,17,1,0.195,0,4879.0,5.833333333333334,2.125,0
LEAD3699,Referral,Finance,Small,46500.0,7,7.6,North America,50,0,0.7982,1,23250.0,0.813953488372093,6.25,0
LEAD3700,Website,Healthcare,Small,6600.0,2,1.0,Asia-Pacific,64,0,0.3939,0,4224.0,1.0,21.333333333333332,0
LEAD3701,Cold Call,Manufacturing,Large,41200.0,8,21.9,North America,57,3,0.5811,0,23484.0,0.3493449781659389,6.333333333333333,0
LEAD3702,Cold Call,Education,Medium,9200.0,7,8.3,Asia-Pacific,83,1,0.5254,1,7636.0,0.7526881720430108,10.375,0
LEAD3703,Website,Finance,Medium,58600.0,6,14.2,North America,81,1,0.8991,0,47466.0,0.39473684210526316,11.571428571428571,0
LEAD3704,LinkedIn,Tech,Small,8600.0,4,20.8,Asia-Pacific,60,1,0.4801,1,5160.0,0.18348623853211007,12.0,0
LEAD3705,Referral,Tech,Small,54300.0,7,0.7,North America,7,3,0.5442,1,3801.0,4.11764705882353,0.875,0
LEAD3706,LinkedIn,Healthcare,Small,68400.0,4,5.0,North America,68,3,0.8791,1,46512.0,0.6666666666666666,13.6,0
LEAD3707,Cold Call,Retail,Medium,5100.0,4,0.4,North America,40,1,0.4165,0,2040.0,2.857142857142857,8.0,0
LEAD3708,Website,Healthcare,Small,75400.0,8,0.7,Asia-Pacific,73,2,0.9794,1,55042.0,4.705882352941177,8.11111111111111,0
LEAD3709,Website,Tech,Large,3800.0,5,0.6,Middle East,61,0,0.9167,1,2318.0,3.125,10.166666666666666,0
LEAD3710,Referral,Retail,Medium,6900.0,4,7.9,Europe,68,1,0.8728,1,4692.0,0.449438202247191,13.6,0
LEAD3711,Website,Education,Small,13700.0,6,7.3,Asia-Pacific,65,1,0.6175,0,8905.0,0.7228915662650601,9.285714285714286,0
LEAD3712,Cold Call,Tech,Small,103000.0,6,0.9,Asia-Pacific,100,2,0.9508,1,103000.0,3.1578947368421053,14.285714285714286,1
LEAD3713,Cold Call,Retail,Medium,15400.0,5,3.8,Middle East,65,1,0.6861,1,10010.0,1.0416666666666667,10.833333333333334,0
LEAD3714,Cold Call,Finance,Small,18000.0,7,3.5,Asia-Pacific,29,0,0.1894,0,5220.0,1.5555555555555556,3.625,0
LEAD3715,Referral,Education,Small,25700.0,4,4.3,North America,76,1,0.9102,1,19532.0,0.7547169811320755,15.2,0
LEAD3716,Website,Education,Small,71000.0,4,12.4,Asia-Pacific,46,1,0.602,1,32660.0,0.29850746268656714,9.2,0
LEAD3717,Website,Healthcare,Medium,32600.0,9,14.4,Europe,82,1,0.9244,1,26732.0,0.5844155844155844,8.2,0
LEAD3718,Website,Retail,Medium,7100.0,4,5.1,North America,86,1,0.8067,1,6106.0,0.6557377049180328,17.2,0
LEAD3719,Email,Education,Small,9200.0,9,18.7,North America,67,2,0.6009,1,6164.0,0.4568527918781726,6.7,0
LEAD3720,Website,Finance,Small,4100.0,5,6.6,South America,29,0,0.1807,1,1189.0,0.6578947368421053,4.833333333333333,0
LEAD3721,Website,Finance,Small,22700.0,8,9.0,South America,46,1,0.5942,1,10442.0,0.8,5.111111111111111,0
LEAD3722,LinkedIn,Retail,Medium,6000.0,4,2.0,Asia-Pacific,82,0,0.8569,1,4920.0,1.3333333333333333,16.4,0
LEAD3723,Referral,Tech,Small,8000.0,4,3.3,Middle East,95,1,0.972,1,7600.0,0.9302325581395349,19.0,0
LEAD3724,Website,Finance,Small,45800.0,4,15.7,Asia-Pacific,56,0,0.7143,1,25648.0,0.23952095808383234,11.2,0
LEAD3725,Email,Education,Large,9900.0,8,45.4,North America,50,2,0.2934,1,4950.0,0.1724137931034483,5.555555555555555,0
LEAD3726,LinkedIn,Retail,Large,18700.0,8,14.7,North America,31,0,0.2335,0,5797.0,0.5095541401273885,3.4444444444444446,0
LEAD3727,Website,Finance,Large,12100.0,4,0.8,North America,32,0,0.8209,1,3872.0,2.2222222222222223,6.4,0
LEAD3728,Website,Tech,Medium,3500.0,1,2.0,North America,60,1,0.6246,1,2100.0,0.3333333333333333,30.0,0
LEAD3729,Website,Finance,Small,11000.0,4,7.2,North America,69,0,0.6546,1,7590.0,0.48780487804878053,13.8,0
LEAD3730,Email,Tech,Small,12500.0,6,15.9,Europe,25,0,0.1196,0,3125.0,0.3550295857988166,3.5714285714285716,0
LEAD3731,Website,Tech,Small,47200.0,3,2.3,Asia-Pacific,72,1,0.5553,0,33984.0,0.9090909090909092,18.0,0
LEAD3732,Referral,Retail,Small,9800.0,8,16.8,South America,82,0,0.8615,1,8036.0,0.449438202247191,9.11111111111111,0
LEAD3733,Email,Tech,Large,11500.0,7,9.8,Europe,68,0,0.7152,0,7820.0,0.6481481481481481,8.5,0
LEAD3734,Email,Finance,Medium,32500.0,6,18.0,South America,88,0,0.7693,1,28600.0,0.3157894736842105,12.571428571428571,0
LEAD3735,Website,Finance,Medium,30500.0,5,9.9,Europe,62,0,0.6669,0,18910.0,0.4587155963302752,10.333333333333334,0
LEAD3736,Email,Manufacturing,Small,34000.0,10,11.2,South America,62,1,0.425,1,21080.0,0.819672131147541,5.636363636363637,0
LEAD3737,Cold Call,Finance,Large,63500.0,7,3.5,Europe,62,0,0.7835,1,39370.0,1.5555555555555556,7.75,0
LEAD3738,LinkedIn,Tech,Medium,33700.0,5,15.4,North America,82,1,0.8681,1,27634.0,0.30487804878048785,13.666666666666666,0
LEAD3739,LinkedIn,Tech,Small,12500.0,6,22.4,South America,66,1,0.8585,1,8250.0,0.25641025641025644,9.428571428571429,0
LEAD3740,Email,Healthcare,Large,36500.0,11,24.7,North America,44,2,0.4925,1,16060.0,0.42801556420233466,3.6666666666666665,0
LEAD3741,LinkedIn,Healthcare,Small,16200.0,5,0.5,Europe,63,0,0.8881,1,10206.0,3.3333333333333335,10.5,0
LEAD3742,LinkedIn,Finance,Small,8500.0,4,11.9,North America,64,2,0.5446,1,5440.0,0.31007751937984496,12.8,0
LEAD3743,LinkedIn,Finance,Medium,9200.0,8,48.0,Asia-Pacific,51,0,0.2717,0,4692.0,0.16326530612244897,5.666666666666667,0
LEAD3744,Website,Tech,Medium,7100.0,11,10.7,Middle East,75,2,0.8672,1,5325.0,0.9401709401709403,6.25,0
LEAD3745,Website,Healthcare,Small,5100.0,6,2.4,North America,57,0,0.6974,1,2907.0,1.7647058823529411,8.142857142857142,0
LEAD3746,Website,Healthcare,Small,6100.0,4,25.3,South America,69,3,0.5975,1,4209.0,0.1520912547528517,13.8,0
LEAD3747,Cold Call,Tech,Large,3300.0,4,3.8,North America,65,1,0.6693,1,2145.0,0.8333333333333334,13.0,0
LEAD3748,Email,Tech,Medium,45900.0,6,0.7,North America,40,0,0.854,0,18360.0,3.5294117647058822,5.714285714285714,0
LEAD3749,Email,Tech,Medium,55500.0,9,6.9,North America,35,0,0.486,0,19425.0,1.1392405063291138,3.5,0
LEAD3750,LinkedIn,Tech,Small,19700.0,6,1.4,Asia-Pacific,41,1,0.5838,1,8077.0,2.5,5.857142857142857,0
LEAD3751,LinkedIn,Healthcare,Small,38700.0,4,1.6,North America,53,1,0.6942,1,20511.0,1.5384615384615383,10.6,0
LEAD3752,LinkedIn,Tech,Small,6100.0,5,7.6,Europe,87,1,0.7506,1,5307.0,0.5813953488372093,14.5,0
LEAD3753,Website,Tech,Small,48400.0,5,11.5,North America,54,1,0.6976,1,26136.0,0.4,9.0,0
LEAD3754,Cold Call,Tech,Small,16100.0,7,28.4,North America,62,1,0.3142,0,9982.0,0.2380952380952381,7.75,0
LEAD3755,Website,Manufacturing,Small,3400.0,5,14.8,Asia-Pacific,72,0,0.7204,1,2448.0,0.3164556962025316,12.0,0
LEAD3756,Website,Education,Medium,5000.0,6,22.3,North America,48,0,0.3512,1,2400.0,0.2575107296137339,6.857142857142857,0
LEAD3757,Website,Tech,Small,9400.0,7,6.5,North America,47,0,0.4416,1,4418.0,0.9333333333333333,5.875,0
LEAD3758,Website,Finance,Medium,2900.0,6,4.7,North America,76,0,0.6696,1,2204.0,1.0526315789473684,10.857142857142858,0
LEAD3759,Email,Tech,Small,9400.0,8,10.9,Europe,66,0,0.6868,1,6204.0,0.6722689075630252,7.333333333333333,0
LEAD3760,LinkedIn,Finance,Small,3200.0,7,14.4,Asia-Pacific,44,1,0.2643,0,1408.0,0.45454545454545453,5.5,0
LEAD3761,Website,Tech,Small,7400.0,7,10.2,North America,47,1,0.4434,1,3478.0,0.625,5.875,0
LEAD3762,Cold Call,Retail,Small,8200.0,6,3.8,North America,57,0,0.0598,0,4674.0,1.25,8.142857142857142,0
LEAD3763,Email,Healthcare,Small,105600.0,4,5.6,Europe,62,1,0.4697,0,65472.0,0.6060606060606061,12.4,0
LEAD3764,Website,Education,Large,7400.0,6,7.2,North America,80,0,0.7009,1,5920.0,0.7317073170731708,11.428571428571429,0
LEAD3765,Email,Tech,Medium,7500.0,5,0.3,South America,66,2,0.8292,0,4950.0,3.846153846153846,11.0,0
LEAD3766,Website,Education,Small,25200.0,4,25.5,Asia-Pacific,35,1,0.119,0,8820.0,0.1509433962264151,7.0,0
LEAD3767,Email,Retail,Small,41200.0,4,8.7,Europe,39,1,0.2088,0,16068.0,0.4123711340206186,7.8,0
LEAD3768,Email,Tech,Medium,11800.0,5,16.8,North America,61,1,0.742,1,7198.0,0.28089887640449435,10.166666666666666,0
LEAD3769,Website,Finance,Medium,43700.0,6,2.4,Asia-Pacific,58,0,0.7399,0,25346.0,1.7647058823529411,8.285714285714286,0
LEAD3770,Website,Tech,Small,10300.0,4,9.9,Asia-Pacific,38,0,0.2028,0,3914.0,0.36697247706422015,7.6,0
LEAD3771,Email,Tech,Medium,6400.0,5,31.4,Europe,76,1,0.4534,1,4864.0,0.154320987654321,12.666666666666666,0
LEAD3772,LinkedIn,Tech,Medium,10000.0,3,3.0,Asia-Pacific,10,2,0.1199,0,1000.0,0.75,2.5,0
LEAD3773,Website,Healthcare,Medium,20800.0,3,5.2,Asia-Pacific,62,0,0.4245,1,12896.0,0.48387096774193544,15.5,0
LEAD3774,Cold Call,Finance,Medium,11200.0,3,6.0,Europe,24,1,0.0607,0,2688.0,0.42857142857142855,6.0,0
LEAD3775,Cold Call,Manufacturing,Large,24300.0,5,5.9,North America,73,1,0.4098,1,17739.0,0.7246376811594203,12.166666666666666,0
LEAD3776,Referral,Tech,Large,7400.0,2,11.1,Asia-Pacific,50,1,0.7012,1,3700.0,0.1652892561983471,16.666666666666668,0
LEAD3777,LinkedIn,Manufacturing,Small,26100.0,7,6.1,North America,70,1,0.7968,1,18270.0,0.9859154929577465,8.75,0
LEAD3778,Email,Tech,Medium,10500.0,10,13.6,Asia-Pacific,47,0,0.6025,0,4935.0,0.684931506849315,4.2727272727272725,0
LEAD3779,Cold Call,Retail,Medium,14200.0,8,8.1,Asia-Pacific,82,1,0.7154,0,11644.0,0.8791208791208791,9.11111111111111,0
LEAD3780,LinkedIn,Finance,Medium,18300.0,8,2.2,Asia-Pacific,18,0,0.5071,0,3294.0,2.5,2.0,0
LEAD3781,Email,Tech,Large,25200.0,4,35.7,Europe,73,1,0.6243,1,18396.0,0.108991825613079,14.6,0
LEAD3782,Website,Education,Small,7500.0,7,3.4,North America,43,0,0.5814,1,3225.0,1.5909090909090908,5.375,0
LEAD3783,Website,Finance,Small,38200.0,5,10.0,North America,63,0,0.6827,0,24066.0,0.45454545454545453,10.5,0
LEAD3784,LinkedIn,Retail,Small,27600.0,10,0.9,Asia-Pacific,63,0,0.7948,0,17388.0,5.2631578947368425,5.7272727272727275,0
LEAD3785,LinkedIn,Healthcare,Small,7300.0,8,30.2,South America,27,1,0.1943,0,1971.0,0.25641025641025644,3.0,0
LEAD3786,Website,Finance,Small,75800.0,6,31.7,Asia-Pacific,75,0,0.5419,1,56850.0,0.18348623853211007,10.714285714285714,0
LEAD3787,Email,Finance,Medium,23900.0,3,5.5,North America,63,0,0.3055,0,15057.0,0.46153846153846156,15.75,0
LEAD3788,Email,Retail,Small,14000.0,5,1.6,Middle East,57,0,0.6354,1,7980.0,1.923076923076923,9.5,0
LEAD3789,Website,Tech,Medium,5400.0,5,17.7,Middle East,63,0,0.6465,1,3402.0,0.26737967914438504,10.5,0
LEAD3790,Referral,Retail,Medium,17200.0,2,3.7,Europe,58,1,0.7164,1,9976.0,0.425531914893617,19.333333333333332,0
LEAD3791,Website,Education,Small,5600.0,11,14.6,Europe,72,1,0.797,1,4032.0,0.7051282051282052,6.0,0
LEAD3792,Website,Tech,Small,13200.0,6,29.7,Asia-Pacific,46,3,0.5082,0,6072.0,0.19543973941368079,6.571428571428571,0
LEAD3793,Email,Tech,Medium,12500.0,8,10.8,Asia-Pacific,72,2,0.7282,1,9000.0,0.6779661016949152,8.0,0
LEAD3794,Cold Call,Retail,Medium,27500.0,5,23.8,Middle East,66,0,0.5129,0,18150.0,0.20161290322580644,11.0,0
LEAD3795,Website,Finance,Large,6300.0,7,3.2,North America,52,0,0.818,1,3276.0,1.6666666666666665,6.5,0
LEAD3796,Cold Call,Finance,Large,36500.0,3,29.1,Europe,92,0,0.2644,1,33580.0,0.09966777408637874,23.0,0
LEAD3797,Email,Tech,Large,9900.0,9,3.2,Asia-Pacific,64,2,0.9188,1,6336.0,2.142857142857143,6.4,0
LEAD3798,Website,Healthcare,Medium,13700.0,5,3.2,South America,59,0,0.6526,1,8083.0,1.1904761904761905,9.833333333333334,0
LEAD3799,Website,Tech,Large,31600.0,4,25.5,South America,66,1,0.6885,1,20856.0,0.1509433962264151,13.2,0
LEAD3800,Email,Finance,Medium,21600.0,5,9.8,Middle East,53,1,0.4209,0,11448.0,0.4629629629629629,8.833333333333334,0
LEAD3801,Website,Retail,Large,9400.0,6,19.4,Europe,79,0,0.717,0,7426.0,0.29411764705882354,11.285714285714286,0
LEAD3802,Referral,Tech,Small,11800.0,4,19.6,Asia-Pacific,55,1,0.8559,1,6490.0,0.1941747572815534,11.0,0
LEAD3803,LinkedIn,Finance,Large,9300.0,5,12.6,Europe,71,0,0.739,0,6603.0,0.36764705882352944,11.833333333333334,0
LEAD3804,Referral,Manufacturing,Small,20100.0,4,2.6,Europe,34,1,0.6228,1,6834.0,1.1111111111111112,6.8,0
LEAD3805,Website,Retail,Medium,10100.0,4,14.2,North America,19,0,0.1775,0,1919.0,0.2631578947368421,3.8,0
LEAD3806,Referral,Education,Small,27900.0,8,0.9,Asia-Pacific,63,0,0.9063,1,17577.0,4.2105263157894735,7.0,0
LEAD3807,Email,Finance,Small,19300.0,6,2.8,Middle East,47,0,0.4943,1,9071.0,1.5789473684210527,6.714285714285714,0
LEAD3808,Website,Retail,Small,5100.0,7,12.5,North America,51,1,0.7142,1,2601.0,0.5185185185185185,6.375,0
LEAD3809,Website,Tech,Small,9400.0,10,28.7,North America,8,2,0.1641,1,752.0,0.3367003367003367,0.7272727272727273,0
LEAD3810,Website,Tech,Small,7000.0,8,17.8,Asia-Pacific,89,2,0.9081,1,6230.0,0.425531914893617,9.88888888888889,0
LEAD3811,Cold Call,Tech,Medium,11900.0,7,4.9,Europe,57,0,0.4685,0,6783.0,1.1864406779661016,7.125,0
LEAD3812,Email,Finance,Small,16500.0,9,20.9,Middle East,82,0,0.6776,0,13530.0,0.4109589041095891,8.2,0
LEAD3813,Website,Education,Small,16100.0,4,40.9,North America,27,0,0.1726,0,4347.0,0.0954653937947494,5.4,0
LEAD3814,Cold Call,Finance,Small,30100.0,8,4.9,North America,57,1,0.366,0,17157.0,1.3559322033898304,6.333333333333333,0
LEAD3815,Website,Retail,Medium,6200.0,6,2.6,Europe,63,0,0.7099,0,3906.0,1.6666666666666665,9.0,0
LEAD3816,Email,Retail,Small,60600.0,11,2.7,North America,58,0,0.6352,0,35148.0,2.972972972972973,4.833333333333333,0
LEAD3817,Email,Healthcare,Small,10400.0,6,6.2,North America,60,0,0.3843,1,6240.0,0.8333333333333333,8.571428571428571,0
LEAD3818,LinkedIn,Finance,Small,9100.0,9,0.7,North America,27,1,0.6353,0,2457.0,5.294117647058823,2.7,0
LEAD3819,LinkedIn,Healthcare,Medium,25100.0,12,8.1,North America,61,0,0.7467,1,15311.0,1.3186813186813187,4.6923076923076925,0
LEAD3820,Email,Finance,Small,34700.0,5,15.9,North America,38,2,0.2922,0,13186.0,0.2958579881656805,6.333333333333333,0
LEAD3821,Email,Tech,Small,11500.0,5,9.2,Middle East,43,1,0.3681,1,4945.0,0.4901960784313726,7.166666666666667,0
LEAD3822,Email,Manufacturing,Small,29500.0,6,42.2,North America,55,0,0.1174,0,16225.0,0.13888888888888887,7.857142857142857,0
LEAD3823,LinkedIn,Tech,Large,45000.0,5,7.5,Europe,48,0,0.7013,1,21600.0,0.5882352941176471,8.0,0
LEAD3824,Website,Tech,Small,31100.0,6,0.3,South America,49,0,0.8565,0,15239.0,4.615384615384615,7.0,0
LEAD3825,Website,Education,Medium,2700.0,6,7.7,Asia-Pacific,77,0,0.662,1,2079.0,0.6896551724137931,11.0,0
LEAD3826,Website,Finance,Small,37100.0,13,32.0,Europe,52,0,0.541,1,19292.0,0.3939393939393939,3.7142857142857144,0
LEAD3827,Email,Retail,Small,31800.0,5,1.3,Asia-Pacific,47,1,0.4315,0,14946.0,2.173913043478261,7.833333333333333,0
LEAD3828,Email,Finance,Small,24100.0,2,3.1,Asia-Pacific,53,1,0.5438,1,12773.0,0.48780487804878053,17.666666666666668,0
LEAD3829,LinkedIn,Finance,Small,30500.0,8,15.2,South America,33,0,0.406,0,10065.0,0.4938271604938272,3.6666666666666665,0
LEAD3830,Website,Tech,Small,79700.0,6,4.3,Europe,58,1,0.5568,0,46226.0,1.1320754716981132,8.285714285714286,0
LEAD3831,Email,Finance,Small,13300.0,4,17.5,South America,69,2,0.7164,0,9177.0,0.21621621621621623,13.8,0
LEAD3832,LinkedIn,Finance,Small,3400.0,4,6.6,Europe,61,1,0.6331,0,2074.0,0.5263157894736842,12.2,0
LEAD3833,LinkedIn,Retail,Medium,14400.0,4,19.2,North America,56,2,0.78,1,8064.0,0.19801980198019803,11.2,0
LEAD3834,Email,Healthcare,Large,3000.0,7,9.7,South America,67,0,0.729,0,2010.0,0.6542056074766356,8.375,0
LEAD3835,Email,Manufacturing,Small,9000.0,8,1.1,Europe,44,1,0.6825,0,3960.0,3.8095238095238093,4.888888888888889,0
LEAD3836,Website,Tech,Medium,19700.0,7,6.0,South America,56,1,0.7669,1,11032.0,1.0,7.0,0
LEAD3837,Referral,Healthcare,Large,9400.0,9,5.0,North America,83,2,0.9747,1,7802.0,1.5,8.3,0
LEAD3838,Website,Healthcare,Medium,25100.0,8,20.0,North America,49,0,0.5385,0,12299.0,0.38095238095238093,5.444444444444445,0
LEAD3839,Referral,Manufacturing,Small,36500.0,5,11.9,Middle East,67,3,0.8389,1,24455.0,0.38759689922480617,11.166666666666666,0
LEAD3840,Cold Call,Tech,Medium,12900.0,5,18.1,North America,68,1,0.7904,1,8772.0,0.2617801047120419,11.333333333333334,0
LEAD3841,Email,Healthcare,Small,48100.0,6,5.7,Middle East,40,0,0.15,1,19240.0,0.8955223880597015,5.714285714285714,0
LEAD3842,Website,Education,Medium,3700.0,4,14.2,Middle East,69,0,0.6099,1,2553.0,0.2631578947368421,13.8,0
LEAD3843,Email,Tech,Small,38700.0,5,0.9,South America,43,0,0.6124,1,16641.0,2.6315789473684212,7.166666666666667,0
LEAD3844,Email,Education,Small,37300.0,3,0.5,Europe,64,0,0.5356,1,23872.0,2.0,16.0,0
LEAD3845,Website,Tech,Small,9800.0,5,4.2,Europe,43,1,0.519,0,4214.0,0.9615384615384615,7.166666666666667,0
LEAD3846,Cold Call,Retail,Small,9100.0,5,17.9,South America,61,1,0.387,1,5551.0,0.2645502645502646,10.166666666666666,0
LEAD3847,Referral,Manufacturing,Medium,9300.0,7,9.3,Asia-Pacific,58,1,0.8226,1,5394.0,0.6796116504854368,7.25,0
LEAD3848,Email,Retail,Small,35400.0,13,6.4,Europe,57,1,0.6498,1,20178.0,1.7567567567567566,4.071428571428571,0
LEAD3849,Cold Call,Finance,Medium,37600.0,5,27.3,Middle East,60,2,0.3132,0,22560.0,0.17667844522968199,10.0,0
LEAD3850,Website,Tech,Small,10000.0,2,8.4,Asia-Pacific,44,0,0.1898,0,4400.0,0.2127659574468085,14.666666666666666,0
LEAD3851,Email,Manufacturing,Small,20000.0,3,11.5,Middle East,32,0,0.0587,0,6400.0,0.24,8.0,0
LEAD3852,Website,Finance,Medium,5000.0,8,48.0,North America,57,1,0.722,1,2850.0,0.16326530612244897,6.333333333333333,0
LEAD3853,Cold Call,Tech,Large,14700.0,4,9.0,North America,77,0,0.6337,1,11319.0,0.4,15.4,0
LEAD3854,Referral,Retail,Small,136400.0,7,18.5,Europe,67,0,0.8911,1,91388.0,0.358974358974359,8.375,0
LEAD3855,Cold Call,Finance,Small,5500.0,5,6.5,North America,64,1,0.4479,1,3520.0,0.6666666666666666,10.666666666666666,0
LEAD3856,Website,Tech,Large,61000.0,3,0.5,Asia-Pacific,45,1,0.7213,1,27450.0,2.0,11.25,0
LEAD3857,Email,Tech,Small,36800.0,7,21.7,North America,59,2,0.5336,1,21712.0,0.30837004405286345,7.375,0
LEAD3858,Email,Tech,Large,73700.0,8,34.8,Middle East,38,2,0.4216,0,28006.0,0.223463687150838,4.222222222222222,0
LEAD3859,Email,Healthcare,Medium,6000.0,4,6.9,North America,47,0,0.4441,1,2820.0,0.5063291139240506,9.4,0
LEAD3860,LinkedIn,Healthcare,Small,6800.0,6,8.5,Europe,62,3,0.5924,0,4216.0,0.631578947368421,8.857142857142858,0
LEAD3861,LinkedIn,Healthcare,Small,2300.0,7,6.7,North America,19,0,0.1367,1,437.0,0.9090909090909091,2.375,0
LEAD3862,Cold Call,Education,Small,27800.0,10,48.0,Europe,90,2,0.3369,0,25020.0,0.20408163265306123,8.181818181818182,0
LEAD3863,Email,Education,Small,22700.0,7,28.1,North America,28,0,0.0914,0,6356.0,0.24054982817869414,3.5,0
LEAD3864,Website,Healthcare,Large,5900.0,7,0.6,North America,93,2,0.9808,1,5487.0,4.375,11.625,1
LEAD3865,Website,Tech,Medium,33300.0,4,18.2,Asia-Pacific,38,0,0.5625,0,12654.0,0.20833333333333334,7.6,0
LEAD3866,Email,Retail,Medium,9100.0,5,11.1,North America,38,1,0.3311,1,3458.0,0.4132231404958678,6.333333333333333,0
LEAD3867,Email,Finance,Medium,4900.0,7,0.4,North America,47,0,0.7302,1,2303.0,5.0,5.875,0
LEAD3868,Cold Call,Healthcare,Small,13000.0,4,7.2,Asia-Pacific,46,0,0.146,1,5980.0,0.48780487804878053,9.2,0
LEAD3869,Cold Call,Healthcare,Medium,3900.0,5,2.0,North America,43,0,0.393,0,1677.0,1.6666666666666667,7.166666666666667,0
LEAD3870,Website,Finance,Small,8100.0,6,24.9,Europe,48,1,0.4195,0,3888.0,0.23166023166023167,6.857142857142857,0
LEAD3871,Email,Manufacturing,Medium,11300.0,8,0.3,North America,57,0,0.6689,1,6441.0,6.153846153846153,6.333333333333333,0
LEAD3872,Website,Tech,Small,40200.0,7,24.9,North America,37,1,0.3168,1,14874.0,0.2702702702702703,4.625,0
LEAD3873,Website,Retail,Medium,33500.0,9,34.0,Asia-Pacific,72,0,0.7122,1,24120.0,0.2571428571428571,7.2,0
LEAD3874,LinkedIn,Tech,Large,13700.0,6,1.0,North America,83,1,0.9494,1,11371.0,3.0,11.857142857142858,1
LEAD3875,Website,Manufacturing,Small,27800.0,4,15.4,South America,16,0,0.2542,0,4448.0,0.24390243902439027,3.2,0
LEAD3876,Email,Tech,Small,18800.0,6,9.7,South America,92,1,0.6389,1,17296.0,0.5607476635514019,13.142857142857142,0
LEAD3877,Website,Tech,Medium,10300.0,4,37.1,North America,70,2,0.7478,0,7210.0,0.10498687664041995,14.0,0
LEAD3878,LinkedIn,Finance,Small,27900.0,5,19.3,Middle East,60,2,0.7024,1,16740.0,0.24630541871921183,10.0,0
LEAD3879,Email,Finance,Medium,25000.0,2,14.3,North America,44,0,0.0828,0,11000.0,0.13071895424836602,14.666666666666666,0
LEAD3880,Website,Tech,Large,21300.0,4,31.3,North America,58,0,0.5788,1,12354.0,0.12383900928792571,11.6,0
LEAD3881,Email,Healthcare,Small,21200.0,3,2.2,North America,73,0,0.4194,0,15476.0,0.9375,18.25,0
LEAD3882,Cold Call,Finance,Small,25000.0,5,5.8,Europe,100,1,0.8274,1,25000.0,0.7352941176470589,16.666666666666668,0
LEAD3883,Referral,Tech,Medium,11700.0,5,22.3,Europe,99,0,0.9416,1,11583.0,0.2145922746781116,16.5,0
LEAD3884,Website,Finance,Small,42700.0,4,1.4,North America,24,0,0.5104,1,10248.0,1.6666666666666667,4.8,0
LEAD3885,LinkedIn,Education,Small,5500.0,2,33.0,Asia-Pacific,51,0,0.1048,0,2805.0,0.058823529411764705,17.0,0
LEAD3886,Referral,Retail,Large,45100.0,5,16.5,Asia-Pacific,57,2,0.8624,1,25707.0,0.2857142857142857,9.5,0
LEAD3887,LinkedIn,Retail,Medium,10400.0,3,7.0,North America,82,3,0.7292,0,8528.0,0.375,20.5,0
LEAD3888,Cold Call,Retail,Small,4700.0,4,5.1,Asia-Pacific,53,1,0.1641,1,2491.0,0.6557377049180328,10.6,0
LEAD3889,Cold Call,Finance,Small,20300.0,2,2.0,Middle East,40,1,0.2214,0,8120.0,0.6666666666666666,13.333333333333334,0
LEAD3890,Email,Tech,Medium,11400.0,6,1.3,North America,56,1,0.8914,1,6384.0,2.608695652173913,8.0,0
LEAD3891,LinkedIn,Tech,Medium,35800.0,7,6.7,North America,47,1,0.7191,0,16826.0,0.9090909090909091,5.875,0
LEAD3892,Email,Education,Medium,13300.0,9,22.3,Europe,75,1,0.7676,1,9975.0,0.38626609442060084,7.5,0
LEAD3893,Cold Call,Manufacturing,Small,24100.0,6,9.2,Europe,100,0,0.5399,1,24100.0,0.5882352941176471,14.285714285714286,0
LEAD3894,Email,Finance,Large,9400.0,4,7.3,Europe,73,0,0.8271,1,6862.0,0.48192771084337344,14.6,0
LEAD3895,Cold Call,Tech,Medium,6700.0,8,4.7,North America,74,1,0.713,1,4958.0,1.4035087719298245,8.222222222222221,0
LEAD3896,LinkedIn,Tech,Medium,11800.0,8,2.1,Asia-Pacific,80,0,0.8949,1,9440.0,2.5806451612903225,8.88888888888889,0
LEAD3897,Website,Finance,Medium,20700.0,5,48.0,Europe,64,1,0.7651,1,13248.0,0.10204081632653061,10.666666666666666,0
LEAD3898,LinkedIn,Healthcare,Small,23400.0,5,0.4,Europe,47,1,0.768,1,10998.0,3.5714285714285716,7.833333333333333,0
LEAD3899,Email,Tech,Large,19300.0,6,4.6,North America,49,1,0.6567,1,9457.0,1.0714285714285714,7.0,0
LEAD3900,LinkedIn,Manufacturing,Small,90600.0,5,17.7,Europe,77,1,0.7404,1,69762.0,0.26737967914438504,12.833333333333334,0
LEAD3901,Email,Finance,Small,25500.0,5,8.9,North America,61,0,0.3544,0,15555.0,0.5050505050505051,10.166666666666666,0
LEAD3902,Email,Manufacturing,Medium,55600.0,6,4.6,Europe,35,0,0.209,0,19460.0,1.0714285714285714,5.0,0
LEAD3903,LinkedIn,Retail,Medium,4500.0,5,48.0,South America,81,0,0.4999,0,3645.0,0.10204081632653061,13.5,0
LEAD3904,Website,Retail,Medium,3300.0,2,11.7,Europe,40,0,0.1991,1,1320.0,0.15748031496062992,13.333333333333334,0
LEAD3905,LinkedIn,Healthcare,Medium,9500.0,6,4.3,North America,32,0,0.2803,0,3040.0,1.1320754716981132,4.571428571428571,0
LEAD3906,Email,Healthcare,Small,4900.0,4,22.7,Europe,37,0,0.1382,1,1813.0,0.16877637130801687,7.4,0
LEAD3907,Email,Healthcare,Large,16900.0,7,2.1,Asia-Pacific,61,0,0.6279,1,10309.0,2.258064516129032,7.625,0
LEAD3908,Website,Healthcare,Small,16600.0,8,7.6,Asia-Pacific,74,0,0.8567,1,12284.0,0.9302325581395349,8.222222222222221,0
LEAD3909,Email,Healthcare,Large,19100.0,4,22.1,Europe,60,0,0.5566,0,11460.0,0.17316017316017315,12.0,0
LEAD3910,Website,Manufacturing,Small,29300.0,5,48.0,North America,44,1,0.1592,0,12892.0,0.10204081632653061,7.333333333333333,0
LEAD3911,Website,Retail,Medium,73000.0,6,5.9,Europe,39,1,0.5552,0,28470.0,0.8695652173913043,5.571428571428571,0
LEAD3912,Website,Retail,Small,44100.0,6,1.9,Europe,70,0,0.7578,1,30870.0,2.0689655172413794,10.0,0
LEAD3913,Website,Education,Medium,4500.0,6,10.1,Middle East,53,1,0.5358,0,2385.0,0.5405405405405406,7.571428571428571,0
LEAD3914,Referral,Tech,Large,10300.0,6,34.7,Europe,62,0,0.7211,1,6386.0,0.1680672268907563,8.857142857142858,0
LEAD3915,Referral,Tech,Small,7900.0,4,13.2,Asia-Pacific,52,3,0.8567,1,4108.0,0.28169014084507044,10.4,0
LEAD3916,Email,Finance,Medium,5900.0,6,11.2,Europe,61,0,0.4624,1,3599.0,0.49180327868852464,8.714285714285714,0
LEAD3917,Cold Call,Healthcare,Medium,17700.0,4,4.5,North America,63,2,0.4,0,11151.0,0.7272727272727273,12.6,0
LEAD3918,Website,Education,Medium,18100.0,5,11.3,Asia-Pacific,100,0,0.843,0,18100.0,0.4065040650406504,16.666666666666668,0
LEAD3919,Cold Call,Finance,Large,7200.0,8,26.0,Europe,63,2,0.4369,1,4536.0,0.2962962962962963,7.0,0
LEAD3920,LinkedIn,Healthcare,Small,26900.0,6,5.8,Middle East,47,1,0.5373,1,12643.0,0.8823529411764706,6.714285714285714,0
LEAD3921,Referral,Healthcare,Small,28400.0,6,3.4,Europe,59,0,0.8436,1,16756.0,1.3636363636363635,8.428571428571429,0
LEAD3922,Email,Tech,Small,2400.0,3,8.0,North America,36,0,0.0775,0,864.0,0.3333333333333333,9.0,0
LEAD3923,LinkedIn,Healthcare,Small,12100.0,7,5.8,Asia-Pacific,36,0,0.2553,0,4356.0,1.0294117647058825,4.5,0
LEAD3924,Website,Education,Small,46200.0,3,7.7,North America,80,0,0.5543,1,36960.0,0.3448275862068966,20.0,0
LEAD3925,Referral,Tech,Medium,16700.0,2,1.3,North America,61,0,0.6833,0,10187.0,0.8695652173913044,20.333333333333332,0
LEAD3926,Website,Healthcare,Small,10500.0,5,5.0,North America,77,1,0.7418,1,8085.0,0.8333333333333334,12.833333333333334,0
LEAD3927,Cold Call,Healthcare,Small,7900.0,6,21.1,Asia-Pacific,23,0,0.0553,0,1817.0,0.27149321266968324,3.2857142857142856,0
LEAD3928,Cold Call,Tech,Small,7600.0,7,6.2,Europe,35,1,0.2405,0,2660.0,0.9722222222222222,4.375,0
LEAD3929,Cold Call,Tech,Medium,4100.0,9,41.4,North America,61,1,0.4339,1,2501.0,0.21226415094339623,6.1,0
LEAD3930,Website,Manufacturing,Medium,36000.0,6,14.9,Europe,39,0,0.4823,0,14040.0,0.3773584905660377,5.571428571428571,0
LEAD3931,Referral,Finance,Small,3800.0,10,5.6,Europe,27,0,0.3976,1,1026.0,1.5151515151515151,2.4545454545454546,0
LEAD3932,Website,Tech,Large,8900.0,3,3.6,South America,33,1,0.4615,0,2937.0,0.6521739130434783,8.25,0
LEAD3933,Cold Call,Tech,Small,2900.0,4,14.0,Europe,49,0,0.2913,1,1421.0,0.26666666666666666,9.8,0
LEAD3934,Website,Retail,Large,32400.0,4,4.4,Asia-Pacific,63,0,0.7063,0,20412.0,0.7407407407407407,12.6,0
LEAD3935,Website,Healthcare,Medium,2800.0,7,31.5,North America,89,1,0.7626,1,2492.0,0.2153846153846154,11.125,0
LEAD3936,Email,Healthcare,Small,9400.0,14,1.6,Asia-Pacific,34,0,0.4141,0,3196.0,5.384615384615384,2.2666666666666666,0
LEAD3937,Email,Tech,Medium,19000.0,5,0.4,Asia-Pacific,35,0,0.4998,0,6650.0,3.5714285714285716,5.833333333333333,0
LEAD3938,Website,Education,Medium,12500.0,7,3.1,South America,26,2,0.3623,0,3250.0,1.707317073170732,3.25,0
LEAD3939,Website,Finance,Small,8600.0,6,11.3,North America,66,2,0.6033,1,5676.0,0.4878048780487805,9.428571428571429,0
LEAD3940,Email,Finance,Large,8400.0,4,21.7,Europe,57,1,0.5709,1,4788.0,0.1762114537444934,11.4,0
LEAD3941,LinkedIn,Finance,Small,34000.0,5,2.3,Asia-Pacific,36,0,0.5304,1,12240.0,1.5151515151515151,6.0,0
LEAD3942,LinkedIn,Finance,Small,75000.0,10,10.6,North America,38,0,0.4916,0,28500.0,0.8620689655172414,3.4545454545454546,0
LEAD3943,Website,Education,Small,10600.0,5,2.0,Europe,53,1,0.6745,1,5618.0,1.6666666666666667,8.833333333333334,0
LEAD3944,Email,Manufacturing,Small,2800.0,3,10.0,Middle East,54,3,0.3276,0,1512.0,0.2727272727272727,13.5,0
LEAD3945,Website,Finance,Small,2700.0,7,0.3,Europe,34,0,0.7892,0,918.0,5.384615384615384,4.25,0
LEAD3946,Website,Education,Large,30500.0,6,9.9,Middle East,59,2,0.7142,1,17995.0,0.5504587155963303,8.428571428571429,0
LEAD3947,Cold Call,Retail,Small,18100.0,6,9.0,North America,27,1,0.1381,0,4887.0,0.6,3.857142857142857,0
LEAD3948,Cold Call,Manufacturing,Small,32600.0,10,0.6,Asia-Pacific,56,3,0.7134,0,18256.0,6.25,5.090909090909091,0
LEAD3949,Website,Tech,Medium,25900.0,7,14.1,Europe,51,0,0.7231,1,13209.0,0.4635761589403974,6.375,0
LEAD3950,Website,Healthcare,Large,49600.0,4,10.3,Europe,63,0,0.8371,1,31248.0,0.35398230088495575,12.6,0
LEAD3951,Website,Tech,Large,45400.0,6,11.8,Middle East,79,1,0.8865,0,35866.0,0.46875,11.285714285714286,0
LEAD3952,LinkedIn,Education,Medium,33100.0,7,9.2,North America,48,1,0.7088,0,15888.0,0.6862745098039216,6.0,0
LEAD3953,Referral,Tech,Large,14900.0,5,15.5,South America,55,1,0.9387,1,8195.0,0.30303030303030304,9.166666666666666,0
LEAD3954,Website,Healthcare,Medium,9400.0,4,9.0,Asia-Pacific,15,2,0.3762,0,1410.0,0.4,3.0,0
LEAD3955,Website,Finance,Large,16100.0,1,30.8,North America,94,2,0.7723,1,15134.0,0.031446540880503145,47.0,0
LEAD3956,LinkedIn,Finance,Medium,15900.0,6,34.6,South America,18,0,0.148,1,2862.0,0.16853932584269662,2.5714285714285716,0
LEAD3957,LinkedIn,Healthcare,Small,20800.0,4,15.7,Europe,53,1,0.5645,0,11024.0,0.23952095808383234,10.6,0
LEAD3958,Email,Education,Small,6100.0,8,29.2,Asia-Pacific,4,0,0.043,0,244.0,0.26490066225165565,0.4444444444444444,0
LEAD3959,Website,Healthcare,Medium,23300.0,5,30.9,North America,38,3,0.3896,0,8854.0,0.15673981191222572,6.333333333333333,0
LEAD3960,Website,Education,Small,14200.0,3,3.7,South America,90,0,0.7008,1,12780.0,0.6382978723404255,22.5,0
LEAD3961,Email,Tech,Small,21400.0,8,48.0,Europe,78,1,0.6531,1,16692.0,0.16326530612244897,8.666666666666666,0
LEAD3962,Email,Healthcare,Medium,7500.0,3,3.8,North America,75,0,0.515,1,5625.0,0.625,18.75,0
LEAD3963,Website,Finance,Large,13400.0,4,0.3,Europe,51,1,0.949,1,6834.0,3.0769230769230766,10.2,0
LEAD3964,Email,Tech,Small,6700.0,5,39.4,North America,88,0,0.5412,0,5896.0,0.12376237623762376,14.666666666666666,0
LEAD3965,Website,Healthcare,Medium,43600.0,7,3.1,Europe,60,1,0.8386,1,26160.0,1.707317073170732,7.5,0
LEAD3966,LinkedIn,Retail,Medium,15400.0,12,10.6,North America,69,2,0.8155,1,10626.0,1.0344827586206897,5.3076923076923075,0
LEAD3967,Website,Healthcare,Large,7100.0,6,42.4,North America,100,0,0.7546,1,7100.0,0.1382488479262673,14.285714285714286,0
LEAD3968,Website,Retail,Large,2800.0,7,0.7,North America,77,1,0.9573,1,2156.0,4.11764705882353,9.625,1
LEAD3969,Email,Healthcare,Medium,24500.0,10,3.9,Europe,54,3,0.7855,1,13230.0,2.0408163265306123,4.909090909090909,0
LEAD3970,Email,Tech,Medium,6800.0,5,11.4,Europe,65,0,0.528,1,4420.0,0.4032258064516129,10.833333333333334,0
LEAD3971,Referral,Tech,Small,93300.0,1,17.4,Europe,83,0,0.8008,1,77439.0,0.05434782608695653,41.5,0
LEAD3972,Email,Healthcare,Medium,17300.0,7,19.9,North America,67,1,0.4979,0,11591.0,0.3349282296650718,8.375,0
LEAD3973,Website,Tech,Medium,8800.0,7,25.9,Asia-Pacific,71,2,0.8342,1,6248.0,0.26022304832713755,8.875,0
LEAD3974,Cold Call,Tech,Large,23400.0,4,2.3,Asia-Pacific,81,1,0.8394,0,18954.0,1.2121212121212122,16.2,0
LEAD3975,Website,Finance,Medium,8400.0,9,5.6,North America,100,1,0.9773,1,8400.0,1.3636363636363638,10.0,0
LEAD3976,LinkedIn,Healthcare,Small,36300.0,5,15.1,South America,36,0,0.3053,0,13068.0,0.3105590062111801,6.0,0
LEAD3977,Email,Finance,Medium,9400.0,8,15.2,Europe,69,2,0.7916,1,6486.0,0.4938271604938272,7.666666666666667,0
LEAD3978,Email,Retail,Small,90900.0,8,4.5,Asia-Pacific,64,0,0.6802,1,58176.0,1.4545454545454546,7.111111111111111,0
LEAD3979,Website,Healthcare,Small,20600.0,7,4.5,North America,47,0,0.5141,1,9682.0,1.2727272727272727,5.875,0
LEAD3980,Email,Finance,Small,39200.0,7,4.7,North America,42,0,0.2679,0,16464.0,1.2280701754385965,5.25,0
LEAD3981,LinkedIn,Retail,Small,3500.0,7,26.8,South America,88,0,0.3365,1,3080.0,0.2517985611510791,11.0,0
LEAD3982,LinkedIn,Healthcare,Medium,10600.0,2,28.9,Asia-Pacific,35,1,0.2801,0,3710.0,0.06688963210702341,11.666666666666666,0
LEAD3983,Website,Healthcare,Small,28700.0,7,0.3,North America,27,1,0.578,1,7749.0,5.384615384615384,3.375,0
LEAD3984,Website,Healthcare,Small,23300.0,6,4.8,North America,44,2,0.7736,0,10252.0,1.0344827586206897,6.285714285714286,0
LEAD3985,LinkedIn,Tech,Large,6300.0,9,6.1,Asia-Pacific,19,0,0.3075,0,1197.0,1.267605633802817,1.9,0
LEAD3986,Referral,Retail,Small,10800.0,2,48.0,Asia-Pacific,38,1,0.3506,0,4104.0,0.04081632653061224,12.666666666666666,0
LEAD3987,Website,Finance,Small,8100.0,3,34.7,South America,34,0,0.0968,0,2754.0,0.08403361344537814,8.5,0
LEAD3988,Email,Manufacturing,Small,21000.0,9,12.0,North America,57,0,0.5431,0,11970.0,0.6923076923076923,5.7,0
LEAD3989,Website,Education,Small,10400.0,7,0.7,Europe,84,1,0.8874,1,8736.0,4.11764705882353,10.5,1
LEAD3990,LinkedIn,Healthcare,Small,9400.0,8,2.6,North America,43,0,0.5514,1,4042.0,2.2222222222222223,4.777777777777778,0
LEAD3991,Website,Tech,Small,6600.0,7,6.9,North America,72,0,0.6482,0,4752.0,0.8860759493670886,9.0,0
LEAD3992,Website,Tech,Medium,12500.0,4,38.4,North America,70,0,0.63,1,8750.0,0.10152284263959391,14.0,0
LEAD3993,LinkedIn,Finance,Small,6400.0,3,1.3,South America,11,0,0.0827,0,704.0,1.3043478260869565,2.75,0
LEAD3994,Website,Finance,Small,67700.0,4,18.9,Europe,44,0,0.4327,1,29788.0,0.20100502512562815,8.8,0
LEAD3995,Email,Tech,Large,5400.0,10,2.6,Asia-Pacific,47,0,0.5929,1,2538.0,2.7777777777777777,4.2727272727272725,0
LEAD3996,Email,Healthcare,Small,50900.0,5,8.6,North America,63,1,0.5,0,32067.0,0.5208333333333334,10.5,0
LEAD3997,Website,Tech,Large,13200.0,3,17.6,North America,66,0,0.6103,1,8712.0,0.16129032258064516,16.5,0
LEAD3998,Email,Manufacturing,Small,11500.0,9,14.3,North America,62,2,0.4896,0,7130.0,0.5882352941176471,6.2,0
LEAD3999,Email,Tech,Small,7300.0,7,18.0,North America,37,0,0.1481,0,2701.0,0.3684210526315789,4.625,0
LEAD4000,Website,Manufacturing,Medium,22200.0,5,20.3,Asia-Pacific,42,1,0.5503,1,9324.0,0.2347417840375587,7.0,0
LEAD4001,Email,Manufacturing,Small,25100.0,10,4.5,North America,25,0,0.083,1,6275.0,1.8181818181818181,2.272727272727273,0
LEAD4002,LinkedIn,Healthcare,Small,14600.0,7,5.5,North America,56,0,0.4683,1,8176.0,1.0769230769230769,7.0,0
LEAD4003,LinkedIn,Retail,Medium,3100.0,5,20.4,North America,48,0,0.3827,0,1488.0,0.23364485981308414,8.0,0
LEAD4004,Website,Finance,Small,52100.0,5,0.6,North America,66,0,0.9003,1,34386.0,3.125,11.0,0
LEAD4005,Website,Healthcare,Medium,80600.0,6,8.8,Asia-Pacific,69,1,0.8515,1,55614.0,0.6122448979591836,9.857142857142858,0
LEAD4006,Website,Finance,Large,13300.0,4,30.5,Europe,48,1,0.3692,0,6384.0,0.12698412698412698,9.6,0
LEAD4007,Email,Finance,Small,21000.0,7,26.1,Asia-Pacific,61,0,0.2699,0,12810.0,0.25830258302583026,7.625,0
LEAD4008,Email,Healthcare,Medium,14000.0,5,19.7,Asia-Pacific,51,1,0.5652,1,7140.0,0.24154589371980678,8.5,0
LEAD4009,Cold Call,Finance,Medium,9800.0,6,0.4,North America,33,0,0.3716,0,3234.0,4.285714285714286,4.714285714285714,0
LEAD4010,Website,Healthcare,Large,3600.0,5,26.3,North America,39,0,0.2143,0,1404.0,0.18315018315018314,6.5,0
LEAD4011,Website,Tech,Medium,14200.0,5,29.2,Asia-Pacific,10,0,0.1441,0,1420.0,0.16556291390728478,1.6666666666666667,0
LEAD4012,Email,Finance,Large,36100.0,3,13.2,Asia-Pacific,47,1,0.4218,0,16967.0,0.21126760563380284,11.75,0
LEAD4013,Cold Call,Tech,Small,2300.0,6,4.4,North America,43,3,0.1086,0,989.0,1.111111111111111,6.142857142857143,0
LEAD4014,Website,Tech,Medium,19500.0,3,8.2,North America,33,0,0.1019,0,6435.0,0.32608695652173914,8.25,0
LEAD4015,Cold Call,Tech,Small,44500.0,6,17.4,North America,71,0,0.6029,1,31595.0,0.32608695652173914,10.142857142857142,0
LEAD4016,Website,Tech,Small,6900.0,8,20.2,North America,66,0,0.7384,0,4554.0,0.37735849056603776,7.333333333333333,0
LEAD4017,LinkedIn,Tech,Large,6000.0,7,5.1,North America,66,1,0.7341,1,3960.0,1.1475409836065575,8.25,0
LEAD4018,LinkedIn,Education,Small,31600.0,5,4.8,North America,69,0,0.4772,1,21804.0,0.8620689655172414,11.5,0
LEAD4019,Website,Tech,Large,7900.0,1,16.1,Europe,55,1,0.5238,1,4345.0,0.05847953216374269,27.5,0
LEAD4020,Website,Retail,Small,6300.0,4,14.0,North America,55,2,0.636,0,3465.0,0.26666666666666666,11.0,0
LEAD4021,Email,Tech,Medium,11500.0,6,8.7,North America,72,1,0.5609,1,8280.0,0.6185567010309279,10.285714285714286,0
LEAD4022,Website,Education,Small,12000.0,10,6.6,South America,68,1,0.6662,1,8160.0,1.3157894736842106,6.181818181818182,0
LEAD4023,Cold Call,Finance,Small,43400.0,4,12.9,Europe,76,1,0.692,0,32984.0,0.28776978417266186,15.2,0
LEAD4024,LinkedIn,Finance,Small,21300.0,8,0.5,Middle East,54,1,0.9031,1,11502.0,5.333333333333333,6.0,0
LEAD4025,Cold Call,Healthcare,Medium,12400.0,5,1.0,North America,35,0,0.4231,0,4340.0,2.5,5.833333333333333,0
LEAD4026,LinkedIn,Finance,Small,17300.0,7,10.3,Asia-Pacific,60,1,0.6567,1,10380.0,0.6194690265486725,7.5,0
LEAD4027,Email,Healthcare,Medium,63600.0,6,2.9,North America,43,1,0.6684,1,27348.0,1.5384615384615385,6.142857142857143,0
LEAD4028,Website,Tech,Small,4400.0,7,18.0,Europe,68,1,0.654,0,2992.0,0.3684210526315789,8.5,0
LEAD4029,Cold Call,Manufacturing,Small,6700.0,3,17.9,North America,61,0,0.0653,0,4087.0,0.15873015873015875,15.25,0
LEAD4030,Email,Finance,Small,67700.0,6,15.0,North America,56,0,0.5387,1,37912.0,0.375,8.0,0
LEAD4031,Cold Call,Finance,Small,65100.0,9,28.2,Middle East,47,1,0.1726,0,30597.0,0.3082191780821918,4.7,0
LEAD4032,Website,Retail,Medium,5900.0,7,1.9,Europe,75,0,0.8397,1,4425.0,2.413793103448276,9.375,0
LEAD4033,Website,Finance,Large,5100.0,10,3.7,South America,73,2,0.9365,1,3723.0,2.127659574468085,6.636363636363637,0
LEAD4034,Referral,Education,Small,12900.0,8,3.6,North America,44,2,0.9213,0,5676.0,1.7391304347826089,4.888888888888889,0
LEAD4035,Website,Finance,Medium,3000.0,4,18.4,North America,30,1,0.3632,0,900.0,0.2061855670103093,6.0,0
LEAD4036,Referral,Retail,Medium,23300.0,3,8.9,Europe,59,0,0.7115,0,13747.0,0.30303030303030304,14.75,0
LEAD4037,Referral,Tech,Small,3600.0,9,3.6,Asia-Pacific,79,2,0.9713,1,2844.0,1.956521739130435,7.9,0
LEAD4038,LinkedIn,Education,Small,3200.0,4,1.9,Europe,30,1,0.293,0,960.0,1.3793103448275863,6.0,0
LEAD4039,Cold Call,Retail,Medium,15300.0,8,26.9,South America,64,0,0.1603,0,9792.0,0.28673835125448033,7.111111111111111,0
LEAD4040,Email,Tech,Small,65300.0,7,14.2,North America,39,0,0.3062,0,25467.0,0.46052631578947373,4.875,0
LEAD4041,LinkedIn,Tech,Small,13100.0,3,9.1,Asia-Pacific,35,0,0.1933,0,4585.0,0.297029702970297,8.75,0
LEAD4042,Website,Finance,Small,10800.0,5,40.5,North America,74,0,0.3875,1,7992.0,0.12048192771084337,12.333333333333334,0
LEAD4043,Email,Manufacturing,Medium,125900.0,6,22.8,North America,68,0,0.7122,0,85612.0,0.25210084033613445,9.714285714285714,0
LEAD4044,Cold Call,Tech,Small,17200.0,6,2.5,Europe,52,3,0.5741,1,8944.0,1.7142857142857142,7.428571428571429,0
LEAD4045,Email,Finance,Small,11400.0,5,8.6,Europe,71,1,0.6168,0,8094.0,0.5208333333333334,11.833333333333334,0
LEAD4046,Email,Tech,Small,11800.0,6,8.1,North America,69,1,0.7047,1,8142.0,0.6593406593406593,9.857142857142858,0
LEAD4047,Website,Finance,Small,6300.0,6,22.4,North America,25,0,0.232,0,1575.0,0.25641025641025644,3.5714285714285716,0
LEAD4048,Email,Healthcare,Small,16400.0,11,2.0,Europe,57,0,0.6991,1,9348.0,3.6666666666666665,4.75,0
LEAD4049,LinkedIn,Manufacturing,Large,13600.0,4,7.3,Europe,83,1,0.918,1,11288.0,0.48192771084337344,16.6,0
LEAD4050,Website,Healthcare,Small,8300.0,4,12.2,North America,64,1,0.4871,0,5312.0,0.30303030303030304,12.8,0
LEAD4051,Referral,Education,Medium,5500.0,3,35.0,North America,3,2,0.0449,0,165.0,0.08333333333333333,0.75,0
LEAD4052,Cold Call,Healthcare,Small,9500.0,4,27.6,North America,34,2,0.1124,1,3230.0,0.13986013986013984,6.8,0
LEAD4053,LinkedIn,Tech,Medium,16200.0,1,9.3,Middle East,75,2,0.7594,1,12150.0,0.0970873786407767,37.5,0
LEAD4054,Email,Finance,Medium,3200.0,7,11.3,Middle East,44,0,0.1822,0,1408.0,0.5691056910569106,5.5,0
LEAD4055,LinkedIn,Healthcare,Small,5300.0,5,23.1,Europe,77,0,0.776,1,4081.0,0.20746887966804978,12.833333333333334,0
LEAD4056,Website,Manufacturing,Medium,61000.0,10,16.5,Middle East,96,0,0.7968,1,58560.0,0.5714285714285714,8.727272727272727,0
LEAD4057,LinkedIn,Education,Small,17700.0,7,25.5,Asia-Pacific,50,0,0.2406,0,8850.0,0.2641509433962264,6.25,0
LEAD4058,Website,Tech,Medium,3300.0,7,27.3,North America,43,1,0.3884,1,1419.0,0.24734982332155475,5.375,0
LEAD4059,LinkedIn,Tech,Small,25600.0,6,21.5,North America,35,2,0.3326,1,8960.0,0.26666666666666666,5.0,0
LEAD4060,Referral,Tech,Large,3300.0,6,0.2,South America,70,0,0.9491,1,2310.0,5.0,10.0,0
LEAD4061,Website,Manufacturing,Medium,28900.0,5,4.6,Europe,43,2,0.4847,1,12427.0,0.8928571428571429,7.166666666666667,0
LEAD4062,Website,Education,Large,29700.0,5,6.3,Asia-Pacific,47,0,0.4868,1,13959.0,0.684931506849315,7.833333333333333,0
LEAD4063,LinkedIn,Retail,Medium,23100.0,8,13.7,South America,33,1,0.7066,1,7623.0,0.54421768707483,3.6666666666666665,0
LEAD4064,Website,Finance,Small,28400.0,8,4.5,Europe,46,1,0.7235,1,13064.0,1.4545454545454546,5.111111111111111,0
LEAD4065,LinkedIn,Healthcare,Medium,3800.0,2,4.8,North America,41,0,0.2764,1,1558.0,0.3448275862068966,13.666666666666666,0
LEAD4066,Website,Finance,Large,27900.0,3,6.2,North America,15,1,0.1684,0,4185.0,0.41666666666666663,3.75,0
LEAD4067,Website,Tech,Large,4900.0,11,37.4,North America,38,0,0.4304,0,1862.0,0.28645833333333337,3.1666666666666665,0
LEAD4068,Referral,Healthcare,Small,10300.0,8,7.0,North America,70,0,0.8011,0,7210.0,1.0,7.777777777777778,0
LEAD4069,Cold Call,Tech,Medium,59200.0,6,1.9,Europe,82,1,0.7914,1,48544.0,2.0689655172413794,11.714285714285714,1
LEAD4070,LinkedIn,Tech,Small,16000.0,6,0.2,North America,53,0,0.7054,1,8480.0,5.0,7.571428571428571,0
LEAD4071,Website,Education,Medium,70500.0,9,3.3,North America,56,2,0.872,1,39480.0,2.0930232558139537,5.6,0
LEAD4072,Cold Call,Retail,Small,3900.0,8,33.6,Europe,61,2,0.1453,0,2379.0,0.23121387283236994,6.777777777777778,0
LEAD4073,Email,Finance,Small,15000.0,5,37.3,North America,94,0,0.4935,0,14100.0,0.13054830287206268,15.666666666666666,0
LEAD4074,Cold Call,Healthcare,Large,3300.0,8,9.1,Europe,35,0,0.2237,0,1155.0,0.7920792079207921,3.888888888888889,0
LEAD4075,Cold Call,Finance,Small,21900.0,6,12.6,Europe,30,0,0.0938,0,6570.0,0.4411764705882353,4.285714285714286,0
LEAD4076,Email,Retail,Medium,3600.0,5,19.2,Europe,54,0,0.2763,0,1944.0,0.24752475247524752,9.0,0
LEAD4077,Email,Retail,Medium,5900.0,6,0.8,Middle East,63,1,0.7246,0,3717.0,3.333333333333333,9.0,0
LEAD4078,Website,Retail,Small,8000.0,5,5.7,North America,54,0,0.3603,1,4320.0,0.7462686567164178,9.0,0
LEAD4079,LinkedIn,Retail,Small,29600.0,6,12.4,North America,28,2,0.3647,1,8288.0,0.44776119402985076,4.0,0
LEAD4080,Website,Tech,Medium,5600.0,7,27.5,South America,73,0,0.6404,0,4088.0,0.24561403508771928,9.125,0
LEAD4081,Cold Call,Finance,Small,39500.0,5,15.7,Europe,52,0,0.1678,0,20540.0,0.29940119760479045,8.666666666666666,0
LEAD4082,Website,Finance,Medium,4800.0,7,5.3,Asia-Pacific,66,1,0.6705,0,3168.0,1.1111111111111112,8.25,0
LEAD4083,Cold Call,Finance,Large,2700.0,10,29.0,North America,86,1,0.4418,1,2322.0,0.3333333333333333,7.818181818181818,0
LEAD4084,Cold Call,Retail,Small,12100.0,5,13.2,Asia-Pacific,26,3,0.0735,0,3146.0,0.35211267605633806,4.333333333333333,0
LEAD4085,Website,Finance,Small,79700.0,7,21.4,South America,21,1,0.3603,0,16737.0,0.3125,2.625,0
LEAD4086,Website,Tech,Small,4300.0,3,5.9,Europe,66,0,0.2725,0,2838.0,0.43478260869565216,16.5,0
LEAD4087,Website,Finance,Medium,4100.0,9,0.1,North America,14,2,0.819,1,574.0,8.181818181818182,1.4,0
LEAD4088,Cold Call,Manufacturing,Small,29800.0,3,2.3,South America,47,0,0.1444,0,14006.0,0.9090909090909092,11.75,0
LEAD4089,LinkedIn,Tech,Small,9500.0,4,31.5,Asia-Pacific,44,1,0.2904,0,4180.0,0.12307692307692308,8.8,0
LEAD4090,Website,Healthcare,Medium,27300.0,5,0.5,Asia-Pacific,62,0,0.8821,1,16926.0,3.3333333333333335,10.333333333333334,0
LEAD4091,Cold Call,Finance,Large,6500.0,6,11.0,North America,42,0,0.1191,0,2730.0,0.5,6.0,0
LEAD4092,Website,Tech,Small,14300.0,8,6.4,Asia-Pacific,65,1,0.6884,0,9295.0,1.081081081081081,7.222222222222222,0
LEAD4093,Email,Finance,Small,8200.0,5,6.8,North America,34,0,0.2975,1,2788.0,0.6410256410256411,5.666666666666667,0
LEAD4094,LinkedIn,Retail,Large,14000.0,12,6.2,North America,30,0,0.6021,1,4200.0,1.6666666666666665,2.3076923076923075,0
LEAD4095,Website,Healthcare,Medium,31300.0,3,0.9,Europe,55,1,0.5178,0,17215.0,1.5789473684210527,13.75,0
LEAD4096,Email,Education,Medium,30700.0,7,1.7,North America,57,0,0.6122,0,17499.0,2.5925925925925926,7.125,0
LEAD4097,Website,Tech,Medium,16500.0,4,0.9,Asia-Pacific,61,0,0.9321,1,10065.0,2.1052631578947367,12.2,0
LEAD4098,Website,Tech,Large,54700.0,4,0.8,Europe,85,0,0.9631,1,46495.0,2.2222222222222223,17.0,1
LEAD4099,Website,Manufacturing,Medium,8100.0,6,1.2,North America,81,1,0.9457,0,6561.0,2.727272727272727,11.571428571428571,1
LEAD4100,Website,Finance,Large,7500.0,6,14.4,Asia-Pacific,64,0,0.7817,0,4800.0,0.38961038961038963,9.142857142857142,0
LEAD4101,Cold Call,Healthcare,Medium,21000.0,8,1.6,South America,71,1,0.7845,1,14910.0,3.0769230769230766,7.888888888888889,0
LEAD4102,Email,Retail,Medium,21400.0,7,3.7,North America,60,0,0.6088,0,12840.0,1.4893617021276595,7.5,0
LEAD4103,Email,Finance,Small,3000.0,5,12.9,Europe,79,0,0.5529,0,2370.0,0.3597122302158273,13.166666666666666,0
LEAD4104,Website,Retail,Small,20700.0,4,1.5,North America,62,0,0.6626,1,12834.0,1.6,12.4,0
LEAD4105,Website,Tech,Medium,11400.0,8,29.0,Europe,44,1,0.5588,0,5016.0,0.26666666666666666,4.888888888888889,0
LEAD4106,Cold Call,Tech,Small,29500.0,4,7.9,North America,40,0,0.171,0,11800.0,0.449438202247191,8.0,0
LEAD4107,Referral,Tech,Medium,35000.0,4,39.7,North America,78,1,0.8768,1,27300.0,0.09828009828009827,15.6,0
LEAD4108,Website,Education,Small,18100.0,5,2.7,North America,51,1,0.4102,0,9231.0,1.3513513513513513,8.5,0
LEAD4109,LinkedIn,Tech,Medium,2000.0,6,0.5,Middle East,93,2,0.9513,1,1860.0,4.0,13.285714285714286,1
LEAD4110,Email,Retail,Small,22200.0,6,10.8,Europe,33,1,0.1639,0,7326.0,0.5084745762711864,4.714285714285714,0
LEAD4111,Email,Manufacturing,Medium,29600.0,9,4.9,Europe,80,0,0.6579,0,23680.0,1.5254237288135593,8.0,0
LEAD4112,Email,Healthcare,Medium,7700.0,11,10.3,North America,46,0,0.3553,0,3542.0,0.9734513274336283,3.8333333333333335,0
LEAD4113,Website,Healthcare,Small,14500.0,7,7.8,Europe,63,1,0.7459,1,9135.0,0.7954545454545454,7.875,0
LEAD4114,Website,Finance,Medium,69500.0,8,7.4,North America,29,2,0.4792,1,20155.0,0.9523809523809523,3.2222222222222223,0
LEAD4115,Cold Call,Finance,Small,9100.0,6,23.0,North America,18,0,0.0364,0,1638.0,0.25,2.5714285714285716,0
LEAD4116,Website,Finance,Small,7100.0,6,2.7,Europe,85,1,0.9226,1,6035.0,1.6216216216216215,12.142857142857142,0
LEAD4117,LinkedIn,Healthcare,Small,6700.0,3,8.4,North America,46,2,0.1606,0,3082.0,0.3191489361702127,11.5,0
LEAD4118,Email,Manufacturing,Small,18400.0,2,6.6,North America,75,0,0.2008,1,13800.0,0.2631578947368421,25.0,0
LEAD4119,Website,Manufacturing,Large,61800.0,6,13.5,Europe,42,0,0.6412,1,25956.0,0.41379310344827586,6.0,0
LEAD4120,Cold Call,Education,Small,20800.0,5,0.7,Asia-Pacific,75,1,0.6431,0,15600.0,2.9411764705882355,12.5,0
LEAD4121,Website,Education,Medium,9200.0,1,9.1,North America,46,2,0.2544,1,4232.0,0.09900990099009901,23.0,0
LEAD4122,Email,Finance,Small,22400.0,5,7.9,North America,31,1,0.2404,1,6944.0,0.5617977528089887,5.166666666666667,0
LEAD4123,Cold Call,Retail,Medium,21600.0,6,43.7,North America,68,0,0.2524,0,14688.0,0.1342281879194631,9.714285714285714,0
LEAD4124,LinkedIn,Education,Small,20200.0,7,17.0,Middle East,74,0,0.6366,1,14948.0,0.3888888888888889,9.25,0
LEAD4125,LinkedIn,Finance,Medium,5500.0,5,2.1,Asia-Pacific,68,1,0.8221,0,3740.0,1.6129032258064515,11.333333333333334,0
LEAD4126,Cold Call,Manufacturing,Medium,22100.0,8,8.6,Europe,52,0,0.1845,1,11492.0,0.8333333333333334,5.777777777777778,0
LEAD4127,Cold Call,Finance,Medium,13200.0,4,18.5,South America,20,0,0.0955,0,2640.0,0.20512820512820512,4.0,0
LEAD4128,Referral,Healthcare,Small,2400.0,5,9.0,Europe,34,1,0.4948,0,816.0,0.5,5.666666666666667,0
LEAD4129,Website,Retail,Medium,17500.0,5,5.4,Middle East,41,0,0.5232,1,7175.0,0.78125,6.833333333333333,0
LEAD4130,Website,Manufacturing,Small,92700.0,9,5.8,North America,50,0,0.501,0,46350.0,1.3235294117647058,5.0,0
LEAD4131,Website,Tech,Small,10600.0,4,5.6,North America,78,1,0.7788,0,8268.0,0.6060606060606061,15.6,0
LEAD4132,Website,Retail,Small,69400.0,6,0.3,Europe,53,1,0.7231,1,36782.0,4.615384615384615,7.571428571428571,0
LEAD4133,Cold Call,Healthcare,Small,4000.0,8,15.8,North America,13,1,0.1028,0,520.0,0.47619047619047616,1.4444444444444444,0
LEAD4134,Cold Call,Tech,Small,28400.0,6,11.4,Europe,3,2,0.093,0,852.0,0.48387096774193544,0.42857142857142855,0
LEAD4135,Email,Retail,Medium,4400.0,6,3.9,North America,41,0,0.3313,1,1804.0,1.2244897959183672,5.857142857142857,0
LEAD4136,Website,Healthcare,Small,8400.0,7,12.0,Europe,45,0,0.3664,0,3780.0,0.5384615384615384,5.625,0
LEAD4137,Cold Call,Retail,Small,18900.0,5,4.5,North America,62,1,0.2308,0,11718.0,0.9090909090909091,10.333333333333334,0
LEAD4138,Website,Finance,Small,20000.0,6,3.4,North America,26,0,0.3339,0,5200.0,1.3636363636363635,3.7142857142857144,0
LEAD4139,Cold Call,Finance,Medium,31900.0,9,16.3,South America,27,2,0.2919,0,8613.0,0.5202312138728323,2.7,0
LEAD4140,Email,Healthcare,Medium,21100.0,6,20.0,South America,64,1,0.5825,1,13504.0,0.2857142857142857,9.142857142857142,0
LEAD4141,Website,Finance,Small,20000.0,3,11.9,Middle East,82,0,0.6069,1,16400.0,0.23255813953488372,20.5,0
LEAD4142,Website,Tech,Medium,50700.0,8,18.5,Asia-Pacific,16,1,0.4838,0,8112.0,0.41025641025641024,1.7777777777777777,0
LEAD4143,Website,Manufacturing,Medium,14000.0,4,5.6,Asia-Pacific,40,0,0.4916,0,5600.0,0.6060606060606061,8.0,0
LEAD4144,LinkedIn,Healthcare,Small,7100.0,5,1.0,Europe,77,0,0.834,0,5467.0,2.5,12.833333333333334,1
LEAD4145,LinkedIn,Retail,Medium,5500.0,5,11.2,North America,74,1,0.8122,1,4070.0,0.4098360655737705,12.333333333333334,0
LEAD4146,Cold Call,Finance,Medium,12200.0,4,3.6,North America,36,1,0.5221,0,4392.0,0.8695652173913044,7.2,0
LEAD4147,Website,Finance,Medium,26900.0,8,18.1,North America,78,0,0.7496,1,20982.0,0.41884816753926696,8.666666666666666,0
LEAD4148,Email,Finance,Small,2900.0,6,5.4,South America,56,1,0.3902,1,1624.0,0.9375,8.0,0
LEAD4149,Cold Call,Finance,Small,4800.0,2,13.4,North America,68,1,0.1572,1,3264.0,0.1388888888888889,22.666666666666668,0
LEAD4150,LinkedIn,Healthcare,Small,4200.0,4,9.8,South America,41,0,0.2205,0,1722.0,0.37037037037037035,8.2,0
LEAD4151,Website,Healthcare,Medium,19600.0,6,20.5,Europe,61,1,0.7703,0,11956.0,0.27906976744186046,8.714285714285714,0
LEAD4152,Website,Finance,Large,7600.0,8,21.5,Asia-Pacific,32,0,0.6357,1,2432.0,0.35555555555555557,3.5555555555555554,0
LEAD4153,Cold Call,Tech,Small,5600.0,7,0.9,North America,44,0,0.1811,0,2464.0,3.68421052631579,5.5,0
LEAD4154,Email,Finance,Small,20000.0,2,4.3,North America,49,1,0.0935,0,9800.0,0.37735849056603776,16.333333333333332,0
LEAD4155,Website,Tech,Medium,30700.0,3,24.7,Middle East,58,3,0.5451,1,17806.0,0.11673151750972763,14.5,0
LEAD4156,Website,Tech,Medium,10100.0,3,6.3,North America,100,0,0.762,0,10100.0,0.4109589041095891,25.0,0
LEAD4157,Email,Manufacturing,Large,19300.0,5,8.8,North America,100,1,0.8933,1,19300.0,0.5102040816326531,16.666666666666668,0
LEAD4158,LinkedIn,Healthcare,Medium,4100.0,5,2.5,North America,47,1,0.541,0,1927.0,1.4285714285714286,7.833333333333333,0
LEAD4159,Referral,Retail,Large,56700.0,13,9.8,North America,85,1,0.9732,1,48195.0,1.2037037037037037,6.071428571428571,0
LEAD4160,Email,Finance,Small,10200.0,4,3.8,North America,33,0,0.4525,1,3366.0,0.8333333333333334,6.6,0
LEAD4161,Email,Manufacturing,Small,121900.0,5,21.3,Europe,63,1,0.6336,1,76797.0,0.22421524663677128,10.5,0
LEAD4162,Website,Healthcare,Small,78900.0,10,2.8,Europe,41,0,0.7121,0,32349.0,2.6315789473684212,3.727272727272727,0
LEAD4163,Email,Retail,Medium,32200.0,7,5.5,Europe,46,0,0.2005,1,14812.0,1.0769230769230769,5.75,0
LEAD4164,Email,Finance,Small,2400.0,5,1.3,North America,100,1,0.9094,1,2400.0,2.173913043478261,16.666666666666668,1
LEAD4165,Cold Call,Manufacturing,Small,17700.0,6,10.7,Asia-Pacific,47,1,0.1905,0,8319.0,0.5128205128205129,6.714285714285714,0
LEAD4166,Email,Education,Small,3800.0,1,34.3,Asia-Pacific,42,2,0.0342,0,1596.0,0.028328611898017,21.0,0
LEAD4167,Website,Education,Small,47100.0,10,2.4,North America,35,0,0.5935,0,16485.0,2.9411764705882355,3.1818181818181817,0
LEAD4168,Website,Tech,Large,33200.0,5,0.3,North America,40,0,0.7589,0,13280.0,3.846153846153846,6.666666666666667,0
LEAD4169,Website,Tech,Small,73800.0,4,6.7,North America,27,0,0.4012,0,19926.0,0.5194805194805194,5.4,0
LEAD4170,Website,Tech,Small,20700.0,5,16.7,Asia-Pacific,59,0,0.7219,1,12213.0,0.2824858757062147,9.833333333333334,0
LEAD4171,Website,Tech,Medium,16800.0,10,44.4,Asia-Pacific,59,1,0.6984,0,9912.0,0.22026431718061676,5.363636363636363,0
LEAD4172,Referral,Education,Small,16600.0,7,0.7,South America,62,1,0.9,1,10292.0,4.11764705882353,7.75,0
LEAD4173,Email,Tech,Medium,11800.0,6,18.6,North America,55,0,0.4113,1,6490.0,0.3061224489795918,7.857142857142857,0
LEAD4174,Email,Tech,Medium,14600.0,5,5.6,Europe,44,1,0.5045,1,6424.0,0.7575757575757576,7.333333333333333,0
LEAD4175,LinkedIn,Tech,Large,22200.0,6,2.1,North America,42,0,0.6443,0,9324.0,1.9354838709677418,6.0,0
LEAD4176,Referral,Tech,Large,56000.0,6,2.7,North America,58,1,0.9838,1,32480.0,1.6216216216216215,8.285714285714286,0
LEAD4177,Email,Tech,Small,20100.0,7,31.0,Europe,54,1,0.2001,0,10854.0,0.21875,6.75,0
LEAD4178,LinkedIn,Retail,Medium,40900.0,4,20.0,North America,42,0,0.4101,0,17178.0,0.19047619047619047,8.4,0
LEAD4179,Website,Healthcare,Small,41700.0,5,4.6,Asia-Pacific,49,0,0.5252,0,20433.0,0.8928571428571429,8.166666666666666,0
LEAD4180,Website,Tech,Small,16600.0,2,33.9,Europe,86,1,0.5417,1,14276.0,0.05730659025787966,28.666666666666668,0
LEAD4181,Email,Finance,Small,10500.0,3,1.4,Asia-Pacific,94,1,0.6762,1,9870.0,1.25,23.5,1
LEAD4182,Cold Call,Finance,Small,22400.0,5,4.8,North America,51,0,0.3004,1,11424.0,0.8620689655172414,8.5,0
LEAD4183,Cold Call,Tech,Large,13800.0,5,12.8,South America,40,0,0.2842,0,5520.0,0.36231884057971014,6.666666666666667,0
LEAD4184,Website,Retail,Small,3700.0,7,48.0,Middle East,54,3,0.399,1,1998.0,0.14285714285714285,6.75,0
LEAD4185,Website,Retail,Medium,11500.0,4,7.6,South America,78,1,0.762,1,8970.0,0.46511627906976744,15.6,0
LEAD4186,Cold Call,Retail,Small,104600.0,7,20.1,Asia-Pacific,54,1,0.2605,0,56484.0,0.33175355450236965,6.75,0
LEAD4187,Website,Retail,Small,3000.0,6,29.8,Asia-Pacific,62,1,0.4404,0,1860.0,0.19480519480519481,8.857142857142858,0
LEAD4188,Email,Tech,Large,25900.0,1,0.2,Europe,42,1,0.4551,0,10878.0,0.8333333333333334,21.0,0
LEAD4189,Cold Call,Manufacturing,Small,38800.0,4,4.2,North America,32,3,0.1659,0,12416.0,0.7692307692307692,6.4,0
LEAD4190,Cold Call,Education,Medium,22900.0,4,1.4,Asia-Pacific,70,1,0.5544,1,16030.0,1.6666666666666667,14.0,0
LEAD4191,LinkedIn,Manufacturing,Small,18900.0,9,18.1,Asia-Pacific,59,0,0.6834,0,11151.0,0.47120418848167533,5.9,0
LEAD4192,LinkedIn,Tech,Small,26600.0,6,10.1,Middle East,68,2,0.683,1,18088.0,0.5405405405405406,9.714285714285714,0
LEAD4193,Email,Manufacturing,Small,13200.0,7,1.3,Europe,21,1,0.4316,0,2772.0,3.0434782608695654,2.625,0
LEAD4194,Cold Call,Education,Medium,3900.0,6,6.7,North America,92,0,0.5053,0,3588.0,0.7792207792207793,13.142857142857142,0
LEAD4195,Cold Call,Education,Small,67600.0,3,8.8,Asia-Pacific,60,1,0.1527,0,40560.0,0.3061224489795918,15.0,0
LEAD4196,Website,Tech,Small,13300.0,8,14.5,Middle East,19,0,0.2347,0,2527.0,0.5161290322580645,2.111111111111111,0
LEAD4197,Website,Retail,Small,23900.0,5,18.2,North America,75,1,0.7748,0,17925.0,0.2604166666666667,12.5,0
LEAD4198,Website,Manufacturing,Medium,17200.0,7,1.2,North America,48,1,0.6764,0,8256.0,3.1818181818181817,6.0,0
LEAD4199,Email,Retail,Medium,3100.0,7,8.1,Europe,56,1,0.2816,1,1736.0,0.7692307692307693,7.0,0
LEAD4200,Cold Call,Healthcare,Medium,63000.0,7,2.2,North America,45,0,0.3547,1,28350.0,2.1875,5.625,0
LEAD4201,LinkedIn,Manufacturing,Small,33500.0,7,16.9,North America,53,2,0.651,1,17755.0,0.3910614525139665,6.625,0
LEAD4202,Website,Finance,Large,5200.0,6,13.0,North America,54,2,0.6873,0,2808.0,0.42857142857142855,7.714285714285714,0
LEAD4203,Website,Healthcare,Medium,82000.0,6,15.5,South America,22,0,0.3172,0,18040.0,0.36363636363636365,3.142857142857143,0
LEAD4204,Referral,Finance,Medium,28700.0,8,1.0,North America,72,1,0.981,1,20664.0,4.0,8.0,0
LEAD4205,Website,Manufacturing,Medium,14800.0,6,8.7,Europe,57,3,0.8425,1,8436.0,0.6185567010309279,8.142857142857142,0
LEAD4206,Email,Tech,Medium,20900.0,8,22.1,Asia-Pacific,64,0,0.7373,1,13376.0,0.3463203463203463,7.111111111111111,0
LEAD4207,Email,Healthcare,Small,4300.0,6,15.1,Middle East,71,0,0.299,0,3053.0,0.37267080745341613,10.142857142857142,0
LEAD4208,Email,Retail,Large,18400.0,8,23.8,Middle East,57,0,0.5403,0,10488.0,0.3225806451612903,6.333333333333333,0
LEAD4209,Website,Retail,Large,3500.0,8,2.9,Europe,62,0,0.8002,1,2170.0,2.0512820512820515,6.888888888888889,0
LEAD4210,Website,Healthcare,Small,17700.0,5,4.2,Middle East,26,0,0.1954,0,4602.0,0.9615384615384615,4.333333333333333,0
LEAD4211,Website,Manufacturing,Small,18100.0,8,7.1,North America,38,1,0.5055,0,6878.0,0.9876543209876544,4.222222222222222,0
LEAD4212,Email,Manufacturing,Large,43500.0,4,9.0,Asia-Pacific,57,0,0.4743,1,24795.0,0.4,11.4,0
LEAD4213,Email,Tech,Small,27800.0,6,3.6,Europe,59,1,0.6518,1,16402.0,1.3043478260869565,8.428571428571429,0
LEAD4214,Website,Finance,Large,7700.0,12,5.9,North America,63,0,0.7964,1,4851.0,1.7391304347826086,4.846153846153846,0
LEAD4215,Cold Call,Tech,Small,45900.0,5,14.0,Europe,83,0,0.357,0,38097.0,0.3333333333333333,13.833333333333334,0
LEAD4216,LinkedIn,Finance,Small,19000.0,5,12.5,North America,53,1,0.3172,1,10070.0,0.37037037037037035,8.833333333333334,0
LEAD4217,Website,Healthcare,Small,20600.0,7,1.5,South America,62,1,0.8738,1,12772.0,2.8,7.75,0
LEAD4218,Email,Manufacturing,Small,5700.0,5,48.0,North America,56,1,0.3077,1,3192.0,0.10204081632653061,9.333333333333334,0
LEAD4219,Cold Call,Education,Small,41000.0,6,10.0,Europe,50,0,0.1654,0,20500.0,0.5454545454545454,7.142857142857143,0
LEAD4220,Website,Tech,Small,55500.0,8,8.0,North America,51,0,0.6889,0,28305.0,0.8888888888888888,5.666666666666667,0
LEAD4221,Website,Tech,Medium,31800.0,5,41.1,North America,39,0,0.3199,1,12402.0,0.1187648456057007,6.5,0
LEAD4222,Cold Call,Healthcare,Large,58500.0,4,1.9,Middle East,53,1,0.8525,1,31005.0,1.3793103448275863,10.6,0
LEAD4223,LinkedIn,Healthcare,Small,9200.0,8,9.5,Asia-Pacific,51,0,0.5206,0,4692.0,0.7619047619047619,5.666666666666667,0
LEAD4224,LinkedIn,Tech,Medium,41500.0,3,19.7,Middle East,52,3,0.7152,0,21580.0,0.14492753623188406,13.0,0
LEAD4225,Email,Education,Medium,15400.0,2,6.2,North America,20,1,0.151,1,3080.0,0.2777777777777778,6.666666666666667,0
LEAD4226,Cold Call,Manufacturing,Medium,5600.0,3,16.1,North America,53,0,0.0995,1,2968.0,0.17543859649122806,13.25,0
LEAD4227,Email,Finance,Medium,24100.0,4,27.6,Europe,37,2,0.2241,0,8917.0,0.13986013986013984,7.4,0
LEAD4228,Cold Call,Education,Small,25000.0,3,3.7,Europe,54,0,0.1137,0,13500.0,0.6382978723404255,13.5,0
LEAD4229,Email,Finance,Small,8800.0,9,3.4,North America,33,1,0.4347,0,2904.0,2.0454545454545454,3.3,0
LEAD4230,Website,Retail,Small,2600.0,3,5.5,Asia-Pacific,56,1,0.3065,1,1456.0,0.46153846153846156,14.0,0
LEAD4231,Cold Call,Finance,Small,6500.0,8,6.6,North America,49,0,0.2706,1,3185.0,1.0526315789473684,5.444444444444445,0
LEAD4232,Email,Tech,Medium,12200.0,3,1.5,North America,42,0,0.18,0,5124.0,1.2,10.5,0
LEAD4233,Email,Manufacturing,Small,5700.0,6,3.3,North America,61,0,0.7665,0,3477.0,1.3953488372093024,8.714285714285714,0
LEAD4234,LinkedIn,Finance,Large,6300.0,5,24.9,Europe,63,1,0.4896,1,3969.0,0.19305019305019305,10.5,0
LEAD4235,Website,Retail,Large,11900.0,4,10.1,Asia-Pacific,54,0,0.3103,1,6426.0,0.3603603603603604,10.8,0
LEAD4236,Website,Finance,Large,67300.0,1,3.8,Europe,66,1,0.7948,1,44418.0,0.20833333333333334,33.0,0
LEAD4237,Website,Tech,Large,30900.0,3,34.6,Europe,47,0,0.1651,0,14523.0,0.08426966292134831,11.75,0
LEAD4238,LinkedIn,Tech,Small,9700.0,5,18.0,North America,63,1,0.6366,0,6111.0,0.2631578947368421,10.5,0
LEAD4239,Cold Call,Finance,Medium,62600.0,7,5.5,South America,54,0,0.3275,0,33804.0,1.0769230769230769,6.75,0
LEAD4240,Website,Retail,Small,22700.0,6,17.5,South America,35,2,0.4287,1,7945.0,0.32432432432432434,5.0,0
LEAD4241,Cold Call,Finance,Medium,14200.0,6,11.0,Asia-Pacific,39,3,0.3086,0,5538.0,0.5,5.571428571428571,0
LEAD4242,Email,Retail,Large,14600.0,4,13.9,North America,78,2,0.6687,0,11388.0,0.2684563758389262,15.6,0
LEAD4243,LinkedIn,Retail,Large,12600.0,6,4.8,Europe,87,0,0.7985,1,10962.0,1.0344827586206897,12.428571428571429,0
LEAD4244,Email,Retail,Small,7300.0,6,2.9,Europe,69,1,0.737,1,5037.0,1.5384615384615385,9.857142857142858,0
LEAD4245,Email,Finance,Medium,11800.0,9,3.6,Middle East,43,1,0.6042,0,5074.0,1.956521739130435,4.3,0
LEAD4246,Referral,Manufacturing,Small,17000.0,5,1.1,Middle East,84,2,0.8935,1,14280.0,2.380952380952381,14.0,1
LEAD4247,Website,Finance,Small,17000.0,5,7.7,South America,67,0,0.7049,1,11390.0,0.574712643678161,11.166666666666666,0
LEAD4248,Website,Finance,Medium,30700.0,5,6.4,North America,62,1,0.7192,0,19034.0,0.6756756756756757,10.333333333333334,0
LEAD4249,Email,Tech,Small,10900.0,8,0.1,Middle East,92,1,0.9359,1,10028.0,7.2727272727272725,10.222222222222221,1
LEAD4250,Referral,Finance,Large,27200.0,9,23.4,Europe,38,0,0.8127,1,10336.0,0.36885245901639346,3.8,0
LEAD4251,Email,Tech,Small,19300.0,11,13.8,Asia-Pacific,70,1,0.7283,1,13510.0,0.7432432432432432,5.833333333333333,0
LEAD4252,Website,Healthcare,Large,67300.0,7,7.2,Europe,39,0,0.6704,0,26247.0,0.853658536585366,4.875,0
LEAD4253,Website,Tech,Small,11700.0,4,41.0,North America,43,0,0.1687,0,5031.0,0.09523809523809523,8.6,0
LEAD4254,Email,Finance,Medium,48300.0,6,34.0,Europe,100,0,0.8967,1,48300.0,0.17142857142857143,14.285714285714286,0
LEAD4255,Website,Retail,Medium,36400.0,5,1.3,North America,65,0,0.6917,0,23660.0,2.173913043478261,10.833333333333334,0
LEAD4256,Cold Call,Finance,Large,22300.0,3,11.6,North America,92,0,0.417,0,20516.0,0.2380952380952381,23.0,0
LEAD4257,Referral,Tech,Small,23300.0,5,20.5,South America,66,1,0.8272,1,15378.0,0.23255813953488372,11.0,0
LEAD4258,Email,Tech,Large,3800.0,3,2.4,North America,63,2,0.5737,0,2394.0,0.8823529411764706,15.75,0
LEAD4259,Email,Retail,Small,62000.0,7,1.7,North America,42,1,0.5064,1,26040.0,2.5925925925925926,5.25,0
LEAD4260,Email,Tech,Small,4300.0,7,3.7,North America,75,0,0.7106,1,3225.0,1.4893617021276595,9.375,0
LEAD4261,Website,Finance,Small,18600.0,5,4.0,Europe,56,0,0.7182,1,10416.0,1.0,9.333333333333334,0
LEAD4262,LinkedIn,Healthcare,Medium,10000.0,4,40.3,Middle East,57,1,0.6078,0,5700.0,0.09685230024213076,11.4,0
LEAD4263,Email,Retail,Small,13200.0,7,18.3,North America,50,2,0.3749,1,6600.0,0.3626943005181347,6.25,0
LEAD4264,Email,Healthcare,Medium,20800.0,8,0.8,North America,53,0,0.88,1,11024.0,4.444444444444445,5.888888888888889,0
LEAD4265,Cold Call,Education,Medium,49900.0,9,18.6,South America,55,1,0.2247,0,27445.0,0.4591836734693877,5.5,0
LEAD4266,Email,Tech,Small,14200.0,3,2.3,South America,57,1,0.2105,0,8094.0,0.9090909090909092,14.25,0
LEAD4267,Cold Call,Tech,Large,90000.0,5,5.4,North America,54,2,0.5172,1,48600.0,0.78125,9.0,0
LEAD4268,Website,Tech,Small,20000.0,2,4.7,Asia-Pacific,24,1,0.1821,1,4800.0,0.3508771929824561,8.0,0
LEAD4269,LinkedIn,Tech,Large,5500.0,4,3.9,Asia-Pacific,66,1,0.8342,0,3630.0,0.8163265306122448,13.2,0
LEAD4270,Referral,Tech,Small,6200.0,6,4.5,Asia-Pacific,53,0,0.7011,0,3286.0,1.0909090909090908,7.571428571428571,0
LEAD4271,Cold Call,Finance,Medium,27200.0,6,16.9,Europe,1,0,0.0736,0,272.0,0.335195530726257,0.14285714285714285,0
LEAD4272,Referral,Healthcare,Small,3000.0,7,3.8,Middle East,23,1,0.6643,0,690.0,1.4583333333333335,2.875,0
LEAD4273,Website,Retail,Small,15100.0,5,19.5,North America,46,1,0.4337,0,6946.0,0.24390243902439024,7.666666666666667,0
LEAD4274,Email,Finance,Small,5200.0,6,1.2,North America,81,2,0.8077,1,4212.0,2.727272727272727,11.571428571428571,1
LEAD4275,Cold Call,Retail,Small,13400.0,6,11.0,North America,67,1,0.4115,1,8978.0,0.5,9.571428571428571,0
LEAD4276,Email,Finance,Small,29700.0,8,24.0,Europe,41,0,0.249,0,12177.0,0.32,4.555555555555555,0
LEAD4277,Email,Tech,Small,14300.0,3,1.1,South America,51,1,0.2809,0,7293.0,1.4285714285714286,12.75,0
LEAD4278,Website,Healthcare,Small,5600.0,7,12.2,Europe,77,1,0.8198,1,4312.0,0.5303030303030303,9.625,0
LEAD4279,Website,Tech,Medium,7800.0,5,8.7,North America,43,1,0.3819,1,3354.0,0.5154639175257733,7.166666666666667,0
LEAD4280,Email,Tech,Medium,11200.0,5,4.9,Europe,33,2,0.244,0,3696.0,0.847457627118644,5.5,0
LEAD4281,Website,Finance,Large,3400.0,4,1.4,Europe,73,0,0.7784,1,2482.0,1.6666666666666667,14.6,0
LEAD4282,Cold Call,Manufacturing,Medium,19600.0,5,13.6,Middle East,77,1,0.6295,0,15092.0,0.3424657534246575,12.833333333333334,0
LEAD4283,Website,Retail,Medium,20700.0,12,4.5,Europe,43,0,0.4325,1,8901.0,2.1818181818181817,3.3076923076923075,0
LEAD4284,Website,Tech,Medium,3300.0,4,5.1,Europe,65,0,0.7376,0,2145.0,0.6557377049180328,13.0,0
LEAD4285,Email,Education,Small,12300.0,3,15.3,Asia-Pacific,54,0,0.1004,0,6642.0,0.18404907975460122,13.5,0
LEAD4286,Email,Retail,Medium,12700.0,6,35.0,Asia-Pacific,43,1,0.397,0,5461.0,0.16666666666666666,6.142857142857143,0
LEAD4287,LinkedIn,Healthcare,Small,10100.0,3,5.0,Europe,78,2,0.5248,0,7878.0,0.5,19.5,0
LEAD4288,Email,Education,Large,18300.0,6,16.6,North America,42,0,0.4098,0,7686.0,0.3409090909090909,6.0,0
LEAD4289,Website,Finance,Medium,10500.0,10,37.8,South America,70,1,0.7748,1,7350.0,0.2577319587628866,6.363636363636363,0
LEAD4290,LinkedIn,Tech,Small,12800.0,8,1.3,Asia-Pacific,56,0,0.7006,1,7168.0,3.4782608695652177,6.222222222222222,0
LEAD4291,Email,Healthcare,Medium,33900.0,7,9.1,Asia-Pacific,52,1,0.539,1,17628.0,0.6930693069306931,6.5,0
LEAD4292,Website,Healthcare,Small,5500.0,12,0.2,Middle East,44,1,0.799,1,2420.0,10.0,3.3846153846153846,0
LEAD4293,Email,Healthcare,Small,21300.0,3,21.0,Asia-Pacific,35,1,0.1037,1,7455.0,0.13636363636363635,8.75,0
LEAD4294,LinkedIn,Healthcare,Small,16100.0,8,4.2,Asia-Pacific,50,0,0.6112,1,8050.0,1.5384615384615383,5.555555555555555,0
LEAD4295,Email,Manufacturing,Medium,9300.0,7,5.0,Middle East,45,2,0.6541,1,4185.0,1.1666666666666667,5.625,0
LEAD4296,Website,Manufacturing,Medium,28000.0,6,14.0,North America,57,1,0.6966,1,15960.0,0.4,8.142857142857142,0
LEAD4297,Website,Education,Medium,18000.0,5,18.8,Europe,31,2,0.434,1,5580.0,0.25252525252525254,5.166666666666667,0
LEAD4298,Website,Education,Small,15000.0,8,6.2,Europe,52,2,0.6244,1,7800.0,1.1111111111111112,5.777777777777778,0
LEAD4299,Email,Manufacturing,Medium,24000.0,6,13.2,North America,63,2,0.3138,0,15120.0,0.4225352112676057,9.0,0
LEAD4300,Email,Tech,Medium,34400.0,5,37.7,Asia-Pacific,42,0,0.2861,0,14448.0,0.12919896640826872,7.0,0
LEAD4301,Website,Tech,Small,74000.0,4,26.3,Asia-Pacific,70,3,0.7143,1,51800.0,0.14652014652014653,14.0,0
LEAD4302,Referral,Finance,Medium,21800.0,8,14.6,Asia-Pacific,72,2,0.9067,1,15696.0,0.5128205128205129,8.0,0
LEAD4303,LinkedIn,Education,Small,43500.0,10,34.5,Middle East,31,0,0.0802,0,13485.0,0.28169014084507044,2.8181818181818183,0
LEAD4304,Email,Healthcare,Small,2000.0,3,25.1,North America,40,2,0.0649,0,800.0,0.11494252873563218,10.0,0
LEAD4305,LinkedIn,Retail,Small,17100.0,8,15.8,Asia-Pacific,28,1,0.5309,0,4788.0,0.47619047619047616,3.111111111111111,0
LEAD4306,Website,Tech,Medium,6800.0,4,30.0,Europe,63,1,0.5515,1,4284.0,0.12903225806451613,12.6,0
LEAD4307,Email,Tech,Small,4000.0,7,20.5,North America,58,0,0.3388,1,2320.0,0.32558139534883723,7.25,0
LEAD4308,Cold Call,Retail,Small,17200.0,7,8.5,North America,23,0,0.151,0,3956.0,0.7368421052631579,2.875,0
LEAD4309,LinkedIn,Tech,Small,29500.0,4,8.5,South America,42,1,0.5845,0,12390.0,0.42105263157894735,8.4,0
LEAD4310,LinkedIn,Finance,Small,12600.0,12,0.2,Europe,61,0,0.7602,0,7686.0,10.0,4.6923076923076925,0
LEAD4311,Website,Tech,Small,24200.0,7,0.5,Asia-Pacific,57,0,0.7743,0,13794.0,4.666666666666667,7.125,0
LEAD4312,Referral,Finance,Small,15500.0,7,16.6,Europe,79,0,0.9496,1,12245.0,0.3977272727272727,9.875,0
LEAD4313,Website,Retail,Medium,13500.0,5,9.8,North America,32,2,0.3438,1,4320.0,0.4629629629629629,5.333333333333333,0
LEAD4314,LinkedIn,Finance,Small,8900.0,5,17.3,North America,55,1,0.4775,1,4895.0,0.27322404371584696,9.166666666666666,0
LEAD4315,Referral,Healthcare,Medium,11600.0,6,36.0,North America,35,1,0.5981,0,4060.0,0.16216216216216217,5.0,0
LEAD4316,Website,Tech,Medium,10600.0,5,7.3,Middle East,57,1,0.6882,0,6042.0,0.6024096385542168,9.5,0
LEAD4317,Cold Call,Education,Small,22800.0,8,1.2,North America,51,0,0.355,0,11628.0,3.6363636363636362,5.666666666666667,0
LEAD4318,Website,Finance,Small,4500.0,7,11.9,Middle East,60,0,0.5525,1,2700.0,0.5426356589147286,7.5,0
LEAD4319,Email,Healthcare,Large,3900.0,12,1.4,Middle East,47,0,0.6156,1,1833.0,5.0,3.6153846153846154,0
LEAD4320,Email,Retail,Small,23600.0,2,11.8,Middle East,70,2,0.4659,0,16520.0,0.15625,23.333333333333332,0
LEAD4321,Email,Tech,Small,17800.0,5,9.1,Europe,41,1,0.238,0,7298.0,0.49504950495049505,6.833333333333333,0
LEAD4322,Referral,Education,Small,13200.0,9,15.0,Middle East,35,1,0.6274,1,4620.0,0.5625,3.5,0
LEAD4323,Cold Call,Healthcare,Medium,5300.0,2,5.3,North America,60,1,0.13,0,3180.0,0.31746031746031744,20.0,0
LEAD4324,Email,Finance,Medium,12600.0,4,2.0,North America,92,0,0.9358,1,11592.0,1.3333333333333333,18.4,0
LEAD4325,LinkedIn,Tech,Large,33200.0,18,3.3,North America,25,1,0.7006,1,8300.0,4.186046511627907,1.3157894736842106,0
LEAD4326,Referral,Manufacturing,Large,46100.0,6,13.9,Middle East,32,0,0.8221,0,14752.0,0.40268456375838924,4.571428571428571,0
LEAD4327,Website,Retail,Small,26300.0,6,7.9,North America,60,0,0.4995,1,15780.0,0.6741573033707865,8.571428571428571,0
LEAD4328,Referral,Tech,Small,3200.0,11,9.4,Europe,78,0,0.8995,0,2496.0,1.0576923076923077,6.5,0
LEAD4329,Website,Finance,Small,24200.0,6,4.8,North America,61,0,0.7116,0,14762.0,1.0344827586206897,8.714285714285714,0
LEAD4330,LinkedIn,Education,Small,7500.0,7,21.8,North America,43,0,0.1694,0,3225.0,0.30701754385964913,5.375,0
LEAD4331,Website,Retail,Small,9600.0,3,48.0,North America,63,0,0.2915,0,6048.0,0.061224489795918366,15.75,0
LEAD4332,Website,Retail,Small,6400.0,4,4.6,South America,65,2,0.6235,1,4160.0,0.7142857142857143,13.0,0
LEAD4333,Email,Finance,Small,31900.0,4,15.3,Europe,41,0,0.3201,0,13079.0,0.24539877300613497,8.2,0
LEAD4334,Cold Call,Retail,Small,22900.0,11,2.4,South America,71,1,0.7005,0,16259.0,3.235294117647059,5.916666666666667,0
LEAD4335,Email,Finance,Small,20900.0,6,16.4,Asia-Pacific,54,0,0.3714,0,11286.0,0.3448275862068966,7.714285714285714,0
LEAD4336,Website,Tech,Large,24100.0,7,6.9,Middle East,20,0,0.2908,0,4820.0,0.8860759493670886,2.5,0
LEAD4337,Email,Healthcare,Medium,7400.0,6,11.3,Europe,52,1,0.485,0,3848.0,0.4878048780487805,7.428571428571429,0
LEAD4338,LinkedIn,Manufacturing,Large,13800.0,2,3.4,Europe,44,1,0.2556,0,6072.0,0.45454545454545453,14.666666666666666,0
LEAD4339,Email,Finance,Small,22100.0,3,23.0,Europe,81,0,0.2705,0,17901.0,0.125,20.25,0
LEAD4340,Website,Finance,Small,22200.0,7,2.4,Europe,28,1,0.5039,0,6216.0,2.058823529411765,3.5,0
LEAD4341,Email,Retail,Small,33400.0,11,31.8,Asia-Pacific,45,0,0.3603,1,15030.0,0.3353658536585366,3.75,0
LEAD4342,Website,Healthcare,Small,8800.0,6,0.9,Europe,60,0,0.884,1,5280.0,3.1578947368421053,8.571428571428571,0
LEAD4343,LinkedIn,Education,Small,31400.0,7,4.2,Asia-Pacific,100,1,0.8966,1,31400.0,1.346153846153846,12.5,0
LEAD4344,LinkedIn,Retail,Large,13600.0,4,10.0,Asia-Pacific,94,0,0.7578,1,12784.0,0.36363636363636365,18.8,0
LEAD4345,Email,Tech,Large,24200.0,4,23.6,North America,54,0,0.5912,1,13068.0,0.16260162601626016,10.8,0
LEAD4346,Email,Manufacturing,Small,14200.0,3,10.4,Asia-Pacific,62,1,0.186,0,8804.0,0.2631578947368421,15.5,0
LEAD4347,LinkedIn,Retail,Small,61400.0,3,3.0,North America,67,1,0.5951,0,41138.0,0.75,16.75,0
LEAD4348,Email,Education,Small,6000.0,4,23.6,Europe,35,1,0.2425,1,2100.0,0.16260162601626016,7.0,0
LEAD4349,LinkedIn,Retail,Small,24500.0,9,11.0,Asia-Pacific,55,0,0.6158,1,13475.0,0.75,5.5,0
LEAD4350,Cold Call,Education,Small,19200.0,10,3.3,Middle East,82,1,0.7926,1,15744.0,2.3255813953488373,7.454545454545454,0
LEAD4351,LinkedIn,Tech,Small,5800.0,4,10.0,North America,58,0,0.3343,0,3364.0,0.36363636363636365,11.6,0
LEAD4352,Email,Finance,Small,3400.0,5,13.6,North America,94,1,0.6643,0,3196.0,0.3424657534246575,15.666666666666666,0
LEAD4353,Email,Education,Small,34100.0,9,13.8,North America,46,1,0.5624,0,15686.0,0.6081081081081081,4.6,0
LEAD4354,Referral,Tech,Small,5400.0,7,15.5,North America,53,0,0.8202,1,2862.0,0.42424242424242425,6.625,0
LEAD4355,Email,Tech,Small,6100.0,8,27.2,Asia-Pacific,53,2,0.3536,0,3233.0,0.28368794326241137,5.888888888888889,0
LEAD4356,Cold Call,Retail,Small,78700.0,7,21.0,Asia-Pacific,29,1,0.1276,0,22823.0,0.3181818181818182,3.625,0
LEAD4357,Website,Education,Large,27300.0,5,11.3,Asia-Pacific,77,0,0.8522,0,21021.0,0.4065040650406504,12.833333333333334,0
LEAD4358,Cold Call,Tech,Small,7800.0,4,0.5,South America,48,0,0.4592,1,3744.0,2.6666666666666665,9.6,0
LEAD4359,Email,Education,Large,19900.0,7,16.7,North America,60,0,0.5405,0,11940.0,0.3954802259887006,7.5,0
LEAD4360,Website,Retail,Medium,17300.0,7,44.3,North America,43,1,0.2727,0,7439.0,0.1545253863134658,5.375,0
LEAD4361,Website,Healthcare,Large,39200.0,7,4.5,North America,90,0,0.9385,1,35280.0,1.2727272727272727,11.25,0
LEAD4362,Cold Call,Education,Medium,28100.0,6,11.3,South America,80,0,0.4036,1,22480.0,0.4878048780487805,11.428571428571429,0
LEAD4363,LinkedIn,Finance,Medium,37600.0,8,17.7,Asia-Pacific,56,0,0.5532,0,21056.0,0.42780748663101603,6.222222222222222,0
LEAD4364,Email,Tech,Large,6800.0,5,12.3,Asia-Pacific,31,0,0.2212,0,2108.0,0.37593984962406013,5.166666666666667,0
LEAD4365,Website,Tech,Small,22400.0,9,30.8,North America,70,0,0.5723,1,15680.0,0.2830188679245283,7.0,0
LEAD4366,Cold Call,Healthcare,Small,2800.0,2,7.8,North America,77,2,0.3195,0,2156.0,0.22727272727272727,25.666666666666668,0
LEAD4367,Website,Healthcare,Large,3400.0,9,9.2,Middle East,36,1,0.5148,1,1224.0,0.8823529411764707,3.6,0
LEAD4368,Email,Education,Medium,27000.0,9,0.6,North America,52,1,0.8169,1,14040.0,5.625,5.2,0
LEAD4369,Website,Retail,Large,2500.0,9,27.8,Asia-Pacific,57,1,0.3451,1,1425.0,0.3125,5.7,0
LEAD4370,Website,Healthcare,Medium,19300.0,4,3.8,North America,77,0,0.9157,1,14861.0,0.8333333333333334,15.4,0
LEAD4371,Website,Retail,Large,38700.0,6,46.1,North America,52,3,0.4573,1,20124.0,0.12738853503184713,7.428571428571429,0
LEAD4372,Email,Tech,Medium,11600.0,4,2.8,Asia-Pacific,74,0,0.8148,0,8584.0,1.0526315789473684,14.8,0
LEAD4373,Website,Tech,Medium,2900.0,4,3.6,North America,40,0,0.6179,0,1160.0,0.8695652173913044,8.0,0
LEAD4374,Email,Education,Medium,27000.0,12,8.1,Asia-Pacific,34,0,0.3402,0,9180.0,1.3186813186813187,2.6153846153846154,0
LEAD4375,Email,Tech,Large,55100.0,5,13.1,Asia-Pacific,92,1,0.9165,1,50692.0,0.3546099290780142,15.333333333333334,0
LEAD4376,Email,Tech,Medium,27300.0,6,7.1,Europe,29,0,0.4666,0,7917.0,0.7407407407407408,4.142857142857143,0
LEAD4377,Email,Retail,Medium,19300.0,5,5.3,Asia-Pacific,40,1,0.3842,0,7720.0,0.7936507936507937,6.666666666666667,0
LEAD4378,LinkedIn,Finance,Medium,7200.0,6,9.4,Europe,71,0,0.8538,1,5112.0,0.5769230769230769,10.142857142857142,0
LEAD4379,Website,Education,Small,2300.0,9,38.2,North America,44,1,0.3125,1,1012.0,0.22959183673469385,4.4,0
LEAD4380,Email,Tech,Small,25700.0,4,39.3,Asia-Pacific,44,1,0.2724,0,11308.0,0.09925558312655088,8.8,0
LEAD4381,Website,Tech,Large,7300.0,8,4.9,Europe,51,2,0.8398,1,3723.0,1.3559322033898304,5.666666666666667,0
LEAD4382,Website,Finance,Medium,41100.0,4,13.8,North America,12,1,0.3394,0,4932.0,0.27027027027027023,2.4,0
LEAD4383,Email,Healthcare,Small,14600.0,3,15.5,South America,77,1,0.467,0,11242.0,0.18181818181818182,19.25,0
LEAD4384,Email,Finance,Small,17100.0,6,12.8,Europe,59,3,0.5448,1,10089.0,0.43478260869565216,8.428571428571429,0
LEAD4385,LinkedIn,Healthcare,Medium,30000.0,4,1.5,South America,39,1,0.6862,0,11700.0,1.6,7.8,0
LEAD4386,Email,Education,Medium,32200.0,9,9.4,South America,21,1,0.4667,0,6762.0,0.8653846153846153,2.1,0
LEAD4387,Referral,Manufacturing,Medium,22600.0,5,17.4,Europe,28,0,0.7603,0,6328.0,0.27173913043478265,4.666666666666667,0
LEAD4388,Website,Tech,Medium,57800.0,5,2.8,Europe,23,0,0.5725,0,13294.0,1.3157894736842106,3.8333333333333335,0
LEAD4389,Website,Finance,Small,82700.0,9,5.2,Europe,60,0,0.8255,1,49620.0,1.4516129032258065,6.0,0
LEAD4390,Website,Healthcare,Small,60700.0,3,2.8,Europe,60,1,0.7357,0,36420.0,0.7894736842105263,15.0,0
LEAD4391,Website,Manufacturing,Small,36800.0,9,26.3,South America,67,0,0.6722,1,24656.0,0.32967032967032966,6.7,0
LEAD4392,Email,Manufacturing,Medium,26500.0,10,23.6,Asia-Pacific,70,0,0.728,0,18550.0,0.4065040650406504,6.363636363636363,0
LEAD4393,Cold Call,Tech,Small,23800.0,4,2.3,North America,68,0,0.584,1,16184.0,1.2121212121212122,13.6,0
LEAD4394,Website,Retail,Medium,4200.0,7,17.3,Europe,86,0,0.82,0,3612.0,0.3825136612021858,10.75,0
LEAD4395,Referral,Finance,Medium,8300.0,6,5.5,Middle East,79,0,0.867,1,6557.0,0.9230769230769231,11.285714285714286,0
LEAD4396,LinkedIn,Tech,Medium,2100.0,8,14.0,Europe,74,1,0.8145,0,1554.0,0.5333333333333333,8.222222222222221,0
LEAD4397,Website,Tech,Large,5000.0,5,8.3,Asia-Pacific,60,0,0.5649,0,3000.0,0.5376344086021505,10.0,0
LEAD4398,Website,Finance,Small,13600.0,4,7.8,Asia-Pacific,69,0,0.7095,1,9384.0,0.45454545454545453,13.8,0
LEAD4399,Website,Finance,Medium,5200.0,6,25.7,North America,47,0,0.3613,1,2444.0,0.2247191011235955,6.714285714285714,0
LEAD4400,Website,Tech,Small,48400.0,7,12.3,North America,51,0,0.6338,1,24684.0,0.5263157894736842,6.375,0
LEAD4401,Website,Retail,Small,34800.0,6,3.3,Asia-Pacific,89,0,0.8453,1,30972.0,1.3953488372093024,12.714285714285714,0
LEAD4402,Email,Tech,Small,3500.0,5,1.5,Europe,44,0,0.4954,1,1540.0,2.0,7.333333333333333,0
LEAD4403,Website,Healthcare,Small,7700.0,5,32.6,Europe,42,0,0.2529,0,3234.0,0.1488095238095238,7.0,0
LEAD4404,Email,Finance,Medium,36200.0,7,2.1,Asia-Pacific,48,0,0.7971,1,17376.0,2.258064516129032,6.0,0
LEAD4405,Referral,Tech,Medium,34500.0,2,16.0,Asia-Pacific,44,0,0.6243,0,15180.0,0.11764705882352941,14.666666666666666,0
LEAD4406,Cold Call,Finance,Small,60200.0,4,8.3,North America,46,1,0.2063,0,27692.0,0.4301075268817204,9.2,0
LEAD4407,Referral,Tech,Small,122200.0,9,1.9,North America,60,0,0.8906,1,73320.0,3.103448275862069,6.0,0
LEAD4408,Website,Healthcare,Medium,76800.0,4,18.1,North America,61,1,0.7961,1,46848.0,0.20942408376963348,12.2,0
LEAD4409,Email,Tech,Medium,12600.0,5,28.3,Europe,73,1,0.4544,1,9198.0,0.1706484641638225,12.166666666666666,0
LEAD4410,Email,Healthcare,Small,7800.0,5,1.7,North America,99,1,0.8527,0,7722.0,1.8518518518518516,16.5,1
LEAD4411,Website,Tech,Medium,30400.0,8,0.9,Europe,48,1,0.8697,1,14592.0,4.2105263157894735,5.333333333333333,0
LEAD4412,Website,Retail,Medium,9100.0,13,22.9,North America,54,1,0.6461,1,4914.0,0.5439330543933055,3.857142857142857,0
LEAD4413,Cold Call,Retail,Medium,34800.0,3,8.4,Europe,18,0,0.0553,0,6264.0,0.3191489361702127,4.5,0
LEAD4414,Cold Call,Tech,Small,17300.0,7,13.6,North America,29,0,0.0654,0,5017.0,0.4794520547945206,3.625,0
LEAD4415,Email,Finance,Medium,33600.0,9,7.1,Europe,52,1,0.6033,1,17472.0,1.1111111111111112,5.2,0
LEAD4416,Email,Tech,Medium,8500.0,3,6.5,Europe,64,1,0.2512,0,5440.0,0.4,16.0,0
LEAD4417,Email,Healthcare,Medium,16200.0,3,4.4,North America,65,1,0.229,1,10530.0,0.5555555555555555,16.25,0
LEAD4418,Website,Tech,Medium,18600.0,7,10.0,South America,67,2,0.7828,1,12462.0,0.6363636363636364,8.375,0
LEAD4419,Website,Healthcare,Large,59300.0,2,2.2,North America,80,1,0.8779,1,47440.0,0.625,26.666666666666668,0
LEAD4420,Website,Healthcare,Small,8200.0,6,15.3,Asia-Pacific,89,0,0.6852,1,7298.0,0.36809815950920244,12.714285714285714,0
LEAD4421,Website,Manufacturing,Large,57200.0,6,9.7,South America,50,1,0.5472,0,28600.0,0.5607476635514019,7.142857142857143,0
LEAD4422,Referral,Healthcare,Medium,34700.0,5,22.7,Europe,39,2,0.5754,1,13533.0,0.2109704641350211,6.5,0
LEAD4423,Email,Healthcare,Medium,28300.0,4,30.6,South America,68,1,0.534,1,19244.0,0.12658227848101264,13.6,0
LEAD4424,Cold Call,Finance,Small,32900.0,5,27.8,North America,74,2,0.4152,1,24346.0,0.1736111111111111,12.333333333333334,0
LEAD4425,Website,Manufacturing,Small,20600.0,7,11.1,Europe,58,0,0.3596,1,11948.0,0.578512396694215,7.25,0
LEAD4426,Email,Retail,Medium,7600.0,8,4.7,Europe,51,0,0.3707,0,3876.0,1.4035087719298245,5.666666666666667,0
LEAD4427,Website,Tech,Medium,6200.0,4,5.4,North America,45,0,0.6163,1,2790.0,0.625,9.0,0
LEAD4428,Website,Education,Small,42200.0,7,12.8,Europe,54,1,0.5085,1,22788.0,0.5072463768115941,6.75,0
LEAD4429,Website,Finance,Medium,27800.0,5,15.0,North America,69,0,0.7432,1,19182.0,0.3125,11.5,0
LEAD4430,LinkedIn,Education,Small,6800.0,6,2.2,Asia-Pacific,42,1,0.4885,0,2856.0,1.875,6.0,0
LEAD4431,Cold Call,Education,Large,21100.0,9,48.0,Middle East,39,0,0.0962,0,8229.0,0.1836734693877551,3.9,0
LEAD4432,Email,Tech,Large,13900.0,9,1.5,North America,67,1,0.8465,1,9313.0,3.6,6.7,0
LEAD4433,Email,Retail,Small,5500.0,11,11.3,North America,38,2,0.3373,0,2090.0,0.8943089430894309,3.1666666666666665,0
LEAD4434,LinkedIn,Tech,Large,17200.0,9,9.2,Europe,58,0,0.6254,0,9976.0,0.8823529411764707,5.8,0
LEAD4435,Website,Tech,Large,8600.0,8,10.8,Europe,57,0,0.6102,0,4902.0,0.6779661016949152,6.333333333333333,0
LEAD4436,Website,Tech,Small,4000.0,5,9.3,Asia-Pacific,55,0,0.4132,1,2200.0,0.48543689320388345,9.166666666666666,0
LEAD4437,Website,Retail,Medium,14600.0,3,0.8,Europe,42,0,0.5588,0,6132.0,1.6666666666666665,10.5,0
LEAD4438,LinkedIn,Tech,Small,19800.0,6,48.0,North America,90,1,0.8337,1,17820.0,0.12244897959183673,12.857142857142858,0
LEAD4439,Referral,Tech,Medium,3000.0,11,47.8,Asia-Pacific,63,1,0.7887,1,1890.0,0.22540983606557377,5.25,0
LEAD4440,Website,Retail,Small,12300.0,7,9.0,South America,45,1,0.5448,0,5535.0,0.7,5.625,0
LEAD4441,LinkedIn,Tech,Small,8000.0,8,2.9,Europe,62,0,0.8621,1,4960.0,2.0512820512820515,6.888888888888889,0
LEAD4442,LinkedIn,Tech,Small,2600.0,4,2.5,Europe,92,0,0.8621,1,2392.0,1.1428571428571428,18.4,0
LEAD4443,Website,Tech,Small,4700.0,11,0.8,North America,57,0,0.876,0,2679.0,6.111111111111111,4.75,0
LEAD4444,Email,Finance,Medium,5000.0,7,11.5,North America,86,0,0.8494,1,4300.0,0.56,10.75,0
LEAD4445,Email,Finance,Small,6000.0,4,7.9,North America,32,0,0.1294,0,1920.0,0.449438202247191,6.4,0
LEAD4446,Referral,Tech,Small,34500.0,8,6.6,Europe,38,0,0.6998,1,13110.0,1.0526315789473684,4.222222222222222,0
LEAD4447,Website,Manufacturing,Large,13600.0,4,9.0,South America,12,0,0.3714,0,1632.0,0.4,2.4,0
LEAD4448,LinkedIn,Retail,Small,5200.0,8,24.8,Europe,95,1,0.6755,1,4940.0,0.31007751937984496,10.555555555555555,0
LEAD4449,Website,Finance,Medium,4100.0,7,1.0,North America,21,1,0.6166,1,861.0,3.5,2.625,0
LEAD4450,Cold Call,Finance,Large,9100.0,3,9.5,North America,58,0,0.1236,1,5278.0,0.2857142857142857,14.5,0
LEAD4451,Email,Finance,Large,34000.0,8,14.6,North America,90,1,0.9524,1,30600.0,0.5128205128205129,10.0,0
LEAD4452,Email,Healthcare,Small,11100.0,5,42.5,Europe,74,0,0.2526,0,8214.0,0.11494252873563218,12.333333333333334,0
LEAD4453,LinkedIn,Tech,Small,5500.0,1,16.3,Europe,63,1,0.3672,1,3465.0,0.057803468208092484,31.5,0
LEAD4454,LinkedIn,Tech,Large,12400.0,5,9.6,North America,81,1,0.814,0,10044.0,0.4716981132075472,13.5,0
LEAD4455,LinkedIn,Education,Small,18200.0,7,17.6,Europe,42,0,0.1537,1,7644.0,0.3763440860215054,5.25,0
LEAD4456,Website,Tech,Small,2600.0,10,48.0,North America,65,1,0.3733,0,1690.0,0.20408163265306123,5.909090909090909,0
LEAD4457,Cold Call,Finance,Small,21800.0,3,26.5,North America,53,2,0.0602,0,11554.0,0.10909090909090909,13.25,0
LEAD4458,Website,Education,Small,12100.0,9,1.2,North America,52,0,0.6793,1,6292.0,4.090909090909091,5.2,0
LEAD4459,Email,Retail,Medium,2200.0,3,10.4,North America,59,1,0.236,0,1298.0,0.2631578947368421,14.75,0
LEAD4460,Email,Finance,Medium,24400.0,9,18.6,North America,79,0,0.8007,1,19276.0,0.4591836734693877,7.9,0
LEAD4461,Email,Retail,Large,26900.0,7,13.5,North America,86,0,0.7382,1,23134.0,0.4827586206896552,10.75,0
LEAD4462,Email,Tech,Medium,21800.0,6,6.6,Asia-Pacific,50,0,0.5618,0,10900.0,0.7894736842105263,7.142857142857143,0
LEAD4463,Referral,Retail,Small,10400.0,6,4.8,Asia-Pacific,33,1,0.6282,1,3432.0,1.0344827586206897,4.714285714285714,0
LEAD4464,Website,Finance,Small,17100.0,3,11.9,Europe,39,0,0.1869,0,6669.0,0.23255813953488372,9.75,0
LEAD4465,Cold Call,Education,Large,11800.0,8,6.5,South America,94,0,0.7008,1,11092.0,1.0666666666666667,10.444444444444445,0
LEAD4466,Email,Manufacturing,Small,26100.0,4,6.1,North America,85,0,0.5932,1,22185.0,0.5633802816901409,17.0,0
LEAD4467,Website,Manufacturing,Small,19500.0,7,21.8,South America,33,0,0.4829,1,6435.0,0.30701754385964913,4.125,0
LEAD4468,Website,Manufacturing,Large,3700.0,5,4.7,North America,88,0,0.8734,1,3256.0,0.8771929824561403,14.666666666666666,0
LEAD4469,Referral,Healthcare,Medium,22600.0,3,12.5,Europe,41,1,0.5263,1,9266.0,0.2222222222222222,10.25,0
LEAD4470,LinkedIn,Finance,Small,25200.0,4,24.9,Europe,68,2,0.5182,1,17136.0,0.15444015444015444,13.6,0
LEAD4471,LinkedIn,Finance,Large,11300.0,6,11.8,North America,41,1,0.514,1,4633.0,0.46875,5.857142857142857,0
LEAD4472,Referral,Retail,Large,43700.0,10,8.2,Middle East,98,1,0.9804,1,42826.0,1.0869565217391306,8.909090909090908,0
LEAD4473,Website,Education,Small,39000.0,6,0.5,North America,44,1,0.7364,0,17160.0,4.0,6.285714285714286,0
LEAD4474,Email,Tech,Large,5900.0,7,13.8,North America,34,1,0.2262,0,2006.0,0.47297297297297297,4.25,0
LEAD4475,Cold Call,Manufacturing,Small,48900.0,8,48.0,North America,46,0,0.1114,0,22494.0,0.16326530612244897,5.111111111111111,0
LEAD4476,Email,Education,Medium,13600.0,5,19.9,North America,100,2,0.8122,1,13600.0,0.23923444976076558,16.666666666666668,0
LEAD4477,Email,Manufacturing,Large,27700.0,11,12.2,North America,60,2,0.7198,0,16620.0,0.8333333333333334,5.0,0
LEAD4478,Email,Education,Large,35700.0,6,7.7,North America,34,0,0.2748,0,12138.0,0.6896551724137931,4.857142857142857,0
LEAD4479,Email,Tech,Small,16100.0,11,3.1,North America,39,1,0.5932,1,6279.0,2.682926829268293,3.25,0
LEAD4480,Email,Tech,Small,12200.0,8,14.2,South America,20,1,0.2864,0,2440.0,0.5263157894736842,2.2222222222222223,0
LEAD4481,Website,Tech,Small,51400.0,3,2.4,North America,66,1,0.6865,1,33924.0,0.8823529411764706,16.5,0
LEAD4482,Email,Tech,Medium,7200.0,4,26.3,North America,30,1,0.2512,1,2160.0,0.14652014652014653,6.0,0
LEAD4483,Email,Healthcare,Small,7900.0,6,5.3,Europe,77,1,0.7016,0,6083.0,0.9523809523809524,11.0,0
LEAD4484,Email,Education,Small,11000.0,3,6.2,Middle East,71,1,0.4968,1,7810.0,0.41666666666666663,17.75,0
LEAD4485,Website,Education,Small,41200.0,2,3.0,North America,53,2,0.5129,1,21836.0,0.5,17.666666666666668,0
LEAD4486,Cold Call,Healthcare,Small,57900.0,4,8.0,North America,80,0,0.3869,0,46320.0,0.4444444444444444,16.0,0
LEAD4487,Website,Tech,Small,7000.0,8,13.8,Middle East,74,1,0.8172,1,5180.0,0.5405405405405405,8.222222222222221,0
LEAD4488,Email,Tech,Medium,41900.0,9,4.4,North America,58,1,0.6815,1,24302.0,1.6666666666666665,5.8,0
LEAD4489,LinkedIn,Tech,Small,8000.0,10,14.6,Europe,40,2,0.5087,0,3200.0,0.6410256410256411,3.6363636363636362,0
LEAD4490,Email,Finance,Small,72600.0,5,11.7,North America,63,4,0.6055,1,45738.0,0.3937007874015748,10.5,0
LEAD4491,Website,Healthcare,Large,20200.0,1,5.7,Middle East,63,1,0.5539,1,12726.0,0.14925373134328357,31.5,0
LEAD4492,Cold Call,Tech,Medium,2100.0,6,4.6,Middle East,65,1,0.3303,0,1365.0,1.0714285714285714,9.285714285714286,0
LEAD4493,Email,Finance,Small,2700.0,3,23.8,Asia-Pacific,57,1,0.2414,0,1539.0,0.12096774193548386,14.25,0
LEAD4494,LinkedIn,Tech,Small,5200.0,8,0.2,North America,62,1,0.8415,1,3224.0,6.666666666666667,6.888888888888889,0
LEAD4495,Cold Call,Healthcare,Medium,6200.0,5,15.2,Europe,61,1,0.2756,1,3782.0,0.308641975308642,10.166666666666666,0
LEAD4496,Cold Call,Finance,Small,31200.0,3,6.6,North America,82,0,0.2828,0,25584.0,0.39473684210526316,20.5,0
LEAD4497,Email,Finance,Medium,7000.0,4,15.3,South America,30,1,0.1483,0,2100.0,0.24539877300613497,6.0,0
LEAD4498,Website,Finance,Small,71600.0,6,8.6,South America,35,0,0.3418,1,25060.0,0.625,5.0,0
LEAD4499,Website,Manufacturing,Small,22200.0,6,1.2,Europe,57,0,0.7453,1,12654.0,2.727272727272727,8.142857142857142,0
LEAD4500,Email,Tech,Small,25600.0,5,48.0,Asia-Pacific,40,1,0.1099,0,10240.0,0.10204081632653061,6.666666666666667,0
LEAD4501,Email,Healthcare,Medium,6900.0,7,1.2,North America,59,2,0.5058,1,4071.0,3.1818181818181817,7.375,0
LEAD4502,Email,Retail,Large,46600.0,9,2.2,Europe,33,2,0.4905,0,15378.0,2.8125,3.3,0
LEAD4503,Website,Healthcare,Small,24000.0,6,6.6,Europe,36,1,0.1799,0,8640.0,0.7894736842105263,5.142857142857143,0
LEAD4504,Website,Manufacturing,Medium,42000.0,8,34.8,North America,96,1,0.9509,1,40320.0,0.223463687150838,10.666666666666666,0
LEAD4505,Email,Finance,Small,64700.0,2,4.3,North America,50,1,0.259,0,32350.0,0.37735849056603776,16.666666666666668,0
LEAD4506,Website,Finance,Small,4700.0,6,10.2,North America,32,0,0.2087,0,1504.0,0.5357142857142857,4.571428571428571,0
LEAD4507,Cold Call,Tech,Large,4000.0,3,8.9,Asia-Pacific,53,0,0.0759,0,2120.0,0.30303030303030304,13.25,0
LEAD4508,Website,Healthcare,Small,34500.0,5,4.9,South America,76,1,0.9142,1,26220.0,0.847457627118644,12.666666666666666,0
LEAD4509,Email,Tech,Large,42200.0,6,14.4,Middle East,79,0,0.8355,0,33338.0,0.38961038961038963,11.285714285714286,0
LEAD4510,Referral,Tech,Medium,19500.0,5,8.5,Asia-Pacific,26,1,0.6498,0,5070.0,0.5263157894736842,4.333333333333333,0
LEAD4511,Website,Healthcare,Large,11100.0,6,10.5,Europe,40,1,0.7083,1,4440.0,0.5217391304347826,5.714285714285714,0
LEAD4512,Email,Healthcare,Medium,23100.0,5,2.9,North America,59,1,0.7686,0,13629.0,1.2820512820512822,9.833333333333334,0
LEAD4513,Website,Tech,Small,9300.0,6,31.4,Middle East,54,1,0.3755,0,5022.0,0.1851851851851852,7.714285714285714,0
LEAD4514,Cold Call,Retail,Small,7400.0,9,1.5,Europe,23,2,0.1437,0,1702.0,3.6,2.3,0
LEAD4515,Email,Healthcare,Small,15400.0,4,14.2,Asia-Pacific,26,1,0.1637,0,4004.0,0.2631578947368421,5.2,0
LEAD4516,Email,Tech,Small,6900.0,6,26.1,Asia-Pacific,34,4,0.0635,0,2346.0,0.22140221402214022,4.857142857142857,0
LEAD4517,Email,Finance,Small,15200.0,10,1.2,Asia-Pacific,20,2,0.4982,1,3040.0,4.545454545454545,1.8181818181818181,0
LEAD4518,LinkedIn,Retail,Small,64700.0,9,0.5,North America,46,0,0.7214,1,29762.0,6.0,4.6,0
LEAD4519,Website,Healthcare,Large,38600.0,9,5.0,North America,79,2,0.9579,1,30494.0,1.5,7.9,0
LEAD4520,Website,Finance,Small,58800.0,3,18.8,Asia-Pacific,42,0,0.1729,1,24696.0,0.15151515151515152,10.5,0
LEAD4521,LinkedIn,Finance,Medium,34800.0,11,15.3,South America,77,1,0.8516,1,26796.0,0.6748466257668712,6.416666666666667,0
LEAD4522,Email,Healthcare,Large,10800.0,2,20.8,Asia-Pacific,56,2,0.3036,0,6048.0,0.09174311926605504,18.666666666666668,0
LEAD4523,LinkedIn,Manufacturing,Large,35400.0,1,6.2,Europe,51,0,0.2451,0,18054.0,0.1388888888888889,25.5,0
LEAD4524,Email,Retail,Small,53300.0,6,48.0,North America,22,2,0.0814,0,11726.0,0.12244897959183673,3.142857142857143,0
LEAD4525,LinkedIn,Tech,Small,60800.0,2,5.6,Asia-Pacific,78,2,0.6795,1,47424.0,0.30303030303030304,26.0,0
LEAD4526,Email,Finance,Small,25000.0,7,19.7,Asia-Pacific,57,2,0.6342,1,14250.0,0.33816425120772947,7.125,0
LEAD4527,Cold Call,Education,Small,6700.0,7,5.3,Europe,23,1,0.0633,0,1541.0,1.1111111111111112,2.875,0
LEAD4528,LinkedIn,Tech,Small,2800.0,2,3.1,North America,63,0,0.2959,0,1764.0,0.48780487804878053,21.0,0
LEAD4529,Email,Manufacturing,Medium,5200.0,8,5.0,South America,43,0,0.2904,0,2236.0,1.3333333333333333,4.777777777777778,0
LEAD4530,Website,Manufacturing,Small,69400.0,6,2.7,Europe,56,1,0.7183,1,38864.0,1.6216216216216215,8.0,0
LEAD4531,Website,Tech,Medium,14400.0,6,1.8,Asia-Pacific,60,0,0.8955,1,8640.0,2.142857142857143,8.571428571428571,0
LEAD4532,Website,Manufacturing,Large,40600.0,7,5.5,North America,79,2,0.9181,1,32074.0,1.0769230769230769,9.875,0
LEAD4533,Website,Finance,Small,14500.0,3,2.0,North America,32,0,0.3455,0,4640.0,1.0,8.0,0
LEAD4534,Website,Education,Small,23600.0,3,8.5,South America,66,1,0.3079,0,15576.0,0.3157894736842105,16.5,0
LEAD4535,Email,Finance,Medium,2500.0,5,0.5,North America,82,0,0.7749,1,2050.0,3.3333333333333335,13.666666666666666,1
LEAD4536,Email,Finance,Small,7800.0,10,6.9,Europe,100,0,0.8623,1,7800.0,1.2658227848101264,9.090909090909092,0
LEAD4537,Email,Healthcare,Medium,13500.0,6,38.1,Europe,76,1,0.5138,1,10260.0,0.1534526854219949,10.857142857142858,0
LEAD4538,Cold Call,Retail,Small,21900.0,5,5.4,Asia-Pacific,62,1,0.3357,0,13578.0,0.78125,10.333333333333334,0
LEAD4539,Website,Tech,Large,5800.0,7,1.9,North America,61,0,0.8457,1,3538.0,2.413793103448276,7.625,0
LEAD4540,Website,Healthcare,Small,30900.0,6,4.5,North America,86,0,0.7735,0,26574.0,1.0909090909090908,12.285714285714286,0
LEAD4541,Website,Tech,Small,11100.0,11,18.9,South America,49,1,0.7503,1,5439.0,0.5527638190954774,4.083333333333333,0
LEAD4542,Email,Finance,Medium,36000.0,7,4.6,Europe,71,2,0.5806,1,25560.0,1.25,8.875,0
LEAD4543,Website,Finance,Small,4100.0,12,5.9,North America,99,0,0.8884,1,4059.0,1.7391304347826086,7.615384615384615,0
LEAD4544,Website,Finance,Small,24800.0,8,18.8,North America,53,1,0.7601,1,13144.0,0.40404040404040403,5.888888888888889,0
LEAD4545,Email,Finance,Small,8900.0,2,3.7,Middle East,15,0,0.1438,0,1335.0,0.425531914893617,5.0,0
LEAD4546,LinkedIn,Tech,Small,33700.0,8,7.9,North America,38,2,0.5651,1,12806.0,0.898876404494382,4.222222222222222,0
LEAD4547,Website,Tech,Medium,12300.0,4,0.9,Europe,61,0,0.925,1,7503.0,2.1052631578947367,12.2,0
LEAD4548,Cold Call,Tech,Medium,23900.0,4,2.4,Europe,38,0,0.4323,1,9082.0,1.1764705882352942,7.6,0
LEAD4549,Cold Call,Finance,Medium,56500.0,3,2.9,South America,48,0,0.4237,0,27120.0,0.7692307692307693,12.0,0
LEAD4550,LinkedIn,Manufacturing,Medium,2400.0,6,7.6,Asia-Pacific,49,1,0.4944,1,1176.0,0.6976744186046512,7.0,0
LEAD4551,Referral,Tech,Small,2200.0,7,20.7,Europe,66,2,0.922,0,1452.0,0.3225806451612903,8.25,0
LEAD4552,Website,Manufacturing,Small,31400.0,4,5.4,North America,36,1,0.4933,0,11304.0,0.625,7.2,0
LEAD4553,Website,Retail,Medium,22800.0,10,5.8,South America,43,1,0.4732,1,9804.0,1.4705882352941178,3.909090909090909,0
LEAD4554,LinkedIn,Healthcare,Large,8900.0,3,4.4,Europe,83,0,0.6184,1,7387.0,0.5555555555555555,20.75,0
LEAD4555,Email,Healthcare,Small,15600.0,4,4.7,Middle East,45,0,0.2034,0,7020.0,0.7017543859649122,9.0,0
LEAD4556,Email,Education,Small,2900.0,4,6.3,Europe,70,2,0.5971,1,2030.0,0.547945205479452,14.0,0
LEAD4557,Cold Call,Tech,Small,6300.0,5,27.7,Asia-Pacific,55,1,0.1632,1,3465.0,0.17421602787456447,9.166666666666666,0
LEAD4558,Cold Call,Healthcare,Medium,13100.0,6,0.4,North America,55,1,0.4808,1,7205.0,4.285714285714286,7.857142857142857,0
LEAD4559,Referral,Retail,Medium,37900.0,4,11.9,Asia-Pacific,70,1,0.9339,1,26530.0,0.31007751937984496,14.0,0
LEAD4560,Referral,Healthcare,Small,15100.0,6,26.3,North America,18,0,0.3444,1,2718.0,0.21978021978021978,2.5714285714285716,0
LEAD4561,Cold Call,Education,Medium,19700.0,5,6.6,North America,64,2,0.3029,0,12608.0,0.6578947368421053,10.666666666666666,0
LEAD4562,Website,Tech,Small,43400.0,6,12.7,North America,66,1,0.7239,1,28644.0,0.43795620437956206,9.428571428571429,0
LEAD4563,LinkedIn,Retail,Small,9400.0,4,10.7,North America,72,1,0.6748,0,6768.0,0.3418803418803419,14.4,0
LEAD4564,Website,Healthcare,Medium,26100.0,5,5.1,North America,47,1,0.426,0,12267.0,0.819672131147541,7.833333333333333,0
LEAD4565,Website,Finance,Small,41600.0,8,1.9,North America,55,1,0.8794,1,22880.0,2.7586206896551726,6.111111111111111,0
LEAD4566,LinkedIn,Finance,Small,6500.0,8,3.1,South America,6,0,0.4004,0,390.0,1.9512195121951221,0.6666666666666666,0
LEAD4567,Website,Healthcare,Large,10800.0,5,0.8,North America,42,0,0.7252,1,4536.0,2.7777777777777777,7.0,0
LEAD4568,Website,Education,Large,80100.0,5,17.5,Asia-Pacific,59,0,0.8207,0,47259.0,0.2702702702702703,9.833333333333334,0
LEAD4569,Website,Finance,Medium,83700.0,8,9.2,North America,84,0,0.9397,1,70308.0,0.7843137254901962,9.333333333333334,0
LEAD4570,LinkedIn,Education,Small,7100.0,8,18.6,Europe,92,1,0.8184,1,6532.0,0.4081632653061224,10.222222222222221,0
LEAD4571,Email,Finance,Small,3400.0,6,4.2,Europe,48,1,0.3985,1,1632.0,1.1538461538461537,6.857142857142857,0
LEAD4572,Cold Call,Tech,Large,8300.0,4,19.7,Middle East,72,2,0.7382,0,5976.0,0.1932367149758454,14.4,0
LEAD4573,Website,Tech,Medium,12100.0,3,4.5,Asia-Pacific,52,1,0.4494,0,6292.0,0.5454545454545454,13.0,0
LEAD4574,LinkedIn,Tech,Large,13600.0,5,1.7,Europe,23,1,0.6154,0,3128.0,1.8518518518518516,3.8333333333333335,0
LEAD4575,LinkedIn,Finance,Small,21300.0,2,9.3,Asia-Pacific,67,2,0.3871,0,14271.0,0.1941747572815534,22.333333333333332,0
LEAD4576,Website,Finance,Small,48000.0,7,35.0,North America,92,2,0.7971,1,44160.0,0.19444444444444445,11.5,0
LEAD4577,Email,Retail,Large,10000.0,6,6.5,Europe,47,1,0.5412,1,4700.0,0.8,6.714285714285714,0
LEAD4578,Website,Retail,Medium,39900.0,9,8.8,North America,37,0,0.5023,1,14763.0,0.9183673469387754,3.7,0
LEAD4579,Referral,Tech,Small,4000.0,11,7.3,North America,56,0,0.7454,0,2240.0,1.325301204819277,4.666666666666667,0
LEAD4580,Cold Call,Tech,Small,2900.0,5,7.4,North America,53,0,0.2579,1,1537.0,0.5952380952380952,8.833333333333334,0
LEAD4581,Referral,Tech,Small,16000.0,6,3.0,Asia-Pacific,100,3,0.984,1,16000.0,1.5,14.285714285714286,0
LEAD4582,Website,Healthcare,Small,3200.0,4,6.7,Europe,75,1,0.6695,1,2400.0,0.5194805194805194,15.0,0
LEAD4583,LinkedIn,Tech,Small,12000.0,6,8.3,Asia-Pacific,58,1,0.7704,1,6960.0,0.6451612903225806,8.285714285714286,0
LEAD4584,LinkedIn,Tech,Small,47400.0,5,16.5,Europe,1,1,0.3388,1,474.0,0.2857142857142857,0.16666666666666666,0
LEAD4585,Cold Call,Manufacturing,Medium,7500.0,7,1.9,North America,52,1,0.5141,1,3900.0,2.413793103448276,6.5,0
LEAD4586,Referral,Education,Small,26500.0,9,10.3,Asia-Pacific,92,0,0.8789,1,24380.0,0.7964601769911503,9.2,0
LEAD4587,Email,Tech,Large,9200.0,3,13.1,Asia-Pacific,57,0,0.3472,0,5244.0,0.2127659574468085,14.25,0
LEAD4588,Website,Finance,Small,2900.0,6,5.9,South America,71,1,0.7427,1,2059.0,0.8695652173913043,10.142857142857142,0
LEAD4589,Cold Call,Finance,Medium,18300.0,10,9.7,Europe,63,1,0.3616,0,11529.0,0.9345794392523366,5.7272727272727275,0
LEAD4590,Cold Call,Retail,Small,38000.0,10,15.0,Asia-Pacific,45,1,0.3866,0,17100.0,0.625,4.090909090909091,0
LEAD4591,Email,Healthcare,Medium,12500.0,11,7.6,Asia-Pacific,89,0,0.8338,1,11125.0,1.2790697674418605,7.416666666666667,0
LEAD4592,Website,Tech,Large,21200.0,8,5.0,North America,59,0,0.8717,1,12508.0,1.3333333333333333,6.555555555555555,0
LEAD4593,Email,Retail,Medium,48100.0,4,21.0,North America,41,0,0.2985,0,19721.0,0.18181818181818182,8.2,0
LEAD4594,Website,Finance,Medium,33200.0,4,48.0,North America,55,1,0.6098,1,18260.0,0.08163265306122448,11.0,0
LEAD4595,Email,Tech,Small,6300.0,8,3.0,North America,84,1,0.9037,1,5292.0,2.0,9.333333333333334,0
LEAD4596,Cold Call,Finance,Medium,28400.0,4,26.5,Europe,25,2,0.09,0,7100.0,0.14545454545454545,5.0,0
LEAD4597,Cold Call,Finance,Large,15900.0,11,9.6,Middle East,60,2,0.6158,0,9540.0,1.0377358490566038,5.0,0
LEAD4598,Website,Finance,Large,29400.0,6,7.2,Europe,56,1,0.7569,1,16464.0,0.7317073170731708,8.0,0
LEAD4599,Email,Tech,Small,15600.0,6,26.9,Asia-Pacific,24,2,0.0741,0,3744.0,0.21505376344086022,3.4285714285714284,0
LEAD4600,Website,Finance,Large,4700.0,6,29.0,Asia-Pacific,70,1,0.4551,1,3290.0,0.2,10.0,0
LEAD4601,Website,Tech,Small,18900.0,5,3.9,North America,60,1,0.76,0,11340.0,1.0204081632653061,10.0,0
LEAD4602,LinkedIn,Retail,Small,15600.0,5,5.4,North America,73,0,0.6842,0,11388.0,0.78125,12.166666666666666,0
LEAD4603,LinkedIn,Tech,Small,16600.0,6,23.0,Europe,78,0,0.6131,0,12948.0,0.25,11.142857142857142,0
LEAD4604,Email,Tech,Small,44200.0,7,8.2,Asia-Pacific,54,0,0.5537,0,23868.0,0.7608695652173914,6.75,0
LEAD4605,LinkedIn,Retail,Medium,47000.0,8,4.2,Middle East,44,2,0.764,1,20680.0,1.5384615384615383,4.888888888888889,0
LEAD4606,LinkedIn,Retail,Large,14100.0,4,39.4,North America,27,1,0.2734,0,3807.0,0.09900990099009901,5.4,0
LEAD4607,LinkedIn,Education,Medium,14200.0,6,3.0,South America,42,0,0.4592,1,5964.0,1.5,6.0,0
LEAD4608,Website,Finance,Medium,16500.0,5,11.4,North America,55,0,0.7147,1,9075.0,0.4032258064516129,9.166666666666666,0
LEAD4609,Referral,Tech,Medium,16700.0,7,6.8,Asia-Pacific,36,1,0.8277,1,6012.0,0.8974358974358975,4.5,0
LEAD4610,Email,Retail,Medium,62100.0,4,7.3,Europe,67,0,0.5661,0,41607.0,0.48192771084337344,13.4,0
LEAD4611,Website,Retail,Small,23000.0,3,1.4,North America,37,0,0.2559,1,8510.0,1.25,9.25,0
LEAD4612,Website,Tech,Medium,8500.0,9,3.7,North America,20,1,0.5189,1,1700.0,1.9148936170212765,2.0,0
LEAD4613,Email,Manufacturing,Medium,17200.0,4,2.3,North America,43,0,0.4908,0,7396.0,1.2121212121212122,8.6,0
LEAD4614,Website,Tech,Medium,21700.0,9,16.7,North America,59,0,0.5583,1,12803.0,0.5084745762711864,5.9,0
LEAD4615,Website,Manufacturing,Medium,22400.0,5,14.5,Asia-Pacific,30,2,0.3843,1,6720.0,0.3225806451612903,5.0,0
LEAD4616,Website,Education,Large,19600.0,4,19.1,North America,37,1,0.3853,0,7252.0,0.1990049751243781,7.4,0
LEAD4617,LinkedIn,Retail,Small,5900.0,4,14.5,Europe,42,0,0.2628,1,2478.0,0.25806451612903225,8.4,0
LEAD4618,LinkedIn,Manufacturing,Small,2700.0,8,1.8,North America,45,2,0.5087,1,1215.0,2.857142857142857,5.0,0
LEAD4619,Website,Retail,Medium,10200.0,2,46.2,Asia-Pacific,61,2,0.1422,0,6222.0,0.0423728813559322,20.333333333333332,0
LEAD4620,LinkedIn,Tech,Small,13200.0,7,2.6,Asia-Pacific,68,0,0.6993,0,8976.0,1.9444444444444444,8.5,0
LEAD4621,LinkedIn,Finance,Large,3300.0,8,5.3,Asia-Pacific,46,0,0.5133,1,1518.0,1.2698412698412698,5.111111111111111,0
LEAD4622,LinkedIn,Tech,Small,35700.0,7,14.8,Europe,34,0,0.4453,1,12138.0,0.4430379746835443,4.25,0
LEAD4623,Website,Finance,Small,10400.0,7,1.9,North America,58,2,0.7023,0,6032.0,2.413793103448276,7.25,0
LEAD4624,Cold Call,Retail,Large,51000.0,2,2.3,Asia-Pacific,65,2,0.3366,0,33150.0,0.6060606060606061,21.666666666666668,0
LEAD4625,Referral,Finance,Small,5400.0,6,25.2,North America,87,0,0.702,0,4698.0,0.22900763358778625,12.428571428571429,0
LEAD4626,Cold Call,Finance,Medium,3200.0,1,4.9,North America,78,1,0.3908,0,2496.0,0.1694915254237288,39.0,0
LEAD4627,Website,Healthcare,Small,15200.0,6,13.2,North America,30,1,0.3301,0,4560.0,0.4225352112676057,4.285714285714286,0
LEAD4628,Email,Education,Small,6200.0,6,23.6,Asia-Pacific,52,0,0.2478,0,3224.0,0.24390243902439024,7.428571428571429,0
LEAD4629,Cold Call,Tech,Medium,57400.0,6,43.5,Asia-Pacific,64,1,0.2123,1,36736.0,0.1348314606741573,9.142857142857142,0
LEAD4630,Email,Finance,Small,2200.0,10,2.9,Asia-Pacific,38,0,0.2205,0,836.0,2.5641025641025643,3.4545454545454546,0
LEAD4631,Website,Tech,Large,12600.0,9,1.7,Europe,48,0,0.7548,1,6048.0,3.333333333333333,4.8,0
LEAD4632,Website,Retail,Medium,54300.0,4,16.3,North America,68,0,0.8474,1,36924.0,0.23121387283236994,13.6,0
LEAD4633,LinkedIn,Tech,Small,11700.0,4,2.6,South America,60,2,0.6584,0,7020.0,1.1111111111111112,12.0,0
LEAD4634,LinkedIn,Retail,Medium,4000.0,9,10.5,Europe,55,2,0.5693,1,2200.0,0.782608695652174,5.5,0
LEAD4635,Website,Tech,Medium,9200.0,9,9.2,Europe,42,2,0.6663,1,3864.0,0.8823529411764707,4.2,0
LEAD4636,Referral,Tech,Small,15800.0,9,9.9,Europe,26,2,0.6006,0,4108.0,0.8256880733944953,2.6,0
LEAD4637,Website,Manufacturing,Small,6100.0,4,12.7,North America,49,0,0.4279,0,2989.0,0.29197080291970806,9.8,0
LEAD4638,Cold Call,Tech,Small,14600.0,1,22.9,North America,53,2,0.0896,0,7738.0,0.041841004184100423,26.5,0
LEAD4639,LinkedIn,Finance,Medium,38200.0,6,3.9,Europe,26,0,0.3537,1,9932.0,1.2244897959183672,3.7142857142857144,0
LEAD4640,LinkedIn,Tech,Medium,43200.0,6,9.8,North America,56,2,0.8945,1,24192.0,0.5555555555555555,8.0,0
LEAD4641,Referral,Finance,Medium,3000.0,4,5.0,North America,63,1,0.7874,1,1890.0,0.6666666666666666,12.6,0
LEAD4642,Website,Healthcare,Medium,5500.0,10,4.7,South America,41,0,0.602,1,2255.0,1.7543859649122806,3.727272727272727,0
LEAD4643,LinkedIn,Finance,Medium,8400.0,12,0.3,Europe,63,0,0.8369,1,5292.0,9.23076923076923,4.846153846153846,0
LEAD4644,Website,Tech,Medium,20100.0,3,11.1,Europe,61,0,0.2969,0,12261.0,0.24793388429752067,15.25,0
LEAD4645,Cold Call,Finance,Medium,11000.0,6,43.2,Asia-Pacific,49,1,0.1619,0,5390.0,0.13574660633484162,7.0,0
LEAD4646,Cold Call,Retail,Small,39200.0,9,17.3,Middle East,47,1,0.18,0,18424.0,0.4918032786885246,4.7,0
LEAD4647,Cold Call,Retail,Large,27200.0,5,3.4,North America,48,1,0.4346,1,13056.0,1.1363636363636362,8.0,0
LEAD4648,Website,Healthcare,Medium,4100.0,2,15.2,Asia-Pacific,38,0,0.1332,1,1558.0,0.1234567901234568,12.666666666666666,0
LEAD4649,LinkedIn,Healthcare,Medium,21600.0,7,4.3,Europe,62,1,0.8096,1,13392.0,1.3207547169811322,7.75,0
LEAD4650,Website,Tech,Medium,4400.0,10,16.9,North America,38,1,0.4264,1,1672.0,0.558659217877095,3.4545454545454546,0
LEAD4651,Website,Tech,Small,7900.0,7,23.3,North America,39,0,0.4362,1,3081.0,0.28806584362139914,4.875,0
LEAD4652,Cold Call,Tech,Medium,5900.0,5,5.0,Europe,65,0,0.3791,0,3835.0,0.8333333333333334,10.833333333333334,0
LEAD4653,Email,Tech,Small,5800.0,7,0.1,Asia-Pacific,50,2,0.662,1,2900.0,6.363636363636363,6.25,0
LEAD4654,LinkedIn,Tech,Medium,21200.0,6,4.5,North America,56,1,0.6105,0,11872.0,1.0909090909090908,8.0,0
LEAD4655,Email,Healthcare,Small,18600.0,6,2.9,Europe,21,0,0.2396,0,3906.0,1.5384615384615385,3.0,0
LEAD4656,Website,Healthcare,Medium,5900.0,5,11.7,Asia-Pacific,45,0,0.4824,0,2655.0,0.3937007874015748,7.5,0
LEAD4657,LinkedIn,Manufacturing,Medium,94500.0,8,4.2,Europe,89,0,0.9087,0,84105.0,1.5384615384615383,9.88888888888889,0
LEAD4658,Email,Tech,Medium,13000.0,5,0.5,South America,19,0,0.3904,1,2470.0,3.3333333333333335,3.1666666666666665,0
LEAD4659,Website,Healthcare,Small,4000.0,3,9.2,South America,90,0,0.4245,0,3600.0,0.29411764705882354,22.5,0
LEAD4660,Cold Call,Education,Large,4600.0,5,25.0,Europe,60,0,0.187,0,2760.0,0.19230769230769232,10.0,0
LEAD4661,Email,Healthcare,Medium,19500.0,6,7.3,Middle East,44,0,0.3531,0,8580.0,0.7228915662650601,6.285714285714286,0
LEAD4662,Cold Call,Tech,Medium,79300.0,3,5.8,North America,51,0,0.1186,0,40443.0,0.4411764705882353,12.75,0
LEAD4663,Email,Tech,Small,19000.0,2,2.5,North America,80,2,0.5451,1,15200.0,0.5714285714285714,26.666666666666668,0
LEAD4664,LinkedIn,Tech,Medium,61500.0,7,6.0,North America,9,0,0.3017,0,5535.0,1.0,1.125,0
LEAD4665,LinkedIn,Finance,Small,13700.0,10,4.9,Europe,83,1,0.9143,1,11371.0,1.694915254237288,7.545454545454546,0
LEAD4666,Cold Call,Retail,Medium,13400.0,8,48.0,Europe,60,0,0.265,0,8040.0,0.16326530612244897,6.666666666666667,0
LEAD4667,Website,Tech,Small,15900.0,7,0.5,Europe,75,1,0.9448,1,11925.0,4.666666666666667,9.375,0
LEAD4668,LinkedIn,Tech,Medium,25900.0,7,3.4,North America,20,0,0.553,0,5180.0,1.5909090909090908,2.5,0
LEAD4669,Cold Call,Retail,Medium,11200.0,6,1.0,North America,50,0,0.4078,0,5600.0,3.0,7.142857142857143,0
LEAD4670,Cold Call,Retail,Small,41900.0,6,23.5,South America,8,3,0.13,0,3352.0,0.24489795918367346,1.1428571428571428,0
LEAD4671,Email,Finance,Small,2600.0,6,6.6,South America,79,1,0.5048,0,2054.0,0.7894736842105263,11.285714285714286,0
LEAD4672,LinkedIn,Retail,Large,13600.0,4,19.2,Asia-Pacific,35,0,0.3461,0,4760.0,0.19801980198019803,7.0,0
LEAD4673,Cold Call,Finance,Small,16300.0,4,14.2,Asia-Pacific,35,0,0.08,0,5705.0,0.2631578947368421,7.0,0
LEAD4674,Website,Tech,Medium,20700.0,9,31.7,Europe,16,1,0.2921,0,3312.0,0.2752293577981651,1.6,0
LEAD4675,Email,Finance,Small,8500.0,6,0.4,North America,64,1,0.889,1,5440.0,4.285714285714286,9.142857142857142,0
LEAD4676,LinkedIn,Healthcare,Small,13200.0,5,2.9,Europe,56,0,0.5989,0,7392.0,1.2820512820512822,9.333333333333334,0
LEAD4677,Website,Manufacturing,Small,15300.0,3,14.6,Asia-Pacific,40,1,0.2375,0,6120.0,0.19230769230769232,10.0,0
LEAD4678,Referral,Tech,Medium,25200.0,5,10.7,Europe,60,0,0.6039,0,15120.0,0.4273504273504274,10.0,0
LEAD4679,Cold Call,Healthcare,Small,31700.0,11,14.3,North America,39,1,0.2835,1,12363.0,0.7189542483660131,3.25,0
LEAD4680,Cold Call,Finance,Large,28800.0,2,10.4,Middle East,20,1,0.1,0,5760.0,0.17543859649122806,6.666666666666667,0
LEAD4681,Website,Healthcare,Medium,10400.0,6,10.5,Asia-Pacific,48,0,0.5255,0,4992.0,0.5217391304347826,6.857142857142857,0
LEAD4682,Website,Tech,Small,150000.0,3,32.5,North America,88,1,0.5201,0,132000.0,0.08955223880597014,22.0,0
LEAD4683,Referral,Finance,Medium,39800.0,4,30.6,Europe,74,0,0.7369,0,29452.0,0.12658227848101264,14.8,0
LEAD4684,Website,Education,Small,8000.0,5,0.6,South America,64,0,0.6988,1,5120.0,3.125,10.666666666666666,0
LEAD4685,LinkedIn,Healthcare,Medium,6300.0,5,6.5,North America,60,2,0.5114,1,3780.0,0.6666666666666666,10.0,0
LEAD4686,Email,Finance,Small,9500.0,9,8.7,Europe,48,0,0.5598,1,4560.0,0.9278350515463918,4.8,0
LEAD4687,Website,Tech,Small,14000.0,4,5.4,Europe,70,1,0.7923,1,9800.0,0.625,14.0,0
LEAD4688,Website,Tech,Medium,40000.0,3,0.7,Europe,66,0,0.8809,1,26400.0,1.7647058823529411,16.5,0
LEAD4689,Email,Finance,Large,32100.0,6,7.8,Asia-Pacific,53,0,0.5031,0,17013.0,0.6818181818181818,7.571428571428571,0
LEAD4690,Referral,Education,Small,40100.0,5,44.7,North America,59,1,0.5442,0,23659.0,0.10940919037199125,9.833333333333334,0
LEAD4691,Email,Manufacturing,Medium,8300.0,6,1.0,North America,23,1,0.3755,1,1909.0,3.0,3.2857142857142856,0
LEAD4692,Email,Finance,Small,20000.0,7,20.5,North America,45,1,0.3279,0,9000.0,0.32558139534883723,5.625,0
LEAD4693,Website,Finance,Medium,8700.0,5,2.7,North America,31,1,0.5407,0,2697.0,1.3513513513513513,5.166666666666667,0
LEAD4694,Email,Education,Medium,4300.0,7,10.4,Europe,31,1,0.2918,0,1333.0,0.6140350877192983,3.875,0
LEAD4695,Email,Finance,Small,25100.0,7,6.0,Asia-Pacific,64,1,0.6684,1,16064.0,1.0,8.0,0
LEAD4696,LinkedIn,Healthcare,Small,5100.0,2,5.3,North America,30,1,0.133,0,1530.0,0.31746031746031744,10.0,0
LEAD4697,Email,Tech,Small,24000.0,3,24.6,Europe,70,3,0.1389,0,16800.0,0.1171875,17.5,0
LEAD4698,Email,Retail,Small,22900.0,3,43.7,Asia-Pacific,76,1,0.2663,0,17404.0,0.06711409395973154,19.0,0
LEAD4699,Website,Healthcare,Small,35200.0,4,6.0,North America,54,0,0.5022,0,19008.0,0.5714285714285714,10.8,0
LEAD4700,Referral,Education,Medium,5000.0,6,12.4,Europe,43,1,0.769,1,2150.0,0.44776119402985076,6.142857142857143,0
LEAD4701,Website,Retail,Large,32600.0,8,9.9,Asia-Pacific,76,1,0.932,1,24776.0,0.7339449541284403,8.444444444444445,0
LEAD4702,Website,Tech,Small,146600.0,2,1.1,Europe,66,0,0.6771,1,96756.0,0.9523809523809523,22.0,0
LEAD4703,Cold Call,Retail,Medium,40100.0,4,0.6,North America,79,0,0.5566,1,31679.0,2.5,15.8,1
LEAD4704,Email,Education,Medium,29900.0,4,17.9,Europe,33,0,0.1929,1,9867.0,0.21164021164021166,6.6,0
LEAD4705,Email,Finance,Large,23700.0,6,6.1,Middle East,50,2,0.5065,0,11850.0,0.8450704225352114,7.142857142857143,0
LEAD4706,Email,Tech,Medium,13000.0,8,4.5,Europe,51,0,0.5837,0,6630.0,1.4545454545454546,5.666666666666667,0
LEAD4707,LinkedIn,Tech,Medium,28200.0,8,48.0,North America,59,0,0.4492,1,16638.0,0.16326530612244897,6.555555555555555,0
LEAD4708,Website,Finance,Small,27800.0,6,1.2,Europe,67,1,0.8576,1,18626.0,2.727272727272727,9.571428571428571,0
LEAD4709,LinkedIn,Finance,Small,22000.0,7,3.9,North America,58,0,0.4326,1,12760.0,1.4285714285714284,7.25,0
LEAD4710,Cold Call,Healthcare,Small,33800.0,7,23.4,Europe,82,1,0.3984,1,27716.0,0.2868852459016394,10.25,0
LEAD4711,Email,Tech,Small,13900.0,4,6.5,North America,48,1,0.3211,0,6672.0,0.5333333333333333,9.6,0
LEAD4712,Email,Education,Small,4600.0,7,10.6,North America,34,1,0.13,0,1564.0,0.603448275862069,4.25,0
LEAD4713,Website,Tech,Medium,18400.0,6,0.7,Europe,42,0,0.807,0,7728.0,3.5294117647058822,6.0,0
LEAD4714,LinkedIn,Tech,Small,8200.0,6,30.5,North America,39,0,0.0998,0,3198.0,0.19047619047619047,5.571428571428571,0
LEAD4715,Email,Finance,Medium,11700.0,6,1.9,Europe,46,0,0.4499,1,5382.0,2.0689655172413794,6.571428571428571,0
LEAD4716,Website,Finance,Small,2400.0,6,3.0,North America,50,1,0.5732,1,1200.0,1.5,7.142857142857143,0
LEAD4717,Email,Tech,Large,11700.0,5,2.1,North America,50,2,0.7785,1,5850.0,1.6129032258064515,8.333333333333334,0
LEAD4718,Referral,Tech,Large,35100.0,12,8.4,Asia-Pacific,60,1,0.9371,1,21060.0,1.276595744680851,4.615384615384615,0
LEAD4719,Email,Tech,Small,17600.0,5,20.5,South America,46,1,0.3043,1,8096.0,0.23255813953488372,7.666666666666667,0
LEAD4720,LinkedIn,Retail,Small,2200.0,9,3.8,North America,76,2,0.7524,1,1672.0,1.875,7.6,0
LEAD4721,Website,Retail,Medium,14700.0,5,1.9,Europe,16,1,0.3608,0,2352.0,1.7241379310344829,2.6666666666666665,0
LEAD4722,Website,Finance,Small,8900.0,6,6.4,North America,10,1,0.1005,0,890.0,0.8108108108108107,1.4285714285714286,0
LEAD4723,Website,Retail,Small,15000.0,6,48.0,Europe,75,0,0.6731,1,11250.0,0.12244897959183673,10.714285714285714,0
LEAD4724,Email,Retail,Small,12400.0,7,0.2,Europe,73,0,0.7641,1,9052.0,5.833333333333334,9.125,0
LEAD4725,Website,Tech,Large,55800.0,3,8.5,North America,80,0,0.6474,1,44640.0,0.3157894736842105,20.0,0
LEAD4726,Website,Manufacturing,Large,2800.0,7,13.4,Asia-Pacific,68,0,0.5608,1,1904.0,0.4861111111111111,8.5,0
LEAD4727,LinkedIn,Education,Medium,25000.0,10,19.8,North America,55,0,0.4344,1,13750.0,0.4807692307692307,5.0,0
LEAD4728,LinkedIn,Tech,Medium,40100.0,9,16.6,North America,50,2,0.7735,1,20050.0,0.5113636363636364,5.0,0
LEAD4729,Cold Call,Tech,Large,66000.0,6,1.0,Asia-Pacific,23,1,0.3044,1,15180.0,3.0,3.2857142857142856,0
LEAD4730,Website,Tech,Large,5900.0,10,7.5,Asia-Pacific,58,1,0.8051,1,3422.0,1.1764705882352942,5.2727272727272725,0
LEAD4731,Website,Tech,Large,17200.0,7,1.1,Europe,26,0,0.637,1,4472.0,3.333333333333333,3.25,0
LEAD4732,Website,Retail,Small,2900.0,4,11.7,Europe,100,0,0.7579,0,2900.0,0.31496062992125984,20.0,0
LEAD4733,Cold Call,Finance,Small,15800.0,9,1.1,Europe,34,0,0.1757,0,5372.0,4.285714285714286,3.4,0
LEAD4734,LinkedIn,Retail,Medium,4700.0,4,0.7,Europe,53,1,0.8437,1,2491.0,2.3529411764705883,10.6,0
LEAD4735,Email,Retail,Medium,38400.0,4,4.5,North America,85,0,0.6211,1,32640.0,0.7272727272727273,17.0,0
LEAD4736,Website,Healthcare,Small,4400.0,7,33.6,Europe,48,0,0.218,0,2112.0,0.20231213872832368,6.0,0
LEAD4737,Email,Retail,Small,16400.0,7,15.0,Europe,48,0,0.2845,1,7872.0,0.4375,6.0,0
LEAD4738,Website,Tech,Large,16700.0,4,0.1,Asia-Pacific,3,0,0.4151,0,501.0,3.6363636363636362,0.6,0
LEAD4739,Email,Finance,Large,73300.0,4,4.1,Asia-Pacific,29,0,0.2291,0,21257.0,0.7843137254901962,5.8,0
LEAD4740,Cold Call,Healthcare,Small,23300.0,8,0.3,North America,66,0,0.6238,1,15378.0,6.153846153846153,7.333333333333333,0
LEAD4741,Cold Call,Tech,Large,8800.0,5,4.3,Europe,88,2,0.7542,1,7744.0,0.9433962264150944,14.666666666666666,0
LEAD4742,Website,Tech,Medium,7500.0,5,14.0,North America,37,1,0.431,0,2775.0,0.3333333333333333,6.166666666666667,0
LEAD4743,Website,Education,Medium,4700.0,8,17.2,Europe,59,1,0.7117,1,2773.0,0.43956043956043955,6.555555555555555,0
LEAD4744,Referral,Retail,Small,30300.0,5,19.7,Europe,100,1,0.9502,1,30300.0,0.24154589371980678,16.666666666666668,0
LEAD4745,Website,Tech,Small,25500.0,9,29.0,South America,66,1,0.6225,1,16830.0,0.3,6.6,0
LEAD4746,Website,Retail,Small,20800.0,5,5.6,Asia-Pacific,75,1,0.6837,0,15600.0,0.7575757575757576,12.5,0
LEAD4747,Website,Retail,Small,2800.0,7,23.9,South America,40,2,0.3666,0,1120.0,0.28112449799196787,5.0,0
LEAD4748,Website,Finance,Medium,30800.0,3,15.7,Asia-Pacific,86,0,0.7879,1,26488.0,0.17964071856287425,21.5,0
LEAD4749,Email,Tech,Small,22500.0,7,9.4,Middle East,41,1,0.3789,1,9225.0,0.673076923076923,5.125,0
LEAD4750,LinkedIn,Manufacturing,Large,68400.0,7,37.2,Europe,38,3,0.287,0,25992.0,0.18324607329842932,4.75,0
LEAD4751,Website,Finance,Small,19700.0,5,35.5,Middle East,85,0,0.7558,1,16745.0,0.136986301369863,14.166666666666666,0
LEAD4752,Email,Tech,Small,9200.0,8,27.4,North America,42,0,0.1528,1,3864.0,0.28169014084507044,4.666666666666667,0
LEAD4753,Cold Call,Finance,Medium,11600.0,3,2.8,North America,55,0,0.3598,0,6380.0,0.7894736842105263,13.75,0
LEAD4754,Email,Retail,Medium,5900.0,7,2.9,Europe,88,1,0.8489,0,5192.0,1.794871794871795,11.0,0
LEAD4755,LinkedIn,Tech,Small,27700.0,7,27.9,Middle East,37,0,0.1521,0,10249.0,0.24221453287197234,4.625,0
LEAD4756,LinkedIn,Tech,Medium,26600.0,9,6.2,Europe,50,1,0.7758,1,13300.0,1.25,5.0,0
LEAD4757,Website,Tech,Medium,6500.0,4,19.3,North America,43,2,0.5312,0,2795.0,0.19704433497536944,8.6,0
LEAD4758,LinkedIn,Manufacturing,Medium,5500.0,5,14.0,Europe,48,0,0.4466,0,2640.0,0.3333333333333333,8.0,0
LEAD4759,Email,Tech,Medium,3600.0,5,17.3,Europe,56,0,0.4437,1,2016.0,0.27322404371584696,9.333333333333334,0
LEAD4760,Referral,Healthcare,Small,50600.0,6,0.4,North America,82,4,0.9347,1,41492.0,4.285714285714286,11.714285714285714,1
LEAD4761,Email,Manufacturing,Medium,7300.0,3,6.8,Asia-Pacific,88,1,0.5384,0,6424.0,0.38461538461538464,22.0,0
LEAD4762,Referral,Tech,Large,10400.0,1,23.4,Middle East,58,1,0.7896,0,6032.0,0.04098360655737705,29.0,0
LEAD4763,LinkedIn,Manufacturing,Small,8600.0,4,8.2,South America,40,0,0.2778,0,3440.0,0.4347826086956522,8.0,0
LEAD4764,Website,Manufacturing,Small,12700.0,6,14.2,North America,69,2,0.7919,1,8763.0,0.39473684210526316,9.857142857142858,0
LEAD4765,Email,Education,Large,27000.0,6,17.0,North America,55,2,0.558,1,14850.0,0.3333333333333333,7.857142857142857,0
LEAD4766,Referral,Tech,Small,42900.0,11,1.6,North America,56,1,0.9311,1,24024.0,4.230769230769231,4.666666666666667,0
LEAD4767,LinkedIn,Healthcare,Small,6000.0,8,2.1,North America,34,0,0.4965,0,2040.0,2.5806451612903225,3.7777777777777777,0
LEAD4768,Website,Retail,Large,25200.0,6,15.6,North America,23,1,0.361,0,5796.0,0.36144578313253006,3.2857142857142856,0
LEAD4769,Cold Call,Manufacturing,Small,10700.0,4,0.8,Asia-Pacific,55,0,0.4487,1,5885.0,2.2222222222222223,11.0,0
LEAD4770,Website,Tech,Small,80800.0,9,5.1,North America,34,0,0.551,1,27472.0,1.4754098360655739,3.4,0
LEAD4771,Website,Retail,Large,9100.0,2,30.1,South America,44,1,0.1252,1,4004.0,0.06430868167202572,14.666666666666666,0
LEAD4772,Email,Finance,Large,2100.0,11,10.3,South America,85,0,0.8451,1,1785.0,0.9734513274336283,7.083333333333333,0
LEAD4773,Website,Tech,Small,16500.0,2,29.1,North America,54,0,0.371,0,8910.0,0.06644518272425248,18.0,0
LEAD4774,LinkedIn,Finance,Medium,5300.0,5,4.5,Middle East,77,1,0.8228,1,4081.0,0.9090909090909091,12.833333333333334,0
LEAD4775,Website,Retail,Medium,2900.0,7,12.2,Asia-Pacific,61,0,0.3277,1,1769.0,0.5303030303030303,7.625,0
LEAD4776,LinkedIn,Finance,Medium,26000.0,6,4.2,Europe,67,0,0.6511,1,17420.0,1.1538461538461537,9.571428571428571,0
LEAD4777,Website,Healthcare,Small,28400.0,8,1.5,North America,44,0,0.5463,0,12496.0,3.2,4.888888888888889,0
LEAD4778,Website,Manufacturing,Small,14300.0,9,48.0,Europe,78,1,0.6728,1,11154.0,0.1836734693877551,7.8,0
LEAD4779,Website,Finance,Small,24600.0,4,2.4,North America,61,0,0.7982,0,15006.0,1.1764705882352942,12.2,0
LEAD4780,Website,Healthcare,Large,17500.0,6,2.6,Europe,50,1,0.7584,1,8750.0,1.6666666666666665,7.142857142857143,0
LEAD4781,Website,Finance,Large,21900.0,9,22.2,North America,61,0,0.9042,1,13359.0,0.3879310344827586,6.1,0
LEAD4782,Website,Finance,Large,20200.0,8,19.5,Europe,41,0,0.3287,1,8282.0,0.3902439024390244,4.555555555555555,0
LEAD4783,Email,Retail,Large,23900.0,10,45.8,North America,49,2,0.4182,1,11711.0,0.2136752136752137,4.454545454545454,0
LEAD4784,Website,Manufacturing,Medium,6500.0,3,1.0,North America,54,0,0.6049,1,3510.0,1.5,13.5,0
LEAD4785,Email,Healthcare,Small,8300.0,9,1.3,Europe,44,1,0.4375,0,3652.0,3.91304347826087,4.4,0
LEAD4786,Email,Retail,Medium,13600.0,4,7.2,Europe,86,1,0.6735,1,11696.0,0.48780487804878053,17.2,0
LEAD4787,LinkedIn,Tech,Medium,13800.0,5,10.9,Europe,47,0,0.5857,1,6486.0,0.42016806722689076,7.833333333333333,0
LEAD4788,LinkedIn,Tech,Medium,31800.0,3,0.6,North America,97,0,0.9615,1,30846.0,1.875,24.25,1
LEAD4789,Email,Healthcare,Small,11200.0,8,2.2,South America,56,2,0.852,1,6272.0,2.5,6.222222222222222,0
LEAD4790,Website,Tech,Large,5500.0,3,14.7,Europe,50,1,0.4038,1,2750.0,0.1910828025477707,12.5,0
LEAD4791,Website,Tech,Small,7800.0,5,13.4,North America,45,0,0.5708,0,3510.0,0.3472222222222222,7.5,0
LEAD4792,Referral,Healthcare,Small,6800.0,5,1.2,Europe,63,1,0.8901,1,4284.0,2.2727272727272725,10.5,0
LEAD4793,Website,Tech,Medium,28300.0,5,32.3,Europe,73,0,0.7471,1,20659.0,0.15015015015015015,12.166666666666666,0
LEAD4794,Website,Tech,Medium,14700.0,7,3.6,North America,4,1,0.3548,0,588.0,1.5217391304347827,0.5,0
LEAD4795,Website,Healthcare,Small,26700.0,9,26.3,Europe,55,0,0.3385,0,14685.0,0.32967032967032966,5.5,0
LEAD4796,Website,Healthcare,Medium,12800.0,2,30.9,Asia-Pacific,15,1,0.134,0,1920.0,0.06269592476489029,5.0,0
LEAD4797,Website,Manufacturing,Small,46100.0,3,8.2,Asia-Pacific,75,1,0.7453,1,34575.0,0.32608695652173914,18.75,0
LEAD4798,LinkedIn,Healthcare,Small,84100.0,3,6.5,North America,75,1,0.5251,1,63075.0,0.4,18.75,0
LEAD4799,Website,Finance,Small,24200.0,2,4.0,South America,56,0,0.5708,1,13552.0,0.4,18.666666666666668,0
LEAD4800,Cold Call,Manufacturing,Medium,41900.0,5,19.9,North America,59,1,0.369,1,24721.0,0.23923444976076558,9.833333333333334,0
LEAD4801,Website,Retail,Large,16200.0,9,2.7,Middle East,26,1,0.8488,0,4212.0,2.4324324324324325,2.6,0
LEAD4802,Website,Tech,Medium,56600.0,3,11.8,North America,44,1,0.2708,0,24904.0,0.234375,11.0,0
LEAD4803,LinkedIn,Tech,Large,37600.0,3,10.1,Europe,43,0,0.3079,0,16168.0,0.2702702702702703,10.75,0
LEAD4804,Website,Retail,Small,98000.0,6,3.5,Europe,46,0,0.4639,0,45080.0,1.3333333333333333,6.571428571428571,0
LEAD4805,LinkedIn,Healthcare,Small,21500.0,4,48.0,North America,72,1,0.382,1,15480.0,0.08163265306122448,14.4,0
LEAD4806,Email,Retail,Medium,32200.0,5,22.6,Asia-Pacific,81,2,0.7523,1,26082.0,0.211864406779661,13.5,0
LEAD4807,Website,Retail,Small,17700.0,7,0.3,Europe,67,1,0.8515,1,11859.0,5.384615384615384,8.375,0
LEAD4808,Referral,Healthcare,Medium,8000.0,8,6.7,North America,49,1,0.7749,1,3920.0,1.0389610389610389,5.444444444444445,0
LEAD4809,Website,Manufacturing,Medium,10800.0,8,5.4,Europe,40,2,0.6704,0,4320.0,1.25,4.444444444444445,0
LEAD4810,LinkedIn,Healthcare,Large,46900.0,3,25.8,Europe,57,0,0.402,0,26733.0,0.11194029850746269,14.25,0
LEAD4811,Website,Tech,Small,3200.0,8,3.8,North America,61,0,0.8089,1,1952.0,1.6666666666666667,6.777777777777778,0
LEAD4812,LinkedIn,Education,Small,19900.0,3,48.0,Middle East,51,0,0.0386,0,10149.0,0.061224489795918366,12.75,0
LEAD4813,Website,Tech,Medium,11300.0,4,2.8,South America,42,1,0.7547,0,4746.0,1.0526315789473684,8.4,0
LEAD4814,Email,Retail,Small,11800.0,5,3.5,North America,67,0,0.6288,1,7906.0,1.1111111111111112,11.166666666666666,0
LEAD4815,LinkedIn,Manufacturing,Medium,45200.0,2,13.3,Europe,69,1,0.441,0,31188.0,0.13986013986013984,23.0,0
LEAD4816,Referral,Retail,Small,40500.0,4,2.2,North America,29,0,0.6745,1,11745.0,1.25,5.8,0
LEAD4817,LinkedIn,Healthcare,Small,20300.0,10,26.5,Asia-Pacific,47,1,0.3532,1,9541.0,0.36363636363636365,4.2727272727272725,0
LEAD4818,LinkedIn,Finance,Small,8400.0,1,1.5,Middle East,71,2,0.5151,1,5964.0,0.4,35.5,0
LEAD4819,LinkedIn,Finance,Small,14900.0,3,48.0,North America,75,0,0.1761,0,11175.0,0.061224489795918366,18.75,0
LEAD4820,Website,Finance,Medium,12500.0,7,25.0,Asia-Pacific,56,1,0.6164,1,7000.0,0.2692307692307692,7.0,0
LEAD4821,Website,Healthcare,Small,10700.0,4,22.1,Europe,62,1,0.7674,1,6634.0,0.17316017316017315,12.4,0
LEAD4822,Website,Retail,Small,4200.0,6,6.4,North America,60,0,0.4516,1,2520.0,0.8108108108108107,8.571428571428571,0
LEAD4823,Email,Retail,Small,17700.0,7,8.7,Middle East,74,0,0.6277,1,13098.0,0.7216494845360826,9.25,0
LEAD4824,Email,Tech,Small,9200.0,3,7.4,Europe,33,1,0.2079,1,3036.0,0.35714285714285715,8.25,0
LEAD4825,Email,Finance,Small,23600.0,7,48.0,Europe,60,1,0.3724,0,14160.0,0.14285714285714285,7.5,0
LEAD4826,Website,Retail,Small,9700.0,8,0.5,Asia-Pacific,37,1,0.733,1,3589.0,5.333333333333333,4.111111111111111,0
LEAD4827,Cold Call,Finance,Medium,13300.0,9,5.9,North America,77,2,0.7028,1,10241.0,1.3043478260869565,7.7,0
LEAD4828,Website,Healthcare,Medium,3100.0,6,41.6,North America,34,2,0.1899,0,1054.0,0.14084507042253522,4.857142857142857,0
LEAD4829,Website,Retail,Medium,100000.0,6,5.6,Middle East,63,2,0.8155,1,63000.0,0.9090909090909092,9.0,0
LEAD4830,Email,Retail,Medium,16200.0,9,6.2,Asia-Pacific,37,0,0.3548,0,5994.0,1.25,3.7,0
LEAD4831,LinkedIn,Finance,Small,2500.0,9,12.1,Asia-Pacific,70,0,0.4978,0,1750.0,0.6870229007633588,7.0,0
LEAD4832,Cold Call,Education,Medium,17600.0,9,28.6,North America,64,2,0.1744,1,11264.0,0.30405405405405406,6.4,0
LEAD4833,Cold Call,Tech,Medium,42900.0,6,4.3,Europe,60,1,0.3611,0,25740.0,1.1320754716981132,8.571428571428571,0
LEAD4834,Website,Manufacturing,Small,31600.0,6,35.5,Middle East,94,0,0.7522,0,29704.0,0.1643835616438356,13.428571428571429,0
LEAD4835,Email,Tech,Medium,26100.0,6,4.1,North America,41,0,0.3373,0,10701.0,1.1764705882352942,5.857142857142857,0
LEAD4836,Website,Tech,Small,5000.0,6,20.4,North America,74,2,0.7499,0,3700.0,0.28037383177570097,10.571428571428571,0
LEAD4837,Email,Education,Small,23400.0,6,4.0,Europe,78,0,0.7863,1,18252.0,1.2,11.142857142857142,0
LEAD4838,Email,Tech,Medium,31100.0,8,1.0,North America,74,2,0.9515,1,23014.0,4.0,8.222222222222221,0
LEAD4839,Website,Retail,Small,19000.0,7,20.2,North America,41,1,0.3618,1,7790.0,0.33018867924528306,5.125,0
LEAD4840,Website,Education,Small,46700.0,3,7.3,South America,50,1,0.189,0,23350.0,0.36144578313253006,12.5,0
LEAD4841,Referral,Education,Small,8500.0,3,6.0,Middle East,43,0,0.2889,0,3655.0,0.42857142857142855,10.75,0
LEAD4842,Referral,Manufacturing,Small,7500.0,3,6.8,Europe,49,1,0.3414,1,3675.0,0.38461538461538464,12.25,0
LEAD4843,Email,Tech,Small,42700.0,5,11.4,Asia-Pacific,38,1,0.5015,1,16226.0,0.4032258064516129,6.333333333333333,0
LEAD4844,Website,Retail,Medium,21600.0,5,3.8,South America,48,0,0.6866,1,10368.0,1.0416666666666667,8.0,0
LEAD4845,Website,Tech,Medium,2000.0,6,3.4,Asia-Pacific,84,1,0.9175,0,1680.0,1.3636363636363635,12.0,0
LEAD4846,Email,Finance,Medium,10700.0,12,8.0,North America,49,1,0.4656,1,5243.0,1.3333333333333333,3.769230769230769,0
LEAD4847,Referral,Education,Small,41000.0,6,0.5,North America,57,0,0.9067,1,23370.0,4.0,8.142857142857142,0
LEAD4848,Website,Finance,Large,2600.0,7,12.5,North America,40,2,0.6556,1,1040.0,0.5185185185185185,5.0,0
LEAD4849,LinkedIn,Healthcare,Medium,2100.0,4,20.9,North America,55,2,0.5343,0,1155.0,0.18264840182648404,11.0,0
LEAD4850,Website,Healthcare,Small,8600.0,5,15.7,North America,72,0,0.7391,0,6192.0,0.29940119760479045,12.0,0
LEAD4851,Referral,Healthcare,Medium,51100.0,8,7.7,North America,65,2,0.9221,1,33215.0,0.9195402298850576,7.222222222222222,0
LEAD4852,Email,Manufacturing,Medium,48300.0,8,10.1,North America,83,1,0.8436,1,40089.0,0.7207207207207208,9.222222222222221,0
LEAD4853,LinkedIn,Tech,Medium,16600.0,5,0.4,North America,31,1,0.8684,1,5146.0,3.5714285714285716,5.166666666666667,0
LEAD4854,Website,Healthcare,Small,18100.0,7,29.3,Europe,40,0,0.1988,0,7240.0,0.23102310231023102,5.0,0
LEAD4855,Cold Call,Education,Small,10100.0,6,9.9,North America,47,0,0.1295,1,4747.0,0.5504587155963303,6.714285714285714,0
LEAD4856,Website,Finance,Large,7600.0,5,4.7,Asia-Pacific,85,1,0.8751,1,6460.0,0.8771929824561403,14.166666666666666,0
LEAD4857,Website,Tech,Medium,35800.0,2,4.3,North America,61,0,0.5144,1,21838.0,0.37735849056603776,20.333333333333332,0
LEAD4858,Referral,Healthcare,Medium,4200.0,7,13.0,Asia-Pacific,27,0,0.5653,0,1134.0,0.5,3.375,0
LEAD4859,LinkedIn,Finance,Medium,15400.0,5,10.6,Middle East,77,0,0.6725,1,11858.0,0.4310344827586207,12.833333333333334,0
LEAD4860,LinkedIn,Tech,Medium,22100.0,5,2.6,Asia-Pacific,57,1,0.7632,0,12597.0,1.3888888888888888,9.5,0
LEAD4861,Cold Call,Education,Small,4200.0,7,6.4,Asia-Pacific,73,1,0.3418,1,3066.0,0.9459459459459459,9.125,0
LEAD4862,LinkedIn,Healthcare,Medium,16700.0,4,13.6,Middle East,87,3,0.8712,1,14529.0,0.273972602739726,17.4,0
LEAD4863,Website,Manufacturing,Small,19200.0,3,4.3,North America,35,0,0.2077,0,6720.0,0.5660377358490566,8.75,0
LEAD4864,Website,Education,Medium,29100.0,5,8.6,Middle East,87,0,0.8186,1,25317.0,0.5208333333333334,14.5,0
LEAD4865,Website,Retail,Medium,7400.0,9,3.6,Asia-Pacific,54,1,0.9101,1,3996.0,1.956521739130435,5.4,0
LEAD4866,Cold Call,Tech,Small,8900.0,8,1.0,Asia-Pacific,47,0,0.5728,0,4183.0,4.0,5.222222222222222,0
LEAD4867,Email,Finance,Medium,18900.0,8,6.0,North America,58,1,0.8315,1,10962.0,1.1428571428571428,6.444444444444445,0
LEAD4868,Website,Tech,Small,83600.0,4,15.9,Europe,31,0,0.5718,0,25916.0,0.2366863905325444,6.2,0
LEAD4869,Email,Manufacturing,Small,6900.0,1,3.0,Asia-Pacific,55,1,0.2435,0,3795.0,0.25,27.5,0
LEAD4870,LinkedIn,Tech,Small,87200.0,6,17.0,Europe,50,1,0.7526,1,43600.0,0.3333333333333333,7.142857142857143,0
LEAD4871,Email,Tech,Small,27100.0,7,13.4,Asia-Pacific,36,1,0.4271,0,9756.0,0.4861111111111111,4.5,0
LEAD4872,Website,Healthcare,Small,37000.0,6,8.6,North America,42,0,0.5172,0,15540.0,0.625,6.0,0
LEAD4873,Website,Tech,Small,3900.0,8,42.8,North America,78,1,0.8115,1,3042.0,0.18264840182648404,8.666666666666666,0
LEAD4874,Website,Tech,Medium,9100.0,7,25.9,Europe,51,2,0.4513,0,4641.0,0.26022304832713755,6.375,0
LEAD4875,Website,Healthcare,Medium,3200.0,7,10.0,North America,35,0,0.3705,0,1120.0,0.6363636363636364,4.375,0
LEAD4876,Cold Call,Tech,Medium,11300.0,10,9.9,North America,64,1,0.503,1,7232.0,0.9174311926605504,5.818181818181818,0
LEAD4877,Cold Call,Tech,Small,81600.0,8,4.0,North America,70,0,0.855,1,57120.0,1.6,7.777777777777778,0
LEAD4878,Cold Call,Finance,Large,4200.0,8,30.4,North America,55,1,0.228,0,2310.0,0.25477707006369427,6.111111111111111,0
LEAD4879,Email,Retail,Medium,18500.0,3,27.3,Europe,30,0,0.0266,0,5550.0,0.10600706713780919,7.5,0
LEAD4880,LinkedIn,Healthcare,Small,2100.0,7,16.4,North America,4,1,0.0718,0,84.0,0.40229885057471265,0.5,0
LEAD4881,Website,Finance,Medium,26900.0,8,1.7,Middle East,37,0,0.7,1,9953.0,2.962962962962963,4.111111111111111,0
LEAD4882,Email,Healthcare,Small,6400.0,5,14.7,Asia-Pacific,76,1,0.6117,1,4864.0,0.3184713375796179,12.666666666666666,0
LEAD4883,LinkedIn,Finance,Medium,4800.0,11,3.6,Asia-Pacific,74,3,0.9311,1,3552.0,2.3913043478260874,6.166666666666667,0
LEAD4884,Website,Manufacturing,Small,10200.0,8,2.6,North America,39,1,0.6451,0,3978.0,2.2222222222222223,4.333333333333333,0
LEAD4885,Website,Tech,Small,31500.0,5,17.2,Europe,50,2,0.5614,1,15750.0,0.27472527472527475,8.333333333333334,0
LEAD4886,LinkedIn,Retail,Large,4300.0,10,38.6,Europe,69,1,0.7111,1,2967.0,0.25252525252525254,6.2727272727272725,0
LEAD4887,Website,Education,Small,7200.0,10,1.5,Middle East,52,0,0.7245,0,3744.0,4.0,4.7272727272727275,0
LEAD4888,Cold Call,Education,Small,2200.0,4,2.2,Asia-Pacific,74,0,0.3567,0,1628.0,1.25,14.8,0
LEAD4889,Website,Tech,Large,71100.0,5,3.1,Europe,53,0,0.8831,1,37683.0,1.2195121951219514,8.833333333333334,0
LEAD4890,Cold Call,Tech,Large,19900.0,8,39.6,South America,65,1,0.4818,1,12935.0,0.19704433497536944,7.222222222222222,0
LEAD4891,Website,Retail,Medium,27500.0,6,14.4,North America,49,1,0.5839,1,13475.0,0.38961038961038963,7.0,0
LEAD4892,Website,Tech,Small,23100.0,8,13.7,North America,39,0,0.5841,1,9009.0,0.54421768707483,4.333333333333333,0
LEAD4893,Cold Call,Education,Small,5100.0,8,8.5,Asia-Pacific,78,1,0.4566,1,3978.0,0.8421052631578947,8.666666666666666,0
LEAD4894,Website,Retail,Medium,20100.0,3,9.4,North America,25,0,0.189,0,5025.0,0.28846153846153844,6.25,0
LEAD4895,Email,Retail,Small,4800.0,4,4.2,North America,43,0,0.3333,0,2064.0,0.7692307692307692,8.6,0
LEAD4896,Website,Tech,Small,12300.0,3,2.1,Asia-Pacific,53,0,0.4194,1,6519.0,0.9677419354838709,13.25,0
LEAD4897,Website,Retail,Medium,18800.0,5,18.3,North America,72,1,0.8321,0,13536.0,0.25906735751295334,12.0,0
LEAD4898,Website,Retail,Small,18400.0,2,7.7,Europe,37,3,0.2762,0,6808.0,0.2298850574712644,12.333333333333334,0
LEAD4899,Website,Education,Small,4500.0,4,3.6,South America,58,0,0.5953,1,2610.0,0.8695652173913044,11.6,0
LEAD4900,LinkedIn,Tech,Small,2700.0,5,12.1,North America,27,1,0.2999,0,729.0,0.3816793893129771,4.5,0
LEAD4901,Website,Tech,Small,34000.0,4,2.9,North America,64,1,0.8528,1,21760.0,1.0256410256410258,12.8,0
LEAD4902,Email,Finance,Small,27900.0,9,8.2,North America,91,0,0.8254,1,25389.0,0.9782608695652175,9.1,0
LEAD4903,Website,Tech,Small,3700.0,3,2.6,North America,16,2,0.2013,0,592.0,0.8333333333333333,4.0,0
LEAD4904,Website,Healthcare,Small,4700.0,7,17.2,North America,40,0,0.2622,1,1880.0,0.38461538461538464,5.0,0
LEAD4905,LinkedIn,Manufacturing,Medium,46600.0,8,4.7,North America,72,2,0.7116,1,33552.0,1.4035087719298245,8.0,0
LEAD4906,Website,Finance,Medium,31300.0,6,7.1,Europe,100,0,0.9112,1,31300.0,0.7407407407407408,14.285714285714286,0
LEAD4907,Referral,Education,Small,113200.0,4,17.0,North America,67,1,0.8383,1,75844.0,0.2222222222222222,13.4,0
LEAD4908,Website,Tech,Medium,7900.0,10,13.0,Asia-Pacific,40,1,0.7872,1,3160.0,0.7142857142857143,3.6363636363636362,0
LEAD4909,Cold Call,Tech,Small,15400.0,9,6.2,South America,52,0,0.3118,0,8008.0,1.25,5.2,0
LEAD4910,Email,Tech,Small,7400.0,7,1.0,Asia-Pacific,30,0,0.4802,0,2220.0,3.5,3.75,0
LEAD4911,LinkedIn,Finance,Small,21500.0,4,30.7,Europe,71,0,0.4275,1,15265.0,0.12618296529968454,14.2,0
LEAD4912,Email,Manufacturing,Medium,4500.0,1,0.2,North America,76,0,0.5506,0,3420.0,0.8333333333333334,38.0,1
LEAD4913,Email,Tech,Medium,4700.0,11,16.0,Asia-Pacific,83,1,0.7744,0,3901.0,0.6470588235294118,6.916666666666667,0
LEAD4914,Website,Healthcare,Medium,3500.0,5,35.0,North America,48,2,0.2574,0,1680.0,0.1388888888888889,8.0,0
LEAD4915,Website,Finance,Small,25700.0,3,4.5,North America,39,0,0.2443,0,10023.0,0.5454545454545454,9.75,0
LEAD4916,LinkedIn,Manufacturing,Small,15600.0,5,1.0,Asia-Pacific,85,0,0.9034,1,13260.0,2.5,14.166666666666666,1
LEAD4917,Website,Tech,Medium,21200.0,9,3.5,North America,83,0,0.9688,1,17596.0,2.0,8.3,0
LEAD4918,Email,Tech,Small,44300.0,2,4.6,North America,35,0,0.145,0,15505.0,0.35714285714285715,11.666666666666666,0
LEAD4919,LinkedIn,Tech,Medium,29000.0,4,7.3,South America,47,2,0.6443,1,13630.0,0.48192771084337344,9.4,0
LEAD4920,Website,Finance,Medium,14400.0,6,9.0,South America,71,0,0.5453,1,10224.0,0.6,10.142857142857142,0
LEAD4921,Referral,Tech,Medium,85200.0,4,15.6,North America,50,0,0.9169,1,42600.0,0.24096385542168672,10.0,0
LEAD4922,Cold Call,Education,Large,14200.0,4,27.8,North America,56,0,0.1405,0,7952.0,0.1388888888888889,11.2,0
LEAD4923,Email,Healthcare,Large,4400.0,5,7.6,Europe,26,0,0.0936,0,1144.0,0.5813953488372093,4.333333333333333,0
LEAD4924,LinkedIn,Healthcare,Medium,100300.0,3,16.6,Asia-Pacific,33,0,0.2213,0,33099.0,0.17045454545454544,8.25,0
LEAD4925,Website,Healthcare,Medium,2500.0,4,1.7,North America,53,0,0.5706,0,1325.0,1.4814814814814814,10.6,0
LEAD4926,Website,Tech,Small,18000.0,8,4.9,Europe,41,0,0.421,1,7380.0,1.3559322033898304,4.555555555555555,0
LEAD4927,Email,Finance,Large,9400.0,6,1.6,Middle East,32,1,0.5521,1,3008.0,2.3076923076923075,4.571428571428571,0
LEAD4928,Website,Manufacturing,Small,16000.0,6,14.2,North America,49,1,0.4372,1,7840.0,0.39473684210526316,7.0,0
LEAD4929,Cold Call,Education,Small,18400.0,6,28.7,South America,37,1,0.0885,0,6808.0,0.20202020202020202,5.285714285714286,0
LEAD4930,LinkedIn,Education,Small,7500.0,9,26.5,Middle East,56,0,0.2705,1,4200.0,0.32727272727272727,5.6,0
LEAD4931,Email,Education,Small,18300.0,9,4.8,North America,75,0,0.6118,0,13725.0,1.5517241379310345,7.5,0
LEAD4932,Website,Tech,Medium,30200.0,5,3.3,Asia-Pacific,49,0,0.7903,1,14798.0,1.1627906976744187,8.166666666666666,0
LEAD4933,Referral,Tech,Medium,8200.0,12,3.9,North America,46,0,0.8946,1,3772.0,2.4489795918367343,3.5384615384615383,0
LEAD4934,Email,Tech,Small,11700.0,4,4.2,Asia-Pacific,76,0,0.6186,1,8892.0,0.7692307692307692,15.2,0
LEAD4935,Email,Finance,Small,8200.0,8,1.1,Asia-Pacific,70,2,0.8099,1,5740.0,3.8095238095238093,7.777777777777778,0
LEAD4936,Email,Tech,Large,36400.0,8,1.8,North America,71,0,0.9374,1,25844.0,2.857142857142857,7.888888888888889,0
LEAD4937,LinkedIn,Finance,Medium,27800.0,6,3.0,Asia-Pacific,5,0,0.3492,0,1390.0,1.5,0.7142857142857143,0
LEAD4938,Email,Retail,Medium,43000.0,4,0.2,Asia-Pacific,46,1,0.6687,1,19780.0,3.3333333333333335,9.2,0
LEAD4939,LinkedIn,Education,Small,5700.0,10,0.7,North America,44,1,0.5701,1,2508.0,5.882352941176471,4.0,0
LEAD4940,LinkedIn,Retail,Medium,3500.0,7,14.5,North America,38,1,0.2891,0,1330.0,0.45161290322580644,4.75,0
LEAD4941,Website,Manufacturing,Small,4500.0,6,11.7,North America,76,0,0.6712,1,3420.0,0.4724409448818898,10.857142857142858,0
LEAD4942,Email,Tech,Small,5500.0,6,35.0,Europe,44,1,0.1334,0,2420.0,0.16666666666666666,6.285714285714286,0
LEAD4943,LinkedIn,Tech,Small,17200.0,9,6.3,Middle East,27,1,0.3431,0,4644.0,1.2328767123287672,2.7,0
LEAD4944,Email,Retail,Small,72700.0,4,7.2,Asia-Pacific,60,0,0.3016,0,43620.0,0.48780487804878053,12.0,0
LEAD4945,LinkedIn,Tech,Small,10800.0,7,0.9,Europe,55,2,0.8702,1,5940.0,3.68421052631579,6.875,0
LEAD4946,Referral,Tech,Large,65600.0,6,2.1,Europe,37,1,0.9259,1,24272.0,1.9354838709677418,5.285714285714286,0
LEAD4947,Cold Call,Finance,Small,2800.0,6,14.2,North America,75,1,0.4861,1,2100.0,0.39473684210526316,10.714285714285714,0
LEAD4948,Cold Call,Tech,Small,54300.0,7,3.3,North America,66,1,0.5598,0,35838.0,1.627906976744186,8.25,0
LEAD4949,LinkedIn,Healthcare,Small,6000.0,8,17.9,Europe,66,2,0.5199,1,3960.0,0.4232804232804233,7.333333333333333,0
LEAD4950,LinkedIn,Finance,Small,50700.0,6,14.8,Europe,65,1,0.6169,0,32955.0,0.37974683544303794,9.285714285714286,0
LEAD4951,Email,Healthcare,Medium,3200.0,5,16.6,Europe,77,2,0.5364,1,2464.0,0.28409090909090906,12.833333333333334,0
LEAD4952,Website,Retail,Small,61200.0,5,14.2,Middle East,52,0,0.3552,1,31824.0,0.32894736842105265,8.666666666666666,0
LEAD4953,Email,Finance,Medium,6500.0,6,14.9,Europe,30,2,0.391,1,1950.0,0.3773584905660377,4.285714285714286,0
LEAD4954,Cold Call,Tech,Small,9200.0,1,9.6,Europe,51,1,0.0984,0,4692.0,0.09433962264150944,25.5,0
LEAD4955,Email,Tech,Medium,15500.0,8,13.7,North America,22,1,0.379,1,3410.0,0.54421768707483,2.4444444444444446,0
LEAD4956,Cold Call,Finance,Medium,11600.0,6,9.1,Middle East,34,0,0.2062,0,3944.0,0.594059405940594,4.857142857142857,0
LEAD4957,Email,Retail,Large,24000.0,4,2.9,Asia-Pacific,87,0,0.809,0,20880.0,1.0256410256410258,17.4,0
LEAD4958,Cold Call,Retail,Medium,75600.0,1,3.0,South America,33,2,0.1851,0,24948.0,0.25,16.5,0
LEAD4959,Website,Retail,Medium,20600.0,13,6.3,Europe,32,0,0.2936,0,6592.0,1.7808219178082192,2.2857142857142856,0
LEAD4960,Cold Call,Tech,Small,27600.0,7,0.3,Europe,68,1,0.7465,0,18768.0,5.384615384615384,8.5,0
LEAD4961,Email,Healthcare,Medium,3800.0,2,26.5,Europe,72,3,0.3458,0,2736.0,0.07272727272727272,24.0,0
LEAD4962,Website,Healthcare,Medium,21800.0,6,3.8,North America,22,0,0.3258,0,4796.0,1.25,3.142857142857143,0
LEAD4963,Website,Finance,Large,14100.0,4,0.7,Asia-Pacific,60,0,0.9207,1,8460.0,2.3529411764705883,12.0,0
LEAD4964,Cold Call,Healthcare,Small,45400.0,5,6.7,South America,44,0,0.1815,0,19976.0,0.6493506493506493,7.333333333333333,0
LEAD4965,Email,Finance,Small,11800.0,6,20.4,North America,62,0,0.3833,1,7316.0,0.28037383177570097,8.857142857142858,0
LEAD4966,Website,Healthcare,Medium,24800.0,5,6.2,North America,49,1,0.5119,0,12152.0,0.6944444444444444,8.166666666666666,0
LEAD4967,Referral,Retail,Small,7200.0,5,3.8,Asia-Pacific,28,0,0.5846,1,2016.0,1.0416666666666667,4.666666666666667,0
LEAD4968,Cold Call,Tech,Small,8000.0,8,9.5,North America,45,1,0.3216,1,3600.0,0.7619047619047619,5.0,0
LEAD4969,Referral,Retail,Small,11400.0,7,10.4,Europe,68,3,0.813,1,7752.0,0.6140350877192983,8.5,0
LEAD4970,Email,Tech,Medium,9200.0,8,17.2,Asia-Pacific,94,0,0.798,1,8648.0,0.43956043956043955,10.444444444444445,0
LEAD4971,Email,Tech,Large,7900.0,6,19.4,North America,63,2,0.7488,1,4977.0,0.29411764705882354,9.0,0
LEAD4972,LinkedIn,Manufacturing,Small,3000.0,5,14.8,Asia-Pacific,47,0,0.4071,0,1410.0,0.3164556962025316,7.833333333333333,0
LEAD4973,Email,Manufacturing,Small,38200.0,6,0.2,Europe,31,0,0.5305,0,11842.0,5.0,4.428571428571429,0
LEAD4974,Cold Call,Tech,Small,3300.0,4,0.1,South America,52,0,0.5799,1,1716.0,3.6363636363636362,10.4,0
LEAD4975,Website,Finance,Small,45700.0,8,45.6,Asia-Pacific,47,0,0.3477,0,21479.0,0.17167381974248927,5.222222222222222,0
LEAD4976,Email,Tech,Medium,4700.0,7,3.8,South America,61,1,0.5847,0,2867.0,1.4583333333333335,7.625,0
LEAD4977,Website,Finance,Medium,3300.0,4,4.1,North America,54,1,0.662,1,1782.0,0.7843137254901962,10.8,0
LEAD4978,Website,Education,Small,18600.0,6,15.9,North America,65,1,0.5613,1,12090.0,0.3550295857988166,9.285714285714286,0
LEAD4979,Website,Manufacturing,Medium,16000.0,8,10.6,North America,48,0,0.6934,1,7680.0,0.6896551724137931,5.333333333333333,0
LEAD4980,Website,Healthcare,Medium,15500.0,6,7.6,Europe,89,1,0.8375,0,13795.0,0.6976744186046512,12.714285714285714,0
LEAD4981,Referral,Finance,Small,19100.0,8,1.6,South America,67,0,0.8937,1,12797.0,3.0769230769230766,7.444444444444445,0
LEAD4982,Website,Healthcare,Small,8800.0,6,1.1,Europe,41,1,0.6031,0,3608.0,2.857142857142857,5.857142857142857,0
LEAD4983,Cold Call,Finance,Large,23800.0,5,14.7,Asia-Pacific,75,0,0.562,1,17850.0,0.3184713375796179,12.5,0
LEAD4984,LinkedIn,Manufacturing,Small,16000.0,3,1.7,North America,32,0,0.2202,0,5120.0,1.111111111111111,8.0,0
LEAD4985,Email,Education,Medium,10200.0,5,7.0,North America,38,1,0.2591,0,3876.0,0.625,6.333333333333333,0
LEAD4986,Website,Healthcare,Small,37000.0,7,16.1,South America,39,2,0.2778,0,14430.0,0.4093567251461988,4.875,0
LEAD4987,Cold Call,Finance,Medium,28000.0,6,30.9,Europe,82,1,0.8072,1,22960.0,0.18808777429467086,11.714285714285714,0
LEAD4988,Cold Call,Tech,Medium,12000.0,7,24.9,Asia-Pacific,51,1,0.1989,0,6120.0,0.2702702702702703,6.375,0
LEAD4989,Cold Call,Tech,Medium,39600.0,6,24.0,North America,42,2,0.608,1,16632.0,0.24,6.0,0
LEAD4990,LinkedIn,Education,Large,52600.0,5,5.4,Middle East,58,1,0.6619,1,30508.0,0.78125,9.666666666666666,0
LEAD4991,Referral,Finance,Large,17400.0,3,31.5,Europe,66,1,0.5578,0,11484.0,0.09230769230769231,16.5,0
LEAD4992,Email,Finance,Medium,6800.0,5,13.9,Asia-Pacific,87,1,0.7668,1,5916.0,0.33557046979865773,14.5,0
LEAD4993,Website,Finance,Small,51500.0,6,26.2,North America,25,2,0.3208,0,12875.0,0.22058823529411764,3.5714285714285716,0
LEAD4994,Cold Call,Education,Small,6200.0,8,1.2,Europe,80,1,0.6826,1,4960.0,3.6363636363636362,8.88888888888889,1
LEAD4995,Website,Tech,Medium,3000.0,6,0.6,South America,14,2,0.5767,1,420.0,3.75,2.0,0
LEAD4996,LinkedIn,Education,Medium,9900.0,5,6.8,South America,73,0,0.6012,1,7227.0,0.6410256410256411,12.166666666666666,0
LEAD4997,Website,Education,Small,28000.0,7,21.2,North America,78,2,0.7459,1,21840.0,0.3153153153153153,9.75,0
LEAD4998,Website,Manufacturing,Small,53400.0,7,6.4,North America,79,0,0.7318,1,42186.0,0.9459459459459459,9.875,0
LEAD4999,LinkedIn,Finance,Medium,22300.0,4,26.0,Europe,66,1,0.7187,1,14718.0,0.14814814814814814,13.2,0
LEAD5000,Email,Tech,Small,62700.0,5,3.3,North America,34,1,0.6013,0,21318.0,1.1627906976744187,5.666666666666667,0
